PG47405	Fiction	split	"Short Sixes": Stories to be Read While the Candle Burns	Bunner, H. C. (Henry Cuyler), 1855-1896; Griffin, S. B. [Illustrator]; Opper, Frederick Burr, 1857-1937 [Illustrator]; Taylor, Charles Jay, 1855-1929 [Illustrator]
PG43100	Fiction	split	"Tex"	Mulford, Clarence Edward, 1883-1956
PG23933	Fiction	split	'Twas the Night Before Christmas	Moore, Clement Clarke, 1779-1863
PG9356	Fiction	split	'Twixt Land and Sea	Conrad, Joseph, 1857-1924
PG6538	Science Fiction	failed	20,000 Leagues under the Sea	Verne, Jules, 1828-1905
PG47379	Fiction	split	A Bold Stroke for a Husband: A Comedy in Five Acts	Cowley, Hannah, 1743-1809; Inchbald, Mrs., 1753-1821 [Commentator]
PG47150	Fiction	split	A Book of Burlesque: Sketches of English Stage Travestie and Parody	Adams, William Davenport, 1851-1904
PG10190	Fiction	split	A Bunch of Nonsense: Vaudeville Specialty	Hill, Murry K., 1865-1942
PG9012	Fiction	split	A Burlesque Autobiography	Twain, Mark, 1835-1910
PG45749	Fiction	split	A Change of Air	Hope, Anthony, 1863-1933
PG9416	Fiction	split	A Changed Man and Other Tales	Hardy, Thomas, 1840-1928
PG46756	Fiction	split	A Chronicle History of the Life and Work of William Shakespeare Player, Poet, and Playmaker	Fleay, Frederick Gard, 1831-1909
PG47282	Fiction	split	A Country Sweetheart	Russell, Dora, 1830-1905
PG47246	Fiction	split	A Deal with the Devil	Phillpotts, Eden, 1862-1960
PG45628	Fiction	split	A Desperate Game: A Comic Drama in One Act	Morton, John Maddison, 1811-1891
PG28908	Poetry	split	A Dream within a Dream	Poe, Edgar Allan, 1809-1849
PG45871	Fiction	split	A Fleet in Being: Notes of Two Trips With The Channel Squadron	Kipling, Rudyard, 1865-1936; Wilkinson, Norman, 1882-1934 [Illustrator]
PG9683	Historical Fiction	split	A Journal of the Plague Year	Defoe, Daniel, 1661?-1731
PG8983	Science Fiction	split	A Journey to the Interior of the Earth	Verne, Jules, 1828-1905
PG47624	Fiction	split	A Lady of Rome	Crawford, F. Marion (Francis Marion), 1854-1909
PG9422	Fiction	split	A Laodicean	Hardy, Thomas, 1840-1928
PG47997	Fiction	split	A Life for a Life, Volume 1 (of 3)	Craik, Dinah Maria Mulock, 1826-1887
PG46044	Fiction	split	A Little Change: A Farce in One Scene	Grundy, Sydney, 1848-1914
PG45960	Fiction	split	A Naval Venture: The War Story of an Armoured Cruiser	Jeans, T. T. (Thomas Tendron); Gillett, Frank, 1874-1927 [Illustrator]
PG47195	Fiction	split	A Nest of Linnets	Moore, Frank Frankfort, 1855-1931; Jellicoe, John, 1842-1914 [Illustrator]
PG46001	Fiction	split	A Parody on Iolanthe	Dalziel, D. (Davison), 1852-1928; McVickar, H. W. (Harry Whitney), 1860-1905 [Illustrator]
PG48246	Fiction	split	A Parody on Princess Ida	Dalziel, D. (Davison), 1852-1928
PG46138	Fiction	split	A Rough Diamond: A Comic Drama in One Act	Buckstone, John Baldwin, 1802-1879
PG47528	Fiction	split	A Satire Anthology	Wells, Carolyn, 1862-1942 [Compiler]
PG45880	Mystery	split	A Secret Inheritance  (Volume 1 of 3)	Farjeon, B. L. (Benjamin Leopold), 1833-1903
PG45881	Mystery	split	A Secret Inheritance  (Volume 2 of 3)	Farjeon, B. L. (Benjamin Leopold), 1833-1903
PG45882	Mystery	split	A Secret Inheritance (Volume 3 of 3)	Farjeon, B. L. (Benjamin Leopold), 1833-1903
PG47170	Fiction	split	A Select Collection of Old English Plays, Volume 03	Hazlitt, William Carew, 1834-1913 [Editor]
PG45794	Fiction	split	A Select Collection of Old English Plays, Volume 05	Dodsley, Robert, 1703-1764 [Editor]; Hazlitt, William Carew, 1834-1913 [Editor]
PG46412	Fiction	split	A Select Collection of Old English Plays, Volume 10	Hazlitt, William Carew, 1834-1913 [Editor]
PG46791	Fiction	split	A Select Collection of Old English Plays, Volume 12	Dodsley, Robert, 1703-1764; Hazlitt, William Carew, 1834-1913 [Editor]
PG9349	Fiction	split	A Set of Six	Conrad, Joseph, 1857-1924
PG48215	Poetry	split	A Sheaf of Roses	Gordon, Elizabeth, 1866-1922
PG47705	Fiction	split	A Sister of the Red Cross: A Tale of the South African War	Meade, L. T., 1854-1914
PG48297	Adventure	split	A Soldier's Daughter, and Other Stories	Henty, G. A. (George Alfred), 1832-1902; Ewan, Frances [Illustrator]
PG47745	Fiction	split	A Sub and a Submarine: The Story of H.M. Submarine R19 in the Great War	Westerman, Percy F. (Percy Francis), 1876-1959; Hodgson, E. S. (Edward Smith), 1866-1937 [Illustrator]
PG46172	Fiction	split	A Tale of the Tow-Path	Greene, Homer, 1853-1940
PG47826	Fiction	split	A Tender Attachment: A Farce	Baker, George M. (George Melville), 1832-1890
PG48059	Poetry	split	A Vers de Société Anthology	Wells, Carolyn, 1862-1942 [Compiler]
PG46207	Fiction	split	A Vision of Venus; Or, A Midsummer-Night's Nightmare	Pleon, Harry
PG46547	Science Fiction	split	A Voyage to the Moon	Cyrano de Bergerac, 1619-1655; Page, Curtis Hidden, 1870-1946 [Editor]; Lovell, Archibald [Translator]
PG46966	Fiction	split	Adam Hepburn's Vow: A Tale of Kirk and Covenant	Swan, Annie S., 1859-1943
PG48320	Mystery	split	Adventures of Sherlock Holmes Illustrated	Doyle, Arthur Conan, 1859-1930
PG20591	Poetry	split	Aedh Wishes for the Cloths of Heaven	Yeats, W. B. (William Butler), 1865-1939
PG26458	Fiction	split	Age of Innocence	Wharton, Edith, 1862-1937
PG47016	Fiction	split	Ainslee's magazine, Volume 16, No. 2, September, 1905	Various
PG47017	Fiction	split	Ainslee's magazine, Volume 16, No. 3, October, 1905	Various
PG45494	Mystery	split	Airplane Boys in the Black Woods	Craine, E. J. (Edith Janice), 1881-
PG46586	Fiction	split	Alice Wilde: The Raftsman's Daughter. A Forest Romance	Victor, Metta Victoria Fuller, 1831-1885
PG47635	Fiction	split	Alice's blighted profession	Clifford, Helen C.
PG47098	Fiction	split	All Sorts and Conditions of Men: An Impossible Story	Besant, Walter, 1836-1901
PG9691	Fiction	split	All the Year Round	Dickens, Charles, 1812-1870
PG9344	Fiction	split	Almayer's Folly	Conrad, Joseph, 1857-1924
PG12714	Poetry	split	Alone	Poe, Edgar Allan, 1809-1849
PG46505	Fiction	split	Alone	Harland, Marion, 1830-1922
PG9027	Fiction	split	Alonzo Fitz and Other Stories	Twain, Mark, 1835-1910
PG46195	Fiction	split	An Accidental Honeymoon	Barron, Edward, 1874-1962; Gage, George W., 1887-1957 [Illustrator]; Holloway, Edward Stratton, 1859-1939 [Illustrator]
PG45925	Fiction	split	An American Girl in London	Duncan, Sara Jeannette, 1861-1922; Townsend, F. H. (Frederick Henry), 1868-1920 [Illustrator]
PG46645	Fiction	split	An English Garner: Ingatherings from Our History and Literature (4 of 8)	Arber, Edward, 1836-1912 [Editor]
PG47934	Poetry	split	An Old Man's Prayer	Baker, George M. (George Melville), 1832-1890; Billings, Hammatt, 1818-1874 [Illustrator]
PG43678	Fiction	split	Anne of Geierstein; Or, The Maiden of the Mist. Volume 1 (of 2)	Scott, Walter, 1771-1832; Lang, Andrew, 1844-1912 [Annotator]; Los Rios, R. de‏ (Ricardo), 1846-1929 [Illustrator]
PG20266	Poetry	split	Anthem for Doomed Youth	Owen, Wilfred, 1893-1918
PG10281	Fiction	split	Antony's Address over the Body of Caesar  From Julius Caesar	Humphrey, Harry E. (Harry Ervin), 1873-1947 [Performer]; Shakespeare, William, 1564-1616
PG10311	Fiction	split	Around the World on the Phonograph	Edison, Thomas A. (Thomas Alva), 1847-1931
PG48015	Fiction	split	Arrows of the Chace, vol. 2/2  being a collection of scattered letters published chiefly in the daily newspapers 1840-1880	Ruskin, John, 1819-1900
PG9283	Poetry	split	Artemis to Actaeon and Other Verses	Wharton, Edith, 1862-1937
PG45719	Fiction	split	Arundel	Benson, E. F. (Edward Frederic), 1867-1940
PG47618	Fiction	split	At His Gates: A Novel. Vol. 1 (of 3)	Oliphant, Mrs. (Margaret), 1828-1897
PG47619	Fiction	split	At His Gates: A Novel. Vol. 2 (of 3)	Oliphant, Mrs. (Margaret), 1828-1897
PG47620	Fiction	split	At His Gates: A Novel. Vol. 3 (of 3)	Oliphant, Mrs. (Margaret), 1828-1897
PG20267	Fiction	split	At The Bay	Mansfield, Katherine, 1888-1923
PG46623	Fiction	split	At War with Society; or, Tales of the Outcasts	M'Levy, James
PG10558	Fiction	split	Audio: Vanity Fair	Thackeray, William Makepeace, 1811-1863
PG45586	Poetry	split	Auld Lang Syne: Selections from the Papers of the "Pen and Pencil Club"	Various
PG45551	Fiction	split	Aunt Affable's Story of Old Mother Bantry and Her Cat	Anonymous
PG47525	Fiction	split	Aunt Crete's Emancipation	Hill, Grace Livingston, 1865-1947; Atwood, Clara E., 1874-1963 [Illustrator]
PG48020	Fiction	split	Aurora Floyd, Vol. 1  Fifth Edition	Braddon, M. E. (Mary Elizabeth), 1835-1915
PG48021	Fiction	split	Aurora Floyd, Vol. 2  Fifth Edition	Braddon, M. E. (Mary Elizabeth), 1835-1915
PG48022	Fiction	split	Aurora Floyd, Vol. 3  Fifth Edition	Braddon, M. E. (Mary Elizabeth), 1835-1915
PG48228	Fiction	split	Averil	Carey, Rosa Nouchette, 1840-1909
PG47431	Fiction	split	Babylon, Volume 1	Allen, Grant, 1848-1899; Macnab, P. (Peter), -1900 [Illustrator]
PG47432	Fiction	split	Babylon, Volume 2	Allen, Grant, 1848-1899; Macnab, P. (Peter), -1900 [Illustrator]
PG47433	Fiction	split	Babylon, Volume 3	Allen, Grant, 1848-1899; Macnab, P. (Peter), -1900 [Illustrator]
PG48095	Fiction	split	Back o' the Moon, and other stories	Onions, Oliver, 1873-1961
PG10193	Fiction	split	Backyard Conversation Between Mrs. Reilly and Mrs. Finnegan	Jones, Ada, 1873-1922 [Performer]; Porter, Steve, 1864-1936 [Performer]
PG45736	Poetry	split	Ballades and Rondeaus, Chants Royal, Sestinas, Villanelles, etc.	White, Gleeson, 1851-1898 [Editor]
PG47225	Poetry	split	Ballads and Poems of Tragic Life	Meredith, George, 1828-1909
PG45822	Fiction	split	Balsamo, the magician; or, the memoirs of a physician	Dumas, Alexandre, 1802-1870; Maquet, Auguste, 1813-1888; Williams, Henry Llewellyn, 1842- [Translator]
PG9732	Mystery	split	Barnaby Rudge	Dickens, Charles, 1812-1870
PG47290	Fiction	split	Barney Blake, the Boy Privateer; or, The Cruise of the Queer Fish	Johnstone, Herrick
PG47696	Fiction	split	Barry Blake of the Flying Fortress	Du Bois, Gaylord, 1899-1993; White, J. R. (Illustrator) [Illustrator]
PG46405	Fiction	split	Basil Everman	Singmaster, Elsie, 1879-1958
PG45492	Mystery	split	Bats in the Wall; or, The Mystery of Trinity Church-yard	Raymond, P. T.
PG46650	Fiction	split	Bayou Folk	Chopin, Kate, 1850-1904
PG45780	Fiction	split	Beaumont and Fletcher's Works, Vol. 05 of 10	Beaumont, Francis, 1584-1616; Fletcher, John, 1579-1625; Waller, A. R. (Alfred Rayney), 1867-1922 [Editor]
PG45781	Fiction	split	Beaumont and Fletcher's Works, Vol. 06 of 10	Beaumont, Francis, 1584-1616; Fletcher, John, 1579-1625; Waller, A. R. (Alfred Rayney), 1867-1922 [Editor]
PG47156	Fiction	split	Beaumont and Fletcher's Works, Vol. 07 of 10	Beaumont, Francis, 1584-1616; Fletcher, John, 1579-1625; Waller, A. R. (Alfred Rayney), 1867-1922 [Editor]
PG47240	Fiction	split	Beaumont and Fletcher's Works, Vol. 09 of 10	Beaumont, Francis, 1584-1616; Fletcher, John, 1579-1625; Waller, A. R. (Alfred Rayney), 1867-1922 [Editor]
PG46123	Fiction	split	Belle Powers' Locket	Mathews, Joanna H. (Joanna Hooe), 1849-1901
PG48277	Fiction	split	Ben Stone at Oakdale	Scott, Morgan
PG8810	Historical Fiction	split	Ben-Hur: A tale of the Christ	Wallace, Lew, 1827-1905
PG48147	Fiction	split	Bennie Ben Cree: Being the Story of His Adventure to Southward in the Year '62	Colton, Arthur, 1868-1943 [Adapter]
PG46762	Fiction	split	Bessie and Her Friends	Mathews, Joanna H. (Joanna Hooe), 1849-1901
PG45577	Fiction	split	Betty's Happy Year	Wells, Carolyn, 1862-1942; Birch, Reginald B. (Reginald Bathurst), 1856-1943 [Illustrator]
PG47128	Adventure	split	Billy Topsail, M.D.: A Tale of Adventure With Doctor Luke of the Labrador	Duncan, Norman, 1871-1916
PG46691	Poetry	split	Biography for Beginners Being a Collection of Miscellaneous Examples for the Use of Upper Forms	Bentley, E. C. (Edmund Clerihew), 1875-1956 [Editor]; Chesterton, G. K. (Gilbert Keith), 1874-1936 [Illustrator]
PG47293	Fiction	split	Bird Children: The Little Playmates of the Flower Children	Gordon, Elizabeth, 1866-1922; Ross, M. T. [Illustrator]
PG47426	Fiction	split	Blood Royal: A Novel	Allen, Grant, 1848-1899
PG48124	Mystery	split	Bob Dexter and the Storm Mountain Mystery; or, The Secret of the Log Cabin	Baker, Willard F.
PG47553	Fiction	split	Bobby Blake on a Plantation; Or, Lost in the Great Swamp	Warner, Frank A.; Rogers, Walter S. (Walter Stanton), 1870-1937 [Illustrator]
PG45990	Fiction	split	Bobby Blake on the School Nine; Or, The Champions of the Monatook Lake League	Warner, Frank A.; Owen, Robert Emmett, 1878-1957 [Illustrator]
PG47348	Fiction	split	Boscobel; or, the royal oak: A tale of the year 1651	Ainsworth, William Harrison, 1805-1882
PG46909	Fiction	split	Bouvard and Pécuchet: A Tragi-comic Novel of Bourgeois Life, part 2	Flaubert, Gustave, 1821-1880
PG46477	Fiction	split	Boy Scouts on the Open Plains; Or, The Round-Up Not Ordered	Ralphson, G. Harvey (George Harvey), 1879-1940
PG12704	Fiction	split	Briar Rose	Grimm, Jacob, 1785-1863; Grimm, Wilhelm, 1786-1859
PG47047	Fiction	split	Brothers: The True History of a Fight Against Odds	Vachell, Horace Annesley, 1861-1955
PG47930	Fiction	split	Brought Forward	Cunninghame Graham, R. B. (Robert Bontine), 1852-1936
PG45926	Adventure	split	Bulldog Carney	Fraser, William Alexander, 1859-1933
PG45721	Fiction	split	By order of the company	Johnston, Mary, 1870-1936
PG46600	Fiction	split	By the World Forgot: A Double Romance of the East and West	Brady, Cyrus Townsend, 1861-1920; Underwood, Clarence F., 1871-1929 [Illustrator]
PG47738	Historical Fiction	split	Captain Ravenshaw; Or, The Maid of Cheapside. A Romance of Elizabethan London	Stephens, Robert Neilson, 1867-1906; Pyle, Howard, 1853-1911 [Illustrator]
PG47462	Poetry	split	Castara  The Third Edition of 1640; Edited and Collated with the Earlier Ones of 1634, 1635	Habington, William, 1605-1654; Arber, Edward, 1836-1912 [Editor]
PG9526	Fiction	split	Catherine: a Story	Thackeray, William Makepeace, 1811-1863
PG46592	Fiction	split	Center Rush Rowland	Barbour, Ralph Henry, 1870-1944; Caswell, Edward C., 1879-1963 [Illustrator]
PG46240	Fiction	split	Chains: A Play, in Four Acts	Baker, Elizabeth, 1876-1962
PG46548	Fiction	split	Children of the Dear Cotswolds	Harker, L. Allen (Lizzie Allen), 1863-1933
PG12709	Fiction	split	Clever Gretel	Grimm, Jacob, 1785-1863; Grimm, Wilhelm, 1786-1859
PG46793	Fiction	split	Clown, the Circus Dog	Vimar, A. (Auguste), 1851-1916; Hills, Nora Kathleen, 1877- [Translator]
PG46582	Fiction	split	Clutterbuck's Treasure	Whishaw, Frederick, 1854-1934
PG47803	Poetry	split	Coal and Candlelight, and Other Verses	Eden, Helen Parry, 1885-1960
PG46120	Fiction	split	Comic Arithmetic	Leigh, Percival, 1813-1889; Crowquill, Alfred, 1804-1872 [Illustrator]
PG45452	Fiction	split	Connie Carl at Rainbow Ranch	Clark, Joan, 1905-2002
PG46198	Fiction	split	Conquest; Or, A Piece of Jade; a New Play in Three Acts	Stopes, Marie Carmichael, 1880-1958
PG47633	Adventure	split	Copper Coleson's Ghost	Hendrick, Edward P.; Cue, Harold James, 1887-1961 [Illustrator]
PG47084	Fiction	split	Cradock Nowell: A Tale of the New Forest. Vol. 1 (of 3)	Blackmore, R. D. (Richard Doddridge), 1825-1900
PG47085	Fiction	split	Cradock Nowell: A Tale of the New Forest. Vol. 2 (of 3)	Blackmore, R. D. (Richard Doddridge), 1825-1900
PG47086	Fiction	split	Cradock Nowell: A Tale of the New Forest. Vol. 3 (of 3)	Blackmore, R. D. (Richard Doddridge), 1825-1900
PG45819	Fiction	split	Cressy & Poictiers	Edgar, John G. (John George), 1834-1864; Rhys, Ernest, 1859-1946 [Editor]
PG9739	Fiction	split	Cricket on the Hearth	Dickens, Charles, 1812-1870
PG47354	Poetry	split	Cricket Songs	Gale, Norman, 1862-1942
PG45477	Fiction	split	Curly Locks	Anonymous
PG48068	Fiction	split	Cursed	England, George Allan, 1877-1936; Stein, Modest, 1871-1958 [Illustrator]
PG45512	Fiction	split	Dangerous Connections, v. 1, 2, 3, 4  A Series of Letters, selected from the Correspondence of a Private Circle; and Published for the Instruction of Society.	Laclos, Choderlos de, 1741-1803; Moore, Thomas, 1779-1852 [Translator]
PG45546	Fiction	split	Dangerous deeds	Cobb, Frank
PG12715	Poetry	split	Danny Deever	Kipling, Rudyard, 1865-1936
PG45491	Fiction	split	Daring Wings	Dean, Graham M., 1904-1974
PG47825	Fiction	split	Darkness and Dawn; Or, Scenes in the Days of Nero. An Historic Tale	Farrar, F. W. (Frederic William), 1831-1903
PG48265	Fiction	split	Daughters of the Dominion: A Story of the Canadian Frontier	Marchant, Bessie, 1862-1941; Rainey, W. (William), 1852-1936 [Illustrator]
PG48315	Fiction	split	David Blaize	Benson, E. F. (Edward Frederic), 1867-1940
PG9744	Fiction	split	David Copperfield	Dickens, Charles, 1812-1870
PG2291	Fiction	failed	David Elginbrod	MacDonald, George, 1824-1905
PG48143	Fiction	split	David: A Tragedy	Rice, Cale Young, 1872-1943
PG45964	Fiction	split	Day and Night Stories	Blackwood, Algernon, 1869-1951
PG10158	Fiction	split	Daybreak at Calamity Farm	Girard, Gilbert, 1868?-
PG45618	Fiction	split	Deadwood Dick Jr. Branded; or, Red Rover at Powder Pocket.	Wheeler, Edward L. (Edward Lytton), 1855?-1885
PG12716	Poetry	split	Dedication	Kipling, Rudyard, 1865-1936
PG47597	Fiction	split	Deering of Deal; Or, The Spirit of the School	Griswold, Latta, 1876-1931
PG9418	Fiction	split	Desperate Remedies	Hardy, Thomas, 1840-1928
PG35101	Fiction	split	Diary of a U-Boat Commander	King-Hall, Stephen, Sir, 1893-1966
PG47012	Adventure	split	Dick Darling's Money; or, The Rise of an Office Boy; and Other Stories	Self-made man, 1853-1915; Various
PG48226	Fiction	split	Dick Donnelly of the Paratroops	McClintock, Marshall, 1906-1967; Kirn, Francis [Illustrator]
PG9680	Fiction	split	Dickory Cronke	Defoe, Daniel, 1661?-1731
PG46978	Mystery	split	Dig Here!	Allen, Gladys
PG47003	Fiction	split	Dimbie and I—and Amelia	Barnes-Grundy, Mabel, 1869-1952
PG46871	Fiction	split	Dixie Martin, the Girl of Woodford's Cañon	North, Grace May, 1876-1960; Warren, Elisabeth B. [Illustrator]
PG45554	Fiction	split	Doctor Birch and His Young Friends	Thackeray, William Makepeace, 1811-1863
PG21441	Poetry	split	Don Juan: Canto I	Byron, George Gordon Byron, Baron, 1788-1824
PG28842	Fiction	split	Don Quixote, Volume 1	Cervantes Saavedra, Miguel de, 1547-1616; Ormsby, John, 1829-1895 [Translator]
PG45613	Adventure	split	Don Winslow of the Navy	Martinek, Frank V. (Frank Victor), 1895-; Warren, F. (Ferdinand) [Illustrator]
PG28943	Fiction	split	Dorothy Dale - A Girl of Today	Penrose, Margaret
PG46366	Fiction	split	Down the Ice, and Other Winter Sports Stories	Sherman, Harold M. (Harold Morrow), 1898-1987
PG47010	Fiction	split	Dreamy Hollow	Britton, Sumner Charles, 1866-1927
PG6543	Fiction	failed	Droll Stories	Balzac, Honoré de, 1799-1850
PG47905	Fiction	split	Dust: A Novel	Hawthorne, Julian, 1846-1934
PG46039	Fiction	split	Dynamite Stories, and Some Interesting Facts About Explosives	Maxim, Hudson, 1853-1927
PG9293	Fiction	split	Early Short Fiction of Edith Wharton	Wharton, Edith, 1862-1937
PG45907	Fiction	split	Edmund Dulac's Picture-Book for the French Red Cross	Dulac, Edmund, 1882-1953
PG46913	Fiction	split	Egholm and his God	Buchholtz, Johannes, 1882-1940; Worster, W. J. Alexander (William John Alexander), 1882-1929 [Translator]
PG8981	Fiction	split	Eight Hundred Leagues on the Amazon	Verne, Jules, 1828-1905
PG47996	Fiction	split	Eighteenth Century Vignettes	Dobson, Austin, 1840-1921
PG46317	Fiction	split	Ella Clinton; or, By Their Fruits Ye Shall Know Them	Finley, Martha, 1828-1909
PG45804	Fiction	split	Elsie and Her Namesakes	Finley, Martha, 1828-1909
PG45944	Fiction	split	Elsie Yachting with the Raymonds	Finley, Martha, 1828-1909
PG46010	Fiction	split	Elsie's Journey on Inland Waters	Finley, Martha, 1828-1909
PG46540	Fiction	split	Elsie's Winter Trip	Finley, Martha, 1828-1909
PG46188	Fiction	split	Elsie's Young Folks in Peace and War	Finley, Martha, 1828-1909
PG47524	Fiction	split	Elsket and Other Stories	Page, Thomas Nelson, 1853-1922
PG47991	Fiction	split	Erchie, My Droll Friend	Munro, Neil, 1864-1930
PG47022	Fiction	split	Essays on the Greek Romances	Haight, Elizabeth Hazelton, 1872-1964
PG9042	Fiction	split	Extracts from Adam's Diary	Twain, Mark, 1835-1910
PG28781	Fiction	split	Extracts from Adam's Diary	Twain, Mark, 1835-1910
PG48044	Poetry	split	Facts in Jingles	Stoner, Winifred Sackville, 1902-1983
PG47178	Fiction	split	Fairy Tales from Many Lands	Pyle, Katharine, 1863-1938
PG9342	Fiction	split	Falk	Conrad, Joseph, 1857-1924
PG45523	Fiction	split	Famous Authors (Men)	Harkins, E. F. (Edward Francis), 1872-
PG47430	Fiction	split	Fanny Campbell, The Female Pirate Captain: A Tale of The Revolution	Ballou, Maturin M. (Maturin Murray), 1820-1895
PG20028	Fiction	split	Fanny Hill: Memoirs of a Woman of Pleasure	Cleland, John, 1709-1789
PG46170	Fiction	split	Fathers of Men	Hornung, E. W. (Ernest William), 1866-1921
PG47284	Fiction	split	Favorite Nursery Rhymes	Anonymous; Betts, Ethel Franklin, 1877-1959 [Illustrator]
PG26213	Fiction	split	Fenimore Cooper's Literary Offenses	Twain, Mark, 1835-1910
PG47165	Fiction	split	Fighting the Sea; Or, Winter at the Life-Saving Station	Rand, Edward A. (Edward Augustus), 1837-1903 [Adapter]
PG20030	Poetry	split	Fire and Ice	Frost, Robert, 1874-1963
PG20037	Fiction	split	Five Little Peppers and How They Grew	Sidney, Margaret, 1844-1924
PG26461	Science Fiction	split	Five Sci-Fi Short Stories	Piper, H. Beam, 1904-1964
PG8979	Science Fiction	split	Five Weeks in a Balloon	Verne, Jules, 1828-1905
PG46934	Fiction	split	Flower Children: The Little Cousins of the Field and Garden	Gordon, Elizabeth, 1866-1922; Ross, M. T. [Illustrator]
PG46769	Adventure	split	Flower o' the Heather: A Story of the Killing Times	MacKenna, Robert William, 1874-1930
PG46178	Fiction	split	Flower of the Gorse	Tracy, Louis, 1863-1928
PG45680	Mystery	split	Flying the Coast Skyways; Or, Jack Ralston's Swift Patrol	Newcomb, Ambrose
PG47335	Fiction	split	Food for the Mind: Or, A New Riddle-book	John-the-Giant-Killer
PG47372	Fiction	split	For Love of a Bedouin Maid	Voleur
PG47974	Fiction	split	For the Honor of the School: A Story of School Life and Interscholastic Sport	Barbour, Ralph Henry, 1870-1944; Relyea, C. M. (Charles M.), 1863-1932 [Illustrator]
PG46500	Adventure	split	Ford of H.M.S. Vigilant: A Tale of the Chusan Archipelago	Jeans, T. T. (Thomas Tendron); Rainey, W. (William), 1852-1936 [Illustrator]
PG43736	Fiction	split	Fourteenth Century Verse & Prose	Sisam, Kenneth, 1887- [Editor]
PG10191	Fiction	split	Fourth of July at Punkin Center	Stewart, Cal, 1856-1919
PG47966	Fiction	split	Frank Armstrong at College	Colton, Matthew M., 1859-1925; Scott, A. O. (Arthur Orange), 1882?-1946 [Illustrator]
PG20038	Science Fiction	split	Frankenstein; Or, The Modern Prometheus	Shelley, Mary Wollstonecraft, 1797-1851
PG45687	Fiction	split	Friendship and Folly: A Novel	Pool, Maria Louise, 1841-1898; Kennedy, J. W. [Illustrator]
PG8986	Science Fiction	split	From the Earth to the Moon	Verne, Jules, 1828-1905
PG28918	Science Fiction	split	From the Earth to the Moon	Verne, Jules, 1828-1905; King, Eleanor E. [Translator]; Mercier, Lewis Page [Translator]
PG47342	Fiction	split	Gadsby	Wright, Ernest Vincent, 1872-1939
PG26464	Poetry	split	Gawayne and the Green Knight	Lewis, Charlton M. (Charlton Miner), 1866-1923
PG48260	Fiction	split	Geoffrey the Lollard	Eastwood, Frances
PG46858	Poetry	split	George Crabbe: Poems, Volume 1 (of 3)	Crabbe, George, 1754-1832; Ward, Adolphus William, Sir, 1837-1924 [Editor]
PG47055	Poetry	split	Gipsy-Night, and Other Poems	Hughes, Richard, 1900-1976; Bianco, Pamela, 1906-1994 [Illustrator]
PG45659	Fiction	split	Girls New and Old	Meade, L. T., 1854-1914; Williamson, J. [Illustrator]
PG46883	Fiction	split	Goethe and Schiller: An Historical Romance	Mühlbach, L. (Luise), 1814-1873; Coleman, Chapman, Mrs., 1813-1891 [Translator]
PG45870	Adventure	split	Gold, Gold, in Cariboo! A Story of Adventure in British Columbia	Phillipps-Wolley, Clive, 1854-1918; Hindley, Godfrey C. [Illustrator]
PG46503	Fiction	split	Gold-Seeking on the Dalton Trail  Being the Adventures of Two New England Boys in Alaska and the Northwest Territory	Thompson, Arthur R. (Arthur Ripley), 1872-
PG45989	Adventure	split	Grace Harlowe's Overland Riders in the High Sierras	Chase, Josephine, -1931
PG46787	Fiction	split	Grapes of wrath	Cable, Boyd, 1878-1943
PG45682	Fiction	split	Gray youth: The story of a very modern courtship and a very modern marriage	Onions, Oliver, 1873-1961
PG20049	Fiction	split	Great Big Treasury of Beatrix Potter	Potter, Beatrix, 1866-1943
PG45557	Fiction	split	Green Eyes	Snell, Roy J. (Roy Judson), 1878-1959
PG47854	Fiction	split	Greenacre Girls	Forrester, Izola L. (Izola Louise), 1878-1944
PG45919	Fiction	split	Grif: A Story of Australian Life	Farjeon, B. L. (Benjamin Leopold), 1833-1903
PG9272	Fiction	split	Gulliver's Travels	Swift, Jonathan, 1667-1745
PG28946	Fiction	split	Gulliver's Travels	Swift, Jonathan, 1667-1745
PG46460	Fiction	split	Gunboat and Gun-runner: A Tale of the Persian Gulf	Jeans, T. T. (Thomas Tendron); Padday, C. M. (Charles Murray), 1868-1954 [Illustrator]
PG47554	Adventure	split	Gypsies of the Air	Moyer, Bess
PG46814	Fiction	split	Gypsy Flight A Mystery Story for Girls	Snell, Roy J. (Roy Judson), 1878-1959
PG45547	Fiction	split	Hal Kenyon Disappears	Stuart, Gordon (Adventure story writer)
PG46402	Mystery	split	Harry Blount, the Detective; Or, The Martin Mystery Solved	Flanagan, T. J.
PG22454	Adventure	split	Heart of the World	Haggard, H. Rider (Henry Rider), 1856-1925
PG46833	Fiction	split	Hector Graeme	Brentwood, Evelyn
PG46363	Fiction	split	Her Dark Inheritance	Collins, E. Burke, Mrs., 1848-1902
PG47483	Fiction	split	Hesper, the Home-Spirit: A simple story of household labor and love	Doten, Lizzie, 1827-1913
PG48197	Fiction	split	Hester: A Story of Contemporary Life, Volume 1 (of 3)	Oliphant, Mrs. (Margaret), 1828-1897
PG48198	Fiction	split	Hester: A Story of Contemporary Life, Volume 2 (of 3)	Oliphant, Mrs. (Margaret), 1828-1897
PG48199	Fiction	split	Hester: A Story of Contemporary Life, Volume 3 (of 3)	Oliphant, Mrs. (Margaret), 1828-1897
PG47972	Fiction	split	Hildebrand; or, The Days of Queen Elizabeth, An Historic Romance, Vol. 1 of 3	Anonymous
PG48018	Fiction	split	Hildebrand; or, The Days of Queen Elizabeth, An Historic Romance, Vol. 2 of 3	Anonymous
PG48019	Fiction	split	Hildebrand; or, The Days of Queen Elizabeth, An Historic Romance, Vol. 3 of 3	Anonymous
PG46760	Poetry	split	Hints to servants	Jones, John, 1774-; Swift, Jonathan, 1667-1745; Meadows, Joseph Kenny, 1790-1874 [Illustrator]
PG45521	Poetry	split	Home Again with Me	Riley, James Whitcomb, 1849-1916; Booth, Franklin, 1874-1948 [Illustrator]; Christy, Howard Chandler, 1873-1952 [Illustrator]
PG45887	Fiction	split	Homes and Haunts of the Most Eminent British Poets, Vol. 2 (of 2)	Howitt, William, 1792-1879; Hewet, Henry W. [Illustrator]
PG45929	Fiction	split	Horae subsecivae. Rab and His Friends, and Other Papers	Brown, John, 1810-1882; McCullough, W. A. (William A.) [Illustrator]; Shepherd, Jessie Curtis, 1842-1907 [Illustrator]
PG9025	Fiction	split	How to Tell a Story and Other Essays	Twain, Mark, 1835-1910
PG9712	Mystery	split	Hunted Down	Dickens, Charles, 1812-1870
PG26466	Fiction	split	Idle Thoughts of an Idle Fellow	Jerome, Jerome K. (Jerome Klapka), 1859-1927
PG23967	Poetry	split	If	Kipling, Rudyard, 1865-1936
PG10280	Poetry	split	In de Mornin' and Jes Gib Him One Ob Mine	Wright, Edward Sterling [Performer]; Dunbar, Paul Laurence, 1872-1906
PG9018	Fiction	split	In Defense of Harriet Shelley	Twain, Mark, 1835-1910
PG23900	Poetry	split	In Flanders Fields	McCrae, John, 1872-1918
PG48336	Fiction	split	In Search of Mademoiselle	Gibbs, George, 1870-1942
PG8985	Fiction	split	In Search of the Castaways	Verne, Jules, 1828-1905
PG46597	Fiction	split	In Search of the Castaways A Romantic Narrative of the Loss of Captain Grant of the Brig Britannia and of the Adventures of His Children and Friends in His Discovery and Rescue	Verne, Jules, 1828-1905
PG47006	Fiction	split	In the Days of Queen Elizabeth	Tappan, Eva March, 1854-1930
PG47992	Fiction	split	In the Misty Seas: A Story of the Sealers of Behring Strait	Bindloss, Harold, 1866-1945
PG46098	Fiction	split	In the Name of Liberty: A Story of the Terror	Johnson, Owen, 1878-1952; Castaigne, J. André, 1861-1929 [Illustrator]
PG46454	Fiction	split	In Vain	Sienkiewicz, Henryk, 1846-1916; Curtin, Jeremiah, 1835-1906 [Translator]
PG47434	Fiction	split	Infatuation	Osbourne, Lloyd, 1868-1947; Anderson, Karl, 1874-1956 [Illustrator]
PG45537	Fiction	split	Interrupted	Pansy, 1841-1930
PG9039	Fiction	split	Is Shakespeare Dead?	Twain, Mark, 1835-1910
PG46967	Fiction	split	Isabella Orsini: A Historical Novel of the Fifteenth Century	Guerrazzi, Francesco Domenico, 1804-1873; Monti, Luigi, 1830-1914 [Translator]
PG46228	Fiction	split	It Never Can Happen Again	De Morgan, William, 1839-1917
PG23717	Poetry	split	Jabberwocky	Carroll, Lewis, 1832-1898
PG46205	Fiction	split	Jack Among the Indians; Or, A Boy's Summer on the Buffalo Plains	Grinnell, George Bird, 1849-1938; Deming, Edwin Willard, 1860-1942 [Illustrator]
PG22451	Fiction	split	Jack and Jill	Alcott, Louisa May, 1832-1888
PG45652	Fiction	split	Jack Ballington, Forester	Moore, John Trotwood, 1858-1929; Gibbs, George, 1870-1942 [Illustrator]
PG46588	Adventure	split	Jack Harkaway in New York; or, The Adventures of the Travelers' Club	Hemyng, Bracebridge, 1841-1901
PG45582	Adventure	split	Jack Ranger's Gun Club; Or, From Schoolroom to Camp and Trail	Young, Clarence; Nuttall, Charles, 1872-1934 [Illustrator]
PG46289	Fiction	split	Jack the Young Canoeman: An Eastern Boy's Voyage in a Chinook Canoe	Grinnell, George Bird, 1849-1938; Deming, Edwin Willard, 1860-1942 [Illustrator]
PG47399	Fiction	split	Jack the Young Cowboy: An Eastern Boy's Experiance on a Western Round-up	Grinnell, George Bird, 1849-1938
PG45690	Fiction	split	Jack the Young Trapper: An Eastern Boy's Fur Hunting in the Rocky Mountains	Grinnell, George Bird, 1849-1938; Stone, Walter King, 1875-1949 [Illustrator]
PG45720	Fiction	split	Jack, the Young Ranchman: A Boy's Adventures in the Rockies	Grinnell, George Bird, 1849-1938; Deming, Edwin Willard, 1860-1942 [Illustrator]
PG48311	Fiction	split	James Russell Lowell and His Friends	Hale, Edward Everett, 1822-1909
PG23077	Fiction	split	Jane Eyre	Brontë, Charlotte, 1816-1855
PG47563	Fiction	split	Jim: The Story of a Backwoods Police Dog	Roberts, Charles G. D., Sir, 1860-1943
PG47646	Fiction	split	Joan of the Journal	Olds, Helen Diehl, 1895-1981; Beebe, Robb, 1891-1966 [Illustrator]
PG47391	Fiction	split	John Brown: Confessions of a New Army Cadet	Campbell, R. W.
PG47166	Fiction	split	John Dough and the Cherub	Baum, L. Frank (Lyman Frank), 1856-1919; Neill, John R. (John Rea), 1877-1943 [Illustrator]
PG47428	Fiction	split	Johnny Nut and the Golden Goose	Deulin, Charles, 1822-1877; Lynen, Amédée, 1852-1938 [Illustrator]; Lang, Andrew, 1844-1912 [Translator]
PG46313	Fiction	split	Jones of the 64th: A Tale of the Battles of Assaye and Laswaree	Brereton, F. S. (Frederick Sadleir), 1872-1957; Rainey, W. (William), 1852-1936 [Illustrator]
PG9421	Fiction	split	Jude the Obscure	Hardy, Thomas, 1840-1928
PG46699	Fiction	split	Judge Elbridge	Read, Opie Percival, 1852-1939
PG26223	Fiction	split	Just so stories	Kipling, Rudyard, 1865-1936
PG47695	Fiction	split	Kaffir, Kangaroo, Klondike: Tales of the Gold Fields	Leavitt, Thad. W. H. (Thaddeus William Henry), 1844?-1909
PG48325	Fiction	split	Karl Krinken, His Christmas Stocking	Warner, Susan, 1819-1885; Warner, Anna Bartlett, 1824-1915
PG47338	Fiction	split	Kate Vernon: A Tale. Vol. 1 (of 3)	Alexander, Mrs., 1825-1902
PG45974	Fiction	split	Ken Ward in the Jungle	Grey, Zane, 1872-1939
PG12705	Fiction	split	King Grisly-Beard	Grimm, Jacob, 1785-1863; Grimm, Wilhelm, 1786-1859
PG47775	Fiction	split	Kitty Carter, Canteen Girl	Radford, Ruby Lorraine, 1891-1971; Vallely, Henry E. [Illustrator]
PG45802	Fiction	split	Knock Three Times!	Webb, Marion St. John, 1888-1930; Tarrant, Margaret, 1888-1959 [Illustrator]
PG47030	Fiction	split	Kophetua the Thirteenth	Corbett, Julian Stafford, 1854-1922
PG45648	Fiction	split	Lady Penelope	Roberts, Morley, 1857-1942; Brown, Arthur William, 1881-1966 [Illustrator]
PG47685	Fiction	split	Lancaster's Choice	Miller, Alex. McVeigh, Mrs., 1850-1937
PG9424	Poetry	split	Late Lyrics and Earlier	Hardy, Thomas, 1840-1928
PG46458	Fiction	split	Laughing Last	Abbott, Jane, 1881-1968; Pauli, E. Corinne [Illustrator]
PG48207	Poetry	split	Lays and Legends of the English Lake Country With Copious Notes	White, John Pagen, -1868
PG47283	Fiction	split	Lazy Matilda, and Other Tales	Pyle, Katharine, 1863-1938
PG46853	Fiction	split	Le Morte Darthur Sir Thomas Malory's Book of King Arthur and his Noble Knights of the Round Table	Malory, Thomas, Sir, -1471; Caxton, William, 1422?-1492? [Editor]; Strachey, Edward, Sir, 1812-1901 [Editor]
PG47226	Fiction	split	Left Half Harmon	Barbour, Ralph Henry, 1870-1944; Crump, Leslie, 1894-1962 [Illustrator]
PG46755	Fiction	split	Life in a German Crack Regiment	Baudissin, Wolf Ernst Hugo Emil, Graf von, 1867-1926
PG26248	Poetry	split	Life: Poem XXI  A Book	Dickinson, Emily, 1830-1886
PG47527	Fiction	split	Lillian Morris, and Other Stories	Sienkiewicz, Henryk, 1846-1916; Garrett, Edmund H. (Edmund Henry), 1853-1929 [Illustrator]; Curtin, Jeremiah, 1835-1906 [Translator]
PG45457	Adventure	split	Linda Carlton's Island Adventure	Lavell, Edith
PG48296	Fiction	split	Linnet: A Romance	Allen, Grant, 1848-1899
PG9715	Fiction	split	Little Dorrit	Dickens, Charles, 1812-1870
PG45536	Fiction	split	Little Fishers: and Their Nets	Pansy, 1841-1930
PG22787	Fiction	split	Little Men	Alcott, Louisa May, 1832-1888
PG46958	Fiction	split	Little Nobody	Miller, Alex. McVeigh, Mrs., 1850-1937
PG45666	Fiction	split	Little Peter: A Christmas Morality for Children of any Age	Malet, Lucas, 1852-1931; Hardy, Paul, 1862-1942 [Illustrator]
PG45610	Fiction	split	Little Pilgrimages Among the Men Who Have Written Famous Books	Harkins, E. F. (Edward Francis), 1872-
PG26297	Fiction	split	Little Women	Alcott, Louisa May, 1832-1888
PG45495	Fiction	split	Lochinvar: A Novel	Crockett, S. R. (Samuel Rutherford), 1860-1914; Thulstrup, Thure de, 1848-1930 [Illustrator]
PG45792	Fiction	split	London's Heart: A Novel	Farjeon, B. L. (Benjamin Leopold), 1833-1903
PG45598	Fiction	split	Love and the Ironmonger	Randall, F. J. (Frederick John), 1872-
PG8963	Fiction	split	Maggie, a Girl of the Streets	Crane, Stephen, 1871-1900
PG46160	Fiction	split	Malaeska: The Indian Wife of the White Hunter	Stephens, Ann S. (Ann Sophia), 1810-1886
PG26580	Poetry	split	Many Voices	Nesbit, E. (Edith), 1858-1924
PG46269	Fiction	split	Mark Tidd in Business	Kelland, Clarence Budington, 1881-1964; Clarke, William Wallace [Illustrator]
PG46420	Fiction	split	Married Life: A Comedy, in Three Acts	Buckstone, John Baldwin, 1802-1879
PG9699	Adventure	split	Martin Chuzzlewit	Dickens, Charles, 1812-1870
PG46298	Fiction	split	Mary Broome: A Comedy, in Four Acts	Monkhouse, Allan, 1858-1936
PG10137	Fiction	split	Mary Had a Little Lamb  Recording taken from Movietone Production news film	Edison, Thomas A. (Thomas Alva), 1847-1931
PG47643	Fiction	split	Mary Lamb	Gilchrist, Anne (Anne Burrows), 1828-1885
PG46358	Fiction	split	Max Fargus	Johnson, Owen, 1878-1952
PG47595	Fiction	split	Memorials of the Life of Amelia Opie Selected and Arranged from her Letters, Diaries, and other Manuscripts	Opie, Amelia, 1769-1853; Brightwell, C. L. (Cecilia Lucy), 1811-1875 [Editor]
PG47331	Fiction	split	Michael and His Lost Angel: A Play in Five Acts	Jones, Henry Arthur, 1851-1929; Knight, Joseph, 1845- [Author of introduction, etc.]
PG8987	Historical Fiction	split	Michael Strogoff	Verne, Jules, 1828-1905
PG45651	Fiction	split	Mildred and Elsie	Finley, Martha, 1828-1909
PG45963	Fiction	split	Mildred at Home: With Something About Her Relatives and Friends.  A sequel to Mildred's married life.	Finley, Martha, 1828-1909
PG46537	Fiction	split	Mildred at Roselands A Sequel to Mildred Keith	Finley, Martha, 1828-1909
PG46404	Fiction	split	Mimi at Sheridan School	Davis, Anne Pence, 1901-1982
PG46856	Poetry	split	Minor Poets of the Caroline Period, Vol. III	Saintsbury, George, 1845-1933 [Editor]; Cleveland, John, 1613-1658 [Contributor]; Flatman, Thomas, 1637-1688 [Contributor]; King, Henry, 1592-1669 [Contributor]; Stanley, Thomas, 1625-1678 [Contributor]; Whiting, Nathaneel, 1617?-1682 [Contributor]
PG45778	Poetry	split	Minstrelsy of the Scottish Border, Volume 3 (of 3)  Consisting of Historical and Romantic Ballads, Collected in the Southern Counties of Scotland; with a Few of Modern Date, Founded Upon Local Tradition	Scott, Walter, 1771-1832
PG47771	Fiction	split	Mirk Abbey, Volume 1 (of 3)	Payn, James, 1830-1898
PG47772	Fiction	split	Mirk Abbey, Volume 2 (of 3)	Payn, James, 1830-1898
PG47773	Fiction	split	Mirk Abbey, Volume 3 (of 3)	Payn, James, 1830-1898
PG48056	Fiction	split	Miscellaneous Pieces, in Prose	Aikin, John, 1747-1822; Barbauld, Mrs. (Anna Letitia), 1743-1825
PG9685	Adventure	split	Moll Flanders	Defoe, Daniel, 1661?-1731
PG9426	Poetry	split	Moments of Vision	Hardy, Thomas, 1840-1928
PG48254	Fiction	split	Moni the Goat Boy, and Other Stories	Spyri, Johanna, 1827-1901; Kunz, Edith F. [Translator]
PG47485	Fiction	split	Moral Tales	Guizot, Madame (Elisabeth Charlotte Pauline), 1773-1827; Burke, L., Mrs. [Translator]
PG47252	Fiction	split	Mother Earth's Children: The Frolics of the Fruits and Vegetables	Gordon, Elizabeth, 1866-1922; Ross, M. T. [Illustrator]
PG46988	Fiction	split	Mother West Wind "When" Stories	Burgess, Thornton W. (Thornton Waldo), 1874-1965; Cady, Harrison, 1877-1970 [Illustrator]
PG46220	Fiction	split	Mothwise	Hamsun, Knut, 1859-1952; Worster, W. J. Alexander (William John Alexander), 1882-1929 [Translator]
PG47071	Adventure	split	Motor Matt's "Century" Run; or, The Governor's Courier	Matthews, Stanley R.
PG47901	Adventure	split	Motor Matt's Air Ship; or, The Rival Inventors	Matthews, Stanley R.
PG47625	Adventure	split	Motor Matt's Clue; or, The Phantom Auto	Matthews, Stanley R.
PG48252	Adventure	split	Motor Matt's Daring Rescue; or, The Strange Case of Helen Brady	Matthews, Stanley R.
PG46257	Adventure	split	Motor Matt's Daring; or, True to His Friends  Motor Stories Thrilling Adventure Motor Fiction No. 2, March 6, 1909	Matthews, Stanley R.
PG47975	Adventure	split	Motor Matt's Hard Luck; or, The Balloon-House Plot	Matthews, Stanley R.
PG47179	Adventure	split	Motor Matt's Mystery; or, Foiling a Secret Plot	Matthews, Stanley R.
PG47087	Adventure	split	Motor Matt's Race; or, The Last Flight of the Comet	Matthews, Stanley R.
PG47491	Adventure	split	Motor Matt's Red Flyer; or, On the High Gear  Motor Stories Thrilling Adventure Motor Fiction No. 6, April 3, 1909	Matthews, Stanley R.
PG47788	Adventure	split	Motor Matt's Triumph; or, Three Speeds Forward	Matthews, Stanley R.
PG46075	Adventure	split	Motor Matt; or, The King of the Wheel Motor Stories Thrilling Adventure Motor Fiction No 1.	Matthews, Stanley R.
PG47061	Fiction	split	Mr. Incoul's Misadventure	Saltus, Edgar, 1855-1921
PG46441	Adventure	split	Mr. Midshipman Glover, R.N.: A Tale of the Royal Navy of To-day	Jeans, T. T. (Thomas Tendron); Hodgson, E. S. (Edward Smith), 1866-1937 [Illustrator]
PG45685	Fiction	split	Mr. Poskitt's Nightcaps: Stories of a Yorkshire Farmer	Fletcher, J. S. (Joseph Smith), 1863-1935
PG47792	Fiction	split	Mr. Punch's Dramatic Sequels	Hankin, St. John, 1869-1909; Wheeler, Edward J., 1848?-1933 [Illustrator]
PG47470	Fiction	split	Mrs. Craddock	Maugham, W. Somerset (William Somerset), 1874-1965
PG47378	Fiction	split	Mrs. Darrell	Davis, Foxcroft, 1860-1916; Potts, William Sherman, 1876-1930 [Illustrator]
PG23078	Mystery	split	Murder at Bridge	Austin, Anne, 1895-1975
PG46284	Fiction	split	My Austrian Love The History of the Adventures of an English Composer in Vienna. Written in the Trenches by Himself	Provost, Maxime
PG45684	Fiction	split	My Mamie Rose: The Story of My Regeneration	Kildare, Owen, 1864-1911
PG22450	Fiction	split	My Mark Twain	Howells, William Dean, 1837-1920
PG43893	Fiction	split	My Miscellanies, Vol. 1 (of 2)	Collins, Wilkie, 1824-1889
PG47874	Fiction	split	My Wife and I; Or, Harry Henderson's History	Stowe, Harriet Beecher, 1811-1896
PG45663	Fiction	split	Nan of the Gypsies	North, Grace May, 1876-1960
PG45497	Mystery	split	Nancy Brandon	Garis, Lilian, 1873-1954; Gooch, Thelma, 1895-1973 [Illustrator]
PG47307	Fiction	split	Nancy Dale, Army Nurse	Radford, Ruby Lorraine, 1891-1971; Vallely, Henry E. [Illustrator]
PG48087	Fiction	split	Nancy Pembroke in Nova Scotia	Van Epps, Margaret T.
PG46730	Fiction	split	Naval Occasions, and Some Traits of the Sailor-man	Bartimeus, 1886-1967
PG46956	Fiction	split	Ned, the son of Webb: What he did.	Stoddard, William O., 1835-1925; Searles, Victor A. [Illustrator]
PG45751	Fiction	split	Nellie's Housekeeping Little Sunbeams Series	Mathews, Joanna H. (Joanna Hooe), 1849-1901
PG47571	Fiction	split	Neæra: A Tale of Ancient Rome	Graham, John W. (John William), active 1886-1887
PG13080	Poetry	split	Night of Warehouses: New and Selected Poems 1998-2000	Oliver, Stephen, 1950-
PG46226	Fiction	split	Niobe, All Smiles: A Farcical Comedy in Three Acts	Paulton, Harry, 1842-1917; Ordonneau, Maurice, 1854-1916; Paulton, Edward A. (Edward Antonio), 1866-1939
PG9345	Fiction	split	Nostromo	Conrad, Joseph, 1857-1924
PG9346	Fiction	split	Notes on Life and Letters	Conrad, Joseph, 1857-1924
PG47609	Fiction	split	Nursery Comedies: Twelve Tiny Plays for Children	Bell, Florence Eveleen Eleanore Olliffe, Lady, 1851-1930
PG47697	Fiction	split	Odette's Marriage  A Novel, from the French of Albert Delpit, Translated from the "Revue des Deux Mondes," by Emily Prescott	Delpit, Albert, 1849-1893; Prescott, Emily [Translator]
PG8984	Science Fiction	split	Off on a Comet	Verne, Jules, 1828-1905
PG48034	Mystery	split	Old Broadbrim Into the Heart of Australia or, A Strange Bargain and Its Consequences	Rathborne, St. George, 1854-1938
PG47492	Fiction	split	Old Fort Garland	Forrest, James T. (James Taylor), 1921-; Slack, Rosamund; Rossi, Paul A., 1929- [Illustrator]
PG48271	Fiction	split	Old People and the Things That Pass	Couperus, Louis, 1863-1923; Teixeira de Mattos, Alexander, 1865-1921 [Translator]
PG48290	Fiction	split	Old Wonder-Eyes, and Other Stories for Children	Lippincott, L. K. (Leander K.); Greenwood, Grace, 1823-1904
PG9727	Fiction	split	Oliver Twist	Dickens, Charles, 1812-1870
PG47529	Fiction	split	Oliver Twist, Vol. 1 (of 3)	Dickens, Charles, 1812-1870; Cruikshank, George, 1792-1878 [Illustrator]
PG47530	Fiction	split	Oliver Twist, Vol. 2 (of 3)	Dickens, Charles, 1812-1870; Cruikshank, George, 1792-1878 [Illustrator]
PG47531	Fiction	split	Oliver Twist, Vol. 3 (of 3)	Dickens, Charles, 1812-1870; Cruikshank, George, 1792-1878 [Illustrator]
PG46675	Fiction	split	Oliver Twist; or, The Parish Boy's Progress. Illustrated	Dickens, Charles, 1812-1870; Cruikshank, George, 1792-1878 [Illustrator]
PG48146	Adventure	split	On Adventure Island	Moyer, Bess
PG45914	Fiction	split	On Foreign Service; Or, The Santa Cruz Revolution	Jeans, T. T. (Thomas Tendron); Rainey, W. (William), 1852-1936 [Illustrator]
PG26588	Poetry	split	Ophelia	De la Mare, Walter, 1873-1956
PG45750	Fiction	split	Our Little Brazilian Cousin	Nixon-Roulet, Mary F., -1930; Meserac, Louis de [Illustrator]
PG46484	Fiction	split	Our Little Eskimo Cousin	Wade, Mary Hazelton Blanchard, 1860-1936; Bridgman, L. J. (Lewis Jesse), 1857-1931 [Illustrator]
PG45995	Fiction	split	Our Little Porto Rican Cousin	Wade, Mary Hazelton Blanchard, 1860-1936; Bridgman, L. J. (Lewis Jesse), 1857-1931 [Illustrator]
PG46056	Fiction	split	Our Little Quebec Cousin	Saxe, Mary S. (Mary Sollace), 1868-1942; Meister, Charles E. [Illustrator]
PG46007	Fiction	split	Our Young Aeroplane Scouts in Russia; or, Lost on the Frozen Steppes	Porter, Horace, 1863-
PG45573	Fiction	split	Out with Garibaldi: A story of the liberation of Italy	Henty, G. A. (George Alfred), 1832-1902; Rainey, W. (William), 1852-1936 [Illustrator]
PG47144	Poetry	split	Over the Brazier	Graves, Robert, 1895-1985
PG46348	Fiction	split	Over There with the Canadians at Vimy Ridge	Ralphson, G. Harvey (George Harvey), 1879-1940
PG23075	Fiction	split	Ozma of Oz	Baum, L. Frank (Lyman Frank), 1856-1919
PG46125	Fiction	split	Pablo de Segovia, the Spanish Sharper	Quevedo, Francisco de, 1580-1645; Pennell, Joseph, 1857-1926 [Commentator]; Watts, Henry Edward, 1826-1904 [Editor]; Vierge, Daniel, 1851-1904 [Illustrator]
PG47141	Fiction	split	Painted Veils	Huneker, James, 1857-1921
PG45556	Fiction	split	Pappina, the Little Wanderer: A Story of Southern Italy	Davis, Katherine Wallace, -1934
PG45859	Adventure	split	Patrañas; or, Spanish Stories, Legendary and Traditional	Busk, Rachel Harriette, 1831-1907; Corbould, Edward Henry, 1815-1905 [Illustrator]
PG22947	Fiction	split	Peace On Earth, Good-Will To Dogs	Abbott, Eleanor Hallowell, 1872-1958
PG45908	Fiction	split	Peggy Raymond's Way; Or, Blossom Time at Friendly Terrace	Smith, Harriet L. (Harriet Lummis), 1866-1947; Merrill, Frank T., 1848-1923 [Illustrator]
PG47558	Fiction	split	Pen Pictures, of Eventful Scenes and Struggles of Life	Craig, B. F. (Benjamin Franklin), 1814-1889
PG9729	Fiction	split	Perils of Certain English Prisoners	Dickens, Charles, 1812-1870
PG47832	Fiction	split	Perpetua. A Tale of Nimes in A.D. 213	Baring-Gould, S. (Sabine), 1834-1924
PG46128	Adventure	split	Perseverance Island; Or, The Robinson Crusoe of the Nineteenth Century	Frazar, Douglas, 1836-1896; Merrill, Frank T., 1848-1923 [Illustrator]
PG9001	Fiction	split	Personal Recollections of Joan of Arc — Volume 01	Twain, Mark, 1835-1910
PG9002	Fiction	split	Personal Recollections of Joan of Arc — Volume 02	Twain, Mark, 1835-1910
PG48313	Fiction	split	Phaeton Rogers: A Novel of Boy Life	Johnson, Rossiter, 1840-1931
PG46262	Fiction	split	Pilgrim Sorrow: A Cycle of Tales	Sylva, Carmen, 1843-1916; Zimmern, Helen, 1846-1934 [Translator]
PG47265	Poetry	split	Pixies' Plot	Phillpotts, Eden, 1862-1960
PG45760	Poetry	split	Plays and Lyrics	Rice, Cale Young, 1872-1943
PG46200	Fiction	split	Plowing On Sunday	North, Sterling, 1906-1974
PG21436	Fiction	split	Poems Every Child Should Know	Burt, Mary E. (Mary Elizabeth), 1850-1918 [Editor]
PG47476	Poetry	split	Poems of American History	Stevenson, Burton Egbert, 1872-1962 [Editor]
PG22447	Poetry	split	Poems of Gerard Manley Hopkins	Hopkins, Gerard Manley, 1844-1889
PG21155	Poetry	split	Poet To His Love	Bodenheim, Maxwell, 1893-1954
PG48190	Fiction	split	Poganuc People: Their Loves and Lives	Stowe, Harriet Beecher, 1811-1896
PG47925	Fiction	split	Pomander Walk	Parker, Louis Napoleon, 1852-1944; Williams, J. Scott (John Scott), 1877-1975 [Illustrator]
PG45872	Fiction	split	Pretty Geraldine, the New York Salesgirl; or, Wedded to Her Choice	Miller, Alex. McVeigh, Mrs., 1850-1937
PG45674	Poetry	split	Prison Poetry	McKnight, Hiram Peck
PG46417	Mystery	split	Prisoners in Devil's Bog: A Skippy Dare Mystery Story	Fitzhugh, Percy Keese, 1876-1950; Fogel, Seymour, 1911-1984 [Illustrator]
PG47315	Fiction	split	Private Spud Tamson	Campbell, R. W.
PG47120	Fiction	split	Quarter-Back Bates	Barbour, Ralph Henry, 1870-1944; Rigney, Francis J. (Francis Joseph), 1882-1962 [Illustrator]
PG47842	Poetry	split	Queen Moo's Talisman: The Fall of the Maya Empire	Le Plongeon, Alice D. (Alice Dixon), 1851-1910
PG47221	Fiction	split	Quintus Claudius: A Romance of Imperial Rome. Volume 1	Eckstein, Ernst, 1845-1900; Bell, Clara, 1834-1927 [Translator]
PG47222	Fiction	split	Quintus Claudius: A Romance of Imperial Rome. Volume 2	Eckstein, Ernst, 1845-1900; Bell, Clara, 1834-1927 [Translator]
PG8816	Historical Fiction	split	Quo Vadis, a Narrative of the Time of Nero	Sienkiewicz, Henryk, 1846-1916
PG20689	Fiction	split	Ragged Dick	Alger, Horatio, Jr., 1832-1899
PG45774	Fiction	split	Ralph Denham's Adventures in Burma: A Tale of the Burmese Jungle	Norway, G. (George)
PG12710	Fiction	split	Rapunzel	Grimm, Jacob, 1785-1863; Grimm, Wilhelm, 1786-1859
PG47270	Fiction	split	Rathfelder's Hotel	Bosworth, Annie E.
PG45805	Fiction	split	Recently Recovered "Lost" Tudor Plays with some others	Farmer, John Stephen, 1854-1916 [Editor]
PG46462	Mystery	split	Recollections of a Policeman	Russell, William
PG48219	Fiction	split	Red Belts	Pendexter, Hugh, 1875-1940; Coleman, Ralph P. (Ralph Pallen), 1892-1968 [Illustrator]
PG45511	Fiction	split	Red Caps and Lilies	Adams, Katharine, 1885-1969; Van Everen, Jay, 1875-1947 [Illustrator]
PG45617	Fiction	split	Redskin and Cow-Boy: A Tale of the Western Plains	Henty, G. A. (George Alfred), 1832-1902; Pearse, Alfred, 1855-1933 [Illustrator]
PG46841	Fiction	split	Rejected of Men: A Story of To-day	Pyle, Howard, 1853-1911
PG48213	Fiction	split	Religious Studies, Sketches and Poems	Stowe, Harriet Beecher, 1811-1896
PG45939	Poetry	split	Reliques of Ancient English Poetry, Volume 1 (of 3)  Consisting of Old Heroic Ballads, Songs and Other Pieces of Our Earlier Poets Together With Some Few of Later Date	Percy, Thomas, 1729-1811 [Editor]; Wheatley, Henry B. (Henry Benjamin), 1838-1917 [Editor]
PG45940	Poetry	split	Reliques of Ancient English Poetry, Volume 2 (of 3)  Consisting of Old Heroic Ballads, Songs and Other Pieces of Our Earlier Poets Together With Some Few of Later Date	Percy, Thomas, 1729-1811 [Editor]; Wheatley, Henry B. (Henry Benjamin), 1838-1917 [Editor]
PG45941	Poetry	split	Reliques of Ancient English Poetry, Volume 3 (of 3)  Consisting of Old Heroic Ballads, Songs and Other Pieces of Our Earlier Poets Together With Some Few of Later Date	Percy, Thomas, 1729-1811 [Editor]; Wheatley, Henry B. (Henry Benjamin), 1838-1917 [Editor]
PG9697	Fiction	split	Reprinted Pieces	Dickens, Charles, 1812-1870
PG10187	Fiction	split	Reuben Haskin's ride on the Cyclone Auto	Spencer, Len, 1867-1914
PG46486	Fiction	split	Rhymes and Jingles	Dodge, Mary Mapes, 1830-1905
PG46702	Fiction	split	Rhymes for the Young Folk	Allingham, William, 1824-1889; Allingham, Helen Paterson, 1848-1926 [Illustrator]; Furniss, Harry, 1854-1925 [Illustrator]; Greenaway, Kate, 1846-1901 [Illustrator]; Paterson, Caroline [Illustrator]
PG46945	Fiction	split	Rich Man, Poor Man	Foster, Maximilian, 1872-1943; Gruger, Frederic Rodrigo, 1871-1953 [Illustrator]
PG21369	Fiction	split	Ring o' Roses: A Nursery Rhyme Picture Book	Anonymous
PG46519	Fiction	split	Robert Annys: Poor Priest. A Tale of the Great Uprising	Meyer, Annie Nathan, 1867-1951
PG9687	Adventure	split	Robinson Crusoe	Defoe, Daniel, 1661?-1731
PG21524	Adventure	split	Robinson Crusoe	Defoe, Daniel, 1661?-1731
PG22445	Adventure	split	Robinson Crusoe in Words of One Syllable	Defoe, Daniel, 1661?-1731; Aikin, Lucy, 1781-1864
PG46443	Fiction	split	Rogues and Vagabonds	Sims, George R. (George Robert), 1847-1922
PG45933	Fiction	split	Romances of Old Japan Rendered into English from Japanese Sources	Ozaki, Yei Theodora [Translator]
PG9431	Fiction	split	Romantic Adventures of a Milkmaid	Hardy, Thomas, 1840-1928
PG8619	Fiction	failed	Round the Red Lamp	Doyle, Arthur Conan, 1859-1930
PG12708	Fiction	split	Rumpelstiltskin	Grimm, Jacob, 1785-1863; Grimm, Wilhelm, 1786-1859
PG47923	Fiction	split	Runnymede and Lincoln Fair	Edgar, John G. (John George), 1834-1864; Hughes, L. K. [Author of introduction, etc.]; Rhys, Ernest, 1859-1946 [Editor]
PG46426	Fiction	split	Ruskin Relics	Collingwood, W. G. (William Gershom), 1854-1932; Ruskin, John, 1819-1900 [Illustrator]
PG47394	Fiction	split	Sam	Rath, E. J.; Grefé, Will, 1875-1957 [Illustrator]
PG47875	Fiction	split	Santa Claus' Frolics	Baker, George M. (George Melville), 1832-1890
PG23964	Fiction	split	Sara Crewe: or, What Happened at Miss Minchin's Boarding School	Burnett, Frances Hodgson, 1849-1924
PG47769	Historical Fiction	split	Saragossa: A Story of Spanish Valor	Pérez Galdós, Benito, 1843-1920; Smith, Minna Caroline, 1860-1929 [Translator]
PG9432	Poetry	split	Satires of Circumstance etc.	Hardy, Thomas, 1840-1928
PG10186	Fiction	split	Schultz at the Paris Exposition	Kennedy, Frank
PG45888	Poetry	split	Scott's Lady of the Lake	Scott, Walter, 1771-1832; Bacon, Helen E. (Helen Estelle), 1860-1938 [Editor]
PG8966	Fiction	split	Secret Places of the Heart	Wells, H. G. (Herbert George), 1866-1946
PG46520	Mystery	split	Secret Service; or, Recollections of a City Detective	Forrester, Andrew
PG46821	Fiction	split	Seeing and Hearing	Russell, George William Erskine, 1853-1919
PG45927	Fiction	split	Seets i' Paris  Sammywell Grimes's trip with his old chum Billy Baccus, his opinion o' th' French, and th' French opinion o' th' exhibition he made ov hissen	Hartley, John, 1839-1915
PG47744	Fiction	split	Sekhet	Miller, Irene
PG21156	Fiction	split	Selected Lullabies	Field, Eugene, 1850-1895
PG26575	Fiction	split	Selected Lullabies	Field, Eugene, 1850-1895
PG48306	Poetry	split	Selected Poems	Brooke, Rupert, 1887-1915
PG21184	Poetry	split	Selected Poems by Robert Frost	Frost, Robert, 1874-1963
PG22444	Poetry	split	Selected Poems of Emily Dickinson	Dickinson, Emily, 1830-1886
PG22443	Poetry	split	Selected Poems of John Clare, Volume 1	Clare, John, 1793-1864
PG46292	Fiction	split	Selina: Her Hopeful Efforts and Her Livelier Failures	Martin, George Madden, 1866-1946; Williams, H. D. [Illustrator]
PG47197	Fiction	split	Sevastopol	Tolstoy, Leo, graf, 1828-1910; Hapgood, Isabel Florence, 1850-1928 [Translator]
PG9511	Poetry	split	Several Works by Edgar Allan Poe	Poe, Edgar Allan, 1809-1849
PG45455	Mystery	split	Shadow, the Mysterious Detective	Howard, Police Captain
PG47674	Fiction	split	Shameless Wayne: A Romance of the last Feud of Wayne and Ratcliffe	Sutcliffe, Halliwell, 1870-1932
PG46621	Fiction	split	Sheppard Lee, Written by Himself. Vol. 1 (of 2)	Bird, Robert Montgomery, 1806-1854
PG46622	Fiction	split	Sheppard Lee, Written by Himself. Vol. 2 (of 2)	Bird, Robert Montgomery, 1806-1854
PG48249	Fiction	split	Signing the Contract, and What It Cost	Finley, Martha, 1828-1909
PG47285	Fiction	split	Sindbad the Sailor, & Other Stories from the Arabian Nights	Anonymous; Dulac, Edmund, 1882-1953 [Illustrator]
PG46918	Fiction	split	Single Life: A Comedy, in Three Acts	Buckstone, John Baldwin, 1802-1879
PG48294	Fiction	split	Sir Christopher: A Romance of a Maryland Manor in 1644	Goodwin, Maud Wilder, 1856-1935; Pyle, Howard, 1853-1911 [Illustrator]
PG8629	Historical Fiction	failed	Sir Nigel	Doyle, Arthur Conan, 1859-1930
PG46345	Historical Fiction	split	Sir Quixote of the Moors Being some account of an episode in the life of the Sieur de Rohaine	Buchan, John, 1875-1940
PG47655	Fiction	split	Six Girls and Bob: A Story of Patty-Pans and Green Fields	Taggart, Marion Ames, 1866-1945; Stecher, William F. (William Frederick), 1864-1940 [Illustrator]
PG9733	Fiction	split	Sketches by Boz, illustrative of everyday life and every-day people	Dickens, Charles, 1812-1870
PG21159	Fiction	split	Sky Island	Baum, L. Frank (Lyman Frank), 1856-1919
PG47368	Mystery	split	Some Adventures of Mr. Surelock Keys	Beeman, Herbert, 1868?-1931
PG45732	Fiction	split	Some Persons Unknown	Hornung, E. W. (Ernest William), 1866-1921
PG12718	Poetry	split	Song of Myself Selections	Whitman, Walt, 1819-1892
PG46264	Poetry	split	Songs from the Smoke	Miller, Madeleine S. (Madeleine Sweeny), 1890-1976; Patten, Simon N. (Simon Nelson), 1852-1922 [Author of introduction, etc.]
PG46096	Fiction	split	Sonia Married	McKenna, Stephen, 1888-1967
PG46046	Fiction	split	Sonia: Between Two Worlds	McKenna, Stephen, 1888-1967
PG12719	Poetry	split	Sonnet # 29	Shakespeare, William, 1564-1616
PG12722	Poetry	split	Sonnet #100	Shakespeare, William, 1564-1616
PG12723	Poetry	split	Sonnet #106	Shakespeare, William, 1564-1616
PG12724	Poetry	split	Sonnet #116	Shakespeare, William, 1564-1616
PG12720	Poetry	split	Sonnet #40	Shakespeare, William, 1564-1616
PG12721	Poetry	split	Sonnet #55	Shakespeare, William, 1564-1616
PG24036	Poetry	split	Sonnet 130	Shakespeare, William, 1564-1616
PG23935	Poetry	split	Sonnet 23	Shakespeare, William, 1564-1616
PG21161	Poetry	split	Sonnet 43	Browning, Elizabeth Barrett, 1806-1861
PG23970	Poetry	split	Sonnets	Shakespeare, William, 1564-1616
PG48067	Poetry	split	Sonnets and Canzonets	Alcott, Amos Bronson, 1799-1888
PG46857	Fiction	split	Sons of the Morning	Phillpotts, Eden, 1862-1960
PG46051	Fiction	split	South American Jungle Tales	Quiroga, Horacio, 1878-1937; Ripley, Aiden Lassell, 1896-1969 [Illustrator]; Livingston, Arthur, 1883-1944 [Translator]
PG47721	Fiction	split	Southern Hearts	Winterburn, Florence Hull, 1858-
PG47793	Fiction	split	Sparky Ames of the Ferry Command	Snell, Roy J. (Roy Judson), 1878-1959; Hess, Erwin L., 1913-1999 [Illustrator]
PG46359	Poetry	split	Speculum Amantis  Love Poems, from Rare Songbooks and Miscellanies of the Seventeenth Century	Bullen, A. H. (Arthur Henry), 1857-1920 [Editor]
PG23975	Poetry	split	Spirits in Bondage	Lewis, C. S. (Clive Staples), 1898-1963
PG46431	Fiction	split	St. Bernard's: The Romance of a Medical Student	Berdoe, Edward, 1836-1916
PG45490	Fiction	split	Stand By: The Story of a Boy's Achievement in Radio	McAlister, Hugh
PG46197	Poetry	split	Starved Rock	Masters, Edgar Lee, 1868-1950
PG47097	Fiction	split	Step Lively! A Carload of the Funniest Yarns that Ever Crossed the Footlights	Niblo, George
PG45636	Mystery	split	Stolen Idols	Oppenheim, E. Phillips (Edward Phillips), 1866-1946
PG45520	Fiction	split	Stories about Indians	Anonymous
PG46288	Fiction	split	Stories from Northern Myths	Baker, Emilie K. (Emilie Kip), 1873-1951
PG47139	Fiction	split	Stories from Wagner	McSpadden, J. Walker (Joseph Walker), 1874-1960; Wagner, Richard, 1813-1883
PG46088	Fiction	split	Stories of Exile	Johnson, Rossiter, 1840-1931 [Editor]
PG47764	Fiction	split	Stories of Heroic Deeds for Boys and Girls Historical Series - Book II	Johonnot, James, 1823-1888
PG45489	Fiction	split	Stories of Old Greece and Rome	Baker, Emilie K. (Emilie Kip), 1873-1951
PG46190	Fiction	split	Stories of Robin Hood	Bush, Bertha E. (Bertha Evangeline), 1866-1920
PG46674	Fiction	split	Stover at Yale	Johnson, Owen, 1878-1952; Gruger, Frederic Rodrigo, 1871-1953 [Illustrator]
PG48295	Fiction	split	Strange Stories of the Great River: The Adventures of a Boy Explorer	Grosvenor, Abbie Johnston, 1865-1948; Louderback, Walt, 1887-1941 [Illustrator]
PG48291	Fiction	split	Strange Stories of the Great Valley: The Adventures of a Boy Pioneer	Grosvenor, Abbie Johnston, 1865-1948; Merrill, Frank T., 1848-1923 [Illustrator]
PG9736	Fiction	split	Sunday under Three Heads	Dickens, Charles, 1812-1870
PG47237	Fiction	split	Sybil Chase; or, The Valley Ranche: A Tale of California Life	Stephens, Ann S. (Ann Sophia), 1810-1886
PG46367	Fiction	split	Talbot's Angles	Blanchard, Amy Ella, 1856-1926
PG9289	Fiction	split	Tales of Men and Ghosts	Wharton, Edith, 1862-1937
PG45678	Fiction	split	Tales of the Covenanters	Guthrie, Ellen Emma
PG8768	Adventure	split	Tarzan the Terrible	Burroughs, Edgar Rice, 1875-1950
PG9433	Fiction	split	Tess of the d'Urbervilles: A Pure Woman	Hardy, Thomas, 1840-1928
PG47944	Fiction	split	The Admiral: A Romance of Nelson in the Year of the Nile	Sladen, Douglas Brooke Wheelton, 1856-1947
PG46059	Fiction	split	The Adopting of Rosa Marie  (A Sequel to Dandelion Cottage)	Rankin, Carroll Watson, 1870-; Selss, Miriam [Illustrator]; Shinn, Florence Scovel, 1871-1940 [Illustrator]
PG46950	Fiction	split	The Adventures of Bob White	Burgess, Thornton W. (Thornton Waldo), 1874-1965; Cady, Harrison, 1877-1970 [Illustrator]
PG46951	Fiction	split	The Adventures of Bobby Coon	Burgess, Thornton W. (Thornton Waldo), 1874-1965; Cady, Harrison, 1877-1970 [Illustrator]
PG47582	Fiction	split	The adventures of Captain Mago; or, a Phoenician expedition, B.C. 1000	Cahun, David-Léon, 1841-1900; Philippoteaux, Paul, 1846-1923 [Illustrator]; Frewer, Ellen E. (Ellen Elizabeth), 1848-1940 [Translator]
PG46952	Fiction	split	The Adventures of Old Man Coyote	Burgess, Thornton W. (Thornton Waldo), 1874-1965; Cady, Harrison, 1877-1970 [Illustrator]
PG46866	Fiction	split	The Adventures of Peter Cottontail	Burgess, Thornton W. (Thornton Waldo), 1874-1965; Cady, Harrison, 1877-1970 [Illustrator]
PG9038	Adventure	split	The Adventures of Tom Sawyer	Twain, Mark, 1835-1910
PG26203	Adventure	split	The Adventures of Tom Sawyer	Twain, Mark, 1835-1910
PG48128	Fiction	split	The Affable Stranger	McArthur, Peter, 1866-1924
PG45549	Mystery	split	The Air Mystery of Isle La Motte	Craine, E. J. (Edith Janice), 1881-
PG45689	Fiction	split	The Arrival of Jimpson, and Other Stories for Boys about Boys	Barbour, Ralph Henry, 1870-1944
PG9340	Adventure	split	The Arrow of Gold	Conrad, Joseph, 1857-1924
PG20595	Fiction	split	The Awful German Language	Twain, Mark, 1835-1910
PG47607	Fiction	split	The Ballads and Songs of Yorkshire  Transcribed from Private Manuscripts, Rare Broadsides, and Scarce Publications; with Notes and a Glossary	Ingledew, Christopher James Davison, 1833- [Editor]
PG9270	Fiction	split	The Battle of the Books	Swift, Jonathan, 1667-1745
PG46712	Fiction	split	The Believing Years	Pearson, Edmund Lester, 1880-1937
PG47604	Fiction	split	The Belle's Stratagem	Cowley, Hannah, 1743-1809
PG45528	Fiction	split	The Best Man	MacGrath, Harold, 1871-1932; Grefé, Will, 1875-1957 [Illustrator]
PG45525	Fiction	split	The Betrayal of John Fordham	Farjeon, B. L. (Benjamin Leopold), 1833-1903
PG47523	Fiction	split	The Bishop's Apron: A study in the origins of a great family	Maugham, W. Somerset (William Somerset), 1874-1965
PG46006	Fiction	split	The Black Tortoise: Being the Strange Story of Old Frick's Diamond	Sparre, Christian, 1859-1940; Brækstad, Gertrude Hughes [Translator]
PG46515	Poetry	split	The Blue Poetry Book 7th. Ed.	Lang, Andrew, 1844-1912 [Editor]; Ford, H. J. (Henry Justice), 1860-1941 [Illustrator]; Speed, Lancelot, 1860-1931 [Illustrator]
PG46827	Poetry	split	The book of jade	Barnitz, David Park, 1878-1901
PG46720	Fiction	split	The Border Spy; or, The Beautiful Captive of the Rebel Camp  A Story of the War	Hazelton, Harry
PG45982	Fiction	split	The Boy Allies in the Baltic; Or, Through Fields of Ice to Aid the Czar	Hayes, Clair W. (Clair Wallace), 1887-
PG46045	Fiction	split	The Boy Allies on the North Sea Patrol  Or, Striking the First Blow at the German Fleet	Hayes, Clair W. (Clair Wallace), 1887-
PG46085	Fiction	split	The Boy Allies with Pershing in France; Or, Over the Top at Chateau Thierry	Hayes, Clair W. (Clair Wallace), 1887-
PG46054	Fiction	split	The Boy Allies with the Terror of the Seas; Or, The Last Shot of Submarine D-16	Hayes, Clair W. (Clair Wallace), 1887-
PG45991	Fiction	split	The Boy Aviators on Secret Service; Or, Working with Wireless	Goldfrap, John Henry, 1879-1917
PG45727	Fiction	split	The Boy Aviators with the Air Raiders: A Story of the Great World War	Goldfrap, John Henry, 1879-1917; Wrenn, Charles L. (Charles Lewis), 1880-1952 [Illustrator]
PG47358	Fiction	split	The Boy Scouts Afoot in France; or, With the Red Cross Corps at the Marne	Carter, Herbert, active 1909-1917
PG45667	Fiction	split	The Boy Scouts Along the Susquehanna; or, The Silver Fox Patrol Caught in a Flood	Carter, Herbert, active 1909-1917
PG47037	Fiction	split	The Boy Scouts at the Battle of Saratoga: The Story of General Burgoyne's Defeat	Carter, Herbert, active 1909-1917; Davis, J. Watson, 1870-1959 [Illustrator]
PG48251	Fiction	split	The Boy Scouts Down in Dixie; or, The Strange Secret of Alligator Swamp	Carter, Herbert, active 1909-1917
PG45740	Fiction	split	The Boy Scouts of Lakeville High	Quirk, Leslie W., 1882-; Kirkpatrick, William Arber-Brown, 1880- [Illustrator]
PG48164	Fiction	split	The Boy Scouts of the Life Saving Crew	Shaler, Robert
PG46968	Fiction	split	The Boy Scouts on War Trails in Belgium; Or, Caught Between Hostile Armies	Carter, Herbert, active 1909-1917
PG47817	Fiction	split	The Brand: A Tale of the Flathead Reservation	Broderick, Therese, 1870-1958
PG45755	Fiction	split	The Burning Secret	Zweig, Stefan, 1881-1942
PG47912	Poetry	split	The Burning Wheel	Huxley, Aldous, 1894-1963
PG43703	Fiction	split	The Business of Life	Chambers, Robert W. (Robert William), 1865-1933; Gibson, Charles Dana, 1867-1944 [Illustrator]
PG45657	Adventure	split	The Camp Fire Girls Amid the Snows	Vandercook, Margaret, 1876-1958
PG46744	Fiction	split	The Camp of Refuge: A Tale of the Conquest of the Isle of Ely	MacFarlane, Charles, 1799-1858; Miller, Samuel Henry, 1840-1918 [Editor]
PG22349	Mystery	split	The Camp of the Dog	Blackwood, Algernon, 1869-1951
PG23722	Poetry	split	The Canterbury Tales	Chaucer, Geoffrey, 1343?-1400
PG46386	Fiction	split	The Castaways of Pete's Patch  (A Sequel to The Adopting of Rosa Marie)	Rankin, Carroll Watson, 1870-; Selss, Miriam [Illustrator]; Williamson, Ada Clendenin, 1880-1958 [Illustrator]
PG45734	Fiction	split	The Chaplain of the Fleet	Besant, Walter, 1836-1901; Rice, James, 1843-1882
PG48080	Fiction	split	The Chariot of the Flesh	Peek, Hedley, 1858-1904
PG48167	Fiction	split	The Children of the Valley	Spofford, Harriet Elizabeth Prescott, 1835-1921
PG9523	Fiction	split	The Christmas Books of Mr. M.A. Titmarsh	Thackeray, William Makepeace, 1811-1863
PG45539	Fiction	split	The Compleat Bachelor	Onions, Oliver, 1873-1961
PG26229	Poetry	split	The Congo	Lindsay, Vachel, 1879-1931
PG46517	Fiction	split	The conquest of Rome	Serao, Matilde, 1856-1927
PG9678	Fiction	split	The Consolidator	Defoe, Daniel, 1661?-1731
PG45571	Fiction	split	The convolvulus: a comedy in three acts	Norton, Allen
PG46124	Fiction	split	The Copperhead	Frederic, Harold, 1856-1898
PG23902	Fiction	split	The Cow	Stevenson, Robert Louis, 1850-1894
PG46566	Mystery	split	The Crime Club	Holt-White, W. (William), 1878-1937; Heyer, Hermann, 1876-1950 [Illustrator]
PG46371	Fiction	split	The Cruise of the "Lively Bee"; Or, A Boy's Adventures in the War of 1812	De Morgan, John, 1848-1926
PG46403	Fiction	split	The Cruise of the Make-Believes	Gallon, Tom, 1866-1914; Grunwald, Charles, 1867-1910 [Illustrator]
PG47583	Fiction	split	The Curlytops at Silver Lake; Or, On the Water with Uncle Ben	Garis, Howard Roger, 1873-1962; Greene, Julia [Illustrator]
PG45622	Mystery	split	The Curved Blades	Wells, Carolyn, 1862-1942; Hoskins, Gayle Porter, 1887-1962 [Illustrator]
PG47427	Fiction	split	The Dance of Death	Herman, William (Author of The dance of death)
PG46112	Poetry	split	The Dark Ages, and Other Poems	L.
PG46708	Mystery	split	The Dead Letter: An American Romance	Victor, Metta Victoria Fuller, 1831-1885
PG46492	Fiction	split	The Death of the Gods (Christ and Antichrist, 1 of 3)	Merezhkovsky, Dmitry Sergeyevich, 1865-1941; Trench, Herbert, 1865-1923 [Translator]
PG46064	Mystery	split	The Deep Lake Mystery	Wells, Carolyn, 1862-1942
PG46558	Fiction	split	The Demi-gods	Stephens, James, 1882-1950
PG47789	Fiction	split	The Doctor's Red Lamp A Book of Short Stories Concerning the Doctor's Daily Life	Moulton, Charles Wells, 1859-1913 [Editor]
PG26219	Adventure	split	The Dog Crusoe and His Master	Ballantyne, R. M. (Robert Michael), 1825-1894
PG47776	Fiction	split	The Dreadnought Boys on Battle Practice	Goldfrap, John Henry, 1879-1917
PG46117	Fiction	split	The Dreadnought of the Air	Westerman, Percy F. (Percy Francis), 1876-1959
PG9419	Fiction	split	The Dynasts	Hardy, Thomas, 1840-1928
PG8769	Fiction	split	The Efficiency Expert	Burroughs, Edgar Rice, 1875-1950
PG21164	Fiction	split	The Enchanted Island of Yew	Baum, L. Frank (Lyman Frank), 1856-1919
PG47692	Fiction	split	The English and Scottish popular ballads, volume 2 (of 5)	Child, Francis James, 1825-1896 [Editor]
PG48309	Poetry	split	The Epic of Paul	Wilkinson, William Cleaver, 1833-1920
PG45842	Fiction	split	The erratic flame	De Teresa, Ysabel, 1886-1978
PG22978	Fiction	split	The Essays of Francis Bacon	Bacon, Francis, 1561-1626
PG46892	Fiction	split	The Eternal Boy: Being the Story of the Prodigious Hickey	Johnson, Owen, 1878-1952
PG47598	Fiction	split	The Eternal Feminine	Wells, Carolyn, 1862-1942
PG48089	Science Fiction	split	The Fall of a Nation A Sequel to the Birth of a Nation	Dixon, Thomas, Jr., 1864-1946; Wrenn, Charles L. (Charles Lewis), 1880-1952 [Illustrator]
PG48304	Fiction	split	The Family at Misrule	Turner, Ethel, 1870-1958; Johnson, A. J. [Illustrator]
PG46535	Fiction	split	The Fantasy Fan, December 1933  The Fans' Own Magazine	Various; Hornig, Charles D., 1916-1999 [Editor]
PG46616	Fiction	split	The Fantasy Fan, February 1934  The Fans' Own Magazine	Various; Hornig, Charles D., 1916-1999 [Editor]
PG46615	Fiction	split	The Fantasy Fan, January 1934  The Fans' Own Magazine	Various; Hornig, Charles D., 1916-1999 [Editor]
PG46534	Fiction	split	The Fantasy Fan, November 1933  The Fans' Own Magazine	Various; Hornig, Charles D., 1916-1999 [Editor]
PG46339	Fiction	split	The Fantasy Fan, October 1933 The Fan's Own Magazine	Various; Hornig, Charles D., 1916-1999 [Editor]
PG46222	Fiction	split	The Fantasy Fan, September 1933  The Fan's Own Magazine	Various; Hornig, Charles D., 1916-1999 [Editor]
PG47455	Fiction	split	The Fiction Factory  Being the experience of a writer who, for twenty-two years, has kept a story-mill grinding successfully	Cook, William Wallace, 1867-1933
PG10250	Fiction	split	The Five Bachelors	Ramsay [Other]
PG21166	Poetry	split	The Flag Goes By	Bennett, Henry Holcomb, 1863-1924
PG26462	Fiction	split	The Foolish Dictionary	Wurdz, Gideon, 1875-
PG47899	Fiction	split	The Forbidden Way	Gibbs, George, 1870-1942
PG47533	Historical Fiction	split	The Forest Farm: Tales of the Austrian Tyrol	Rosegger, Peter, 1843-1918; King, Maude Egerton, 1867-1927 [Contributor]; Petersen, Julius, 1878-1941 [Contributor]
PG47168	Fiction	split	The Forest Schoolmaster	Rosegger, Peter, 1843-1918; Skinner, Frances E. [Translator]
PG26583	Adventure	split	The Fortunes and Misfortunes of the Famous Moll Flanders	Defoe, Daniel, 1661?-1731
PG46864	Fiction	split	The Fortunes of Hector O'Halloran, and His Man, Mark Antony O'Toole	Maxwell, W. H. (William Hamilton), 1792-1850; Doyle, Richard, 1824-1883 [Illustrator]; Leech, John, 1817-1864 [Illustrator]
PG45601	Fiction	split	The four Corners	Blanchard, Amy Ella, 1856-1926; Smith, Wuanita, 1866-1959 [Illustrator]
PG45518	Fiction	split	The four Corners in Japan	Blanchard, Amy Ella, 1856-1926; Smith, Wuanita, 1866-1959 [Illustrator]
PG8962	Fiction	split	The Four Million	Henry, O., 1862-1910
PG22442	Fiction	split	The Four Million	Henry, O., 1862-1910
PG47782	Fiction	split	The Friar's Daughter: A Story of the American Occupation of the Philippines	Phifer, Charles Lincoln, 1860-1931
PG47450	Fiction	split	The Gamekeeper at Home: Sketches of natural history and rural life (Illustrated)	Jefferies, Richard, 1848-1887; Whymper, Charles, 1853-1941 [Illustrator]
PG46023	Fiction	split	The Garden of Swords	Pemberton, Max, 1863-1950; Wood, Stanley L., 1866-1928 [Illustrator]
PG46020	Fiction	split	The Gayton Scholarship: A School Story	Hayens, Herbert, 1861-1944
PG46107	Fiction	split	The German Lieutenant, and Other Stories	Strindberg, August, 1849-1912; Field, Claud, 1863-1941 [Translator]
PG46656	Mystery	split	The Ghost of Mystery Airport	Powell, Van
PG9023	Fiction	split	The Gilded Age	Twain, Mark, 1835-1910; Warner, Charles Dudley, 1829-1900
PG47471	Mystery	split	The Girls of Chequertrees	Webb, Marion St. John, 1888-1930; Tarrant, Percy, 1855-1934 [Illustrator]
PG47822	Historical Fiction	split	The Gladiators. A Tale of Rome and Judæa	Whyte-Melville, G. J. (George John), 1821-1878
PG22980	Fiction	split	The Golden Dream	Ballantyne, R. M. (Robert Michael), 1825-1894
PG46944	Fiction	split	The Golden Maiden, and other folk tales and fairy stories told in Armenia	Seklemian, A. G. (Apraham Garabed), 1864-1920; Blackwell, Alice Stone, 1857-1950 [Author of introduction, etc.]
PG45478	Fiction	split	The Good Girl	Anonymous
PG48112	Fiction	split	The Green Goddess	Miln, Louise Jordan, 1864-1933; Archer, William, 1856-1924
PG46475	Fiction	split	The Green Hand: Adventures of a Naval Lieutenant	Cupples, George, 1822-1891
PG46990	Poetry	split	The Guinea Voyage: A Poem in Three Books  To Which Are Added Observations on a Voyage to the Coast of Africa	Stanfield, James Field, -1824
PG9420	Fiction	split	The Hand of Ethelberta	Hardy, Thomas, 1840-1928
PG45728	Fiction	split	The Happy Average	Whitlock, Brand, 1869-1934; Christy, Howard Chandler, 1873-1952 [Illustrator]
PG46801	Fiction	split	The Hardy Country: Literary landmarks of the Wessex Novels	Harper, Charles G. (Charles George), 1863-1943
PG47841	Fiction	split	The Haunted Fountain  A Judy Bolton Mystery	Sutton, Margaret, 1903-2001
PG47671	Fiction	split	The Heart of the Ancient Wood	Roberts, Charles G. D., Sir, 1860-1943
PG45745	Fiction	split	The Heart of the Wild: Nature Studies from Near and Far	Bensusan, S. L. (Samuel Levy), 1872-1958
PG48117	Fiction	split	The Heir to Grand-Pré	Herbin, John Frederic, 1860-1923
PG47962	Poetry	split	The Hidden Servants and Other Very Old Stories	Alexander, Francesca, 1837-1917
PG46252	Fiction	split	The Highflyers	Kelland, Clarence Budington, 1881-1964
PG46852	Fiction	split	The Hills of Desire	Maher, Richard Aumerle, 1880-1959
PG9530	Fiction	split	The History of Henry Esmond, Esq.  A Colonel in the Service of Her Majesty Queen Anne	Thackeray, William Makepeace, 1811-1863
PG46346	Fiction	split	The History of Miss Betsy Thoughtless	Haywood, Eliza Fowler, 1693?-1756
PG28755	Fiction	split	The Hollow Needle: Further Adventures of Arsène Lupin	Leblanc, Maurice, 1864-1941; Teixeira de Mattos, Alexander, 1865-1921 [Translator]
PG47850	Fiction	split	The Home at Greylock	Prentiss, E. (Elizabeth), 1818-1878
PG45800	Fiction	split	The House of Defence v. 1	Benson, E. F. (Edward Frederic), 1867-1940
PG45801	Fiction	split	The House of Defence v. 2	Benson, E. F. (Edward Frederic), 1867-1940
PG6550	Fiction	failed	The House of Mapuhi	London, Jack, 1876-1916
PG45816	Fiction	split	The House on the Moor, v. 1/3	Oliphant, Mrs. (Margaret), 1828-1897
PG45817	Fiction	split	The House on the Moor, v. 2/3	Oliphant, Mrs. (Margaret), 1828-1897
PG45818	Fiction	split	The House on the Moor, v. 3/3	Oliphant, Mrs. (Margaret), 1828-1897
PG47198	Fiction	split	The Human Boy Again	Phillpotts, Eden, 1862-1960
PG6539	Historical Fiction	failed	The Hunchback of Notre Dame	Hugo, Victor, 1802-1885
PG21521	Fiction	split	The Hunting of the Snark	Carroll, Lewis, 1832-1898
PG47211	Fiction	split	The Idol of the Blind: A Novel	Gallon, Tom, 1866-1914
PG26226	Fiction	split	The Importance of Being Earnest	Wilde, Oscar, 1854-1900
PG47305	Fiction	split	The Imprudence of Prue	Fisher, Sophie; Pfeifer, Herman, 1879-1931 [Illustrator]
PG47319	Fiction	split	The Intrusions of Peggy	Hope, Anthony, 1863-1933
PG28840	Science Fiction	split	The island of Dr. Moreau	Wells, H. G. (Herbert George), 1866-1946
PG47723	Fiction	split	The Island of Enchantment	Forman, Justus Miles, 1875-1915; Pyle, Howard, 1853-1911 [Illustrator]
PG46271	Adventure	split	The Island of Yellow Sands: An Adventure and Mystery Story for Boys	Brill, Ethel C. (Ethel Claire), 1877-1962; Wolf, W. H. [Illustrator]
PG46077	Fiction	split	The Judgment Books: A Story	Benson, E. F. (Edward Frederic), 1867-1940; Hatherell, William, 1855-1928 [Illustrator]
PG28942	Fiction	split	The Junior Classics, Volume 1: Fairy and wonder tales	Neilson, William Allan, 1869-1946; Eliot, Charles William, 1834-1926 [Author of introduction, etc.]; Patten, William, 1868-1936 [Editor]
PG46905	Fiction	split	The Kentucky Warbler	Allen, James Lane, 1849-1925
PG46027	Fiction	split	The Khaki Boys at Camp Sterling; Or, Training for the Big Fight in France	Chase, Josephine, -1931
PG48115	Fiction	split	The King Behind the King	Deeping, Warwick, 1877-1950
PG21523	Fiction	split	The King in Yellow, Part 1	Chambers, Robert W. (Robert William), 1865-1933
PG22439	Fiction	split	The King in Yellow, Part 2	Chambers, Robert W. (Robert William), 1865-1933
PG46176	Fiction	split	The Knights of the Round Table: Stories of King Arthur and the Holy Grail	Frost, William Henry, 1863-1902; Burleigh, Sydney Richmond, 1853-1931 [Illustrator]
PG47591	Fiction	split	The Ladies Lindores, Vol. 1 (of 3)	Oliphant, Mrs. (Margaret), 1828-1897
PG47592	Fiction	split	The Ladies Lindores, Vol. 2 (of 3)	Oliphant, Mrs. (Margaret), 1828-1897
PG47593	Fiction	split	The Ladies Lindores, Vol. 3 (of 3)	Oliphant, Mrs. (Margaret), 1828-1897
PG48237	Fiction	split	The Lady of North Star	Binns, Ottwell, 1872-1935
PG46152	Fiction	split	The Last Ditch	Comfort, Will Levington, 1878-1932
PG46381	Fiction	split	The Lead of Honour	Richardson, Norval, 1877-1940; Merrill, Frank T., 1848-1923 [Illustrator]
PG9014	Fiction	split	The Letters of Mark Twain	Twain, Mark, 1835-1910
PG45480	Fiction	split	The Liberty Bell	Wallace, William Ross, 1819-1881; Hows, John Augustus, 1832-1874 [Illustrator]
PG43961	Fiction	split	The Life Savers: A story of the United States life-saving service	Otis, James, 1848-1912
PG9679	Adventure	split	The Life, Adventures and Piracies of the Famous Captain Singleton	Defoe, Daniel, 1661?-1731
PG45782	Fiction	split	The Little Brown Jug at Kildare	Nicholson, Meredith, 1866-1947; Flagg, James Montgomery, 1877-1960 [Illustrator]
PG46464	Fiction	split	The Little Cryptogram  A Literal Application to the Play of Hamlet of the Cipher System of Mr. Ignatius Donnelly.	Pyle, Joseph Gilpin, 1853-
PG45606	Fiction	split	The Little Glass Man, and Other Stories	Hauff, Wilhelm, 1802-1827; Eckenstein, Lina, 1857-1931 [Contributor]
PG45975	Adventure	split	The Little Lame Prince and His Travelling Cloak	Craik, Dinah Maria Mulock, 1826-1887; Dunlap, Hope, 1880-1973 [Illustrator]
PG12703	Fiction	split	The Little Match Girl	Andersen, H. C. (Hans Christian), 1805-1875
PG10206	Fiction	split	The Liver Complaint Story	Edison, Thomas A. (Thomas Alva), 1847-1931
PG9532	Mystery	split	The Lock and Key Library: Classic Mystery and Detective Stories: Old Time English	Hawthorne, Julian, 1846-1934 [Editor]
PG9510	Mystery	split	The Lock and Key Library: The Most Interesting Stories of All Nations: American	Hawthorne, Julian, 1846-1934 [Editor]
PG45553	Fiction	split	The Lu Lu Alphabet	Colman, Miss (Pamela Atkins), 1824-1900
PG47161	Fiction	split	The Mad Pranks of Tom Tram, Son-in-law to Mother Winter To Which Are Added His Merry Jests, Odd Conceits, and Pleasant Tales.	Crouch, Humphrey, active 1635-1671
PG48032	Fiction	split	The Magic Ring and Other Stories From the Yellow and Crimson Fairy Books	Lang, Andrew, 1844-1912 [Editor]; Ford, H. J. (Henry Justice), 1860-1941 [Illustrator]
PG45921	Poetry	split	The Mahogany Tree	Thackeray, William Makepeace, 1811-1863; Dulac, Edmund, 1882-1953 [Illustrator]
PG46156	Fiction	split	The Maid of Sker	Blackmore, R. D. (Richard Doddridge), 1825-1900
PG9024	Fiction	split	The Man That Corrupted Hadleyburg and Other Stories	Twain, Mark, 1835-1910
PG45451	Fiction	split	The Man Who Did the Right Thing: A Romance	Johnston, Harry, 1858-1927
PG23723	Mystery	split	The Man Who was Thursday, A Nightmare	Chesterton, G. K. (Gilbert Keith), 1874-1936
PG46343	Fiction	split	The Man with the Black Feather	Leroux, Gaston, 1868-1927; Relyea, C. M. (Charles M.), 1863-1932 [Illustrator]; Jepson, Edgar, 1863-1938 [Translator]
PG46398	Fiction	split	The Manchester Rebels of the Fatal '45	Ainsworth, William Harrison, 1805-1882; Gilbert, Frederick, 1827-1902 [Illustrator]
PG17426	Fiction	split	The Marvelous Land Of Oz	Baum, L. Frank (Lyman Frank), 1856-1919
PG9425	Fiction	split	The Mayor of Casterbridge	Hardy, Thomas, 1840-1928
PG46983	Fiction	split	The Memoirs of a White Elephant	Gautier, Judith, 1845-1917; Kite, S. B. [Illustrator]; Smith, L. H. [Illustrator]; Harvey, S. A. B. (Sarah A. B.), 1843- [Translator]
PG9555	Mystery	split	The Memoirs of Sherlock Holmes	Doyle, Arthur Conan, 1859-1930
PG47860	Fiction	split	The Mercy of Allah	Belloc, Hilaire, 1870-1953
PG26467	Fiction	split	The Merry Adventures of Robin Hood	Pyle, Howard, 1853-1911
PG47229	Fiction	split	The Merry-go-round	Maugham, W. Somerset (William Somerset), 1874-1965
PG26298	Fiction	split	The Metamorphosis	Kafka, Franz, 1883-1924
PG47958	Historical Fiction	split	The Minister's Wooing	Stowe, Harriet Beecher, 1811-1896; Browne, Hablot Knight, 1815-1882 [Illustrator]
PG9353	Fiction	split	The Mirror of the Sea	Conrad, Joseph, 1857-1924
PG46774	Mystery	split	The Mission of Poubalov	Burton, Frederick R. (Frederick Russell), 1861-1909
PG28731	Fiction	split	The Monkey's Paw	Jacobs, W. W. (William Wymark), 1863-1943
PG47576	Science Fiction	split	The Moon Colony	Bell, William Dixon, 1865-1951
PG47417	Fiction	split	The Motor Boys After a Fortune; or, The Hut on Snake Island	Young, Clarence
PG46850	Fiction	split	The Motor Boys on the Wing; Or, Seeking the Airship Treasure	Young, Clarence
PG46127	Fiction	split	The Motor Boys Over the Ocean; Or, A Marvelous Rescue in Mid-Air	Young, Clarence
PG45576	Fiction	split	The Motor Boys Over the Rockies; Or, A Mystery of the Air	Young, Clarence
PG48270	Fiction	split	The Motor Rangers' Cloud Cruiser	Goldfrap, John Henry, 1879-1917; Wrenn, Charles L. (Charles Lewis), 1880-1952 [Illustrator]
PG12706	Fiction	split	The Mouse, the Bird and the Sausage	Grimm, Jacob, 1785-1863; Grimm, Wilhelm, 1786-1859
PG46011	Fiction	split	The moving picture boys and the flood	Appleton, Victor
PG47312	Fiction	split	The Mysteries of London, v. 1/4	Reynolds, George W. M. (George William MacArthur), 1814-1879
PG9028	Fiction	split	The Mysterious Stranger	Twain, Mark, 1835-1910
PG47613	Fiction	split	The Mystery Hunters at the Haunted Lodge	Wyckoff, Capwell, 1903-1953
PG46581	Fiction	split	The Mystery of Choice	Chambers, Robert W. (Robert William), 1865-1933
PG45658	Mystery	split	The Mystery of the Downs	Watson, John R. (John Reay), 1872-; Rees, Arthur J. (Arthur John), 1872-1942
PG48144	Mystery	split	The Mystery of the Iron Box  A Ken Holt Mystery	Campbell, Bruce, 1909-2000
PG9536	Fiction	split	The Newcomes  Memoirs of a Most Respectable Family	Thackeray, William Makepeace, 1811-1863
PG46153	Mystery	split	The Notting Hill Mystery	Felix, Charles, 1833-1903; Du Maurier, George, 1834-1896 [Illustrator]
PG47774	Fiction	split	The Observations of Henry Illustrated	Jerome, Jerome K. (Jerome Klapka), 1859-1927
PG45841	Fiction	split	The Ocean Wireless Boys on War Swept Seas	Goldfrap, John Henry, 1879-1917; Scott, A. O. (Arthur Orange), 1882?-1946 [Illustrator]
PG46091	Fiction	split	The Octoroon; or, Life in Louisiana. A Play in Five acts	Boucicault, Dion, 1820-1890
PG48258	Fiction	split	The Old Dominion	Johnston, Mary, 1870-1936
PG45623	Fiction	split	The Old Maids' Club	Zangwill, Israel, 1864-1926; Townsend, F. H. (Frederick Henry), 1868-1920 [Illustrator]
PG45552	Fiction	split	The Old Market-Cart	Griswold, F. Burge (Frances Burge), 1826-1900; Pierce, William J., 1829- [Illustrator]
PG10252	Fiction	split	The Old Violin	Higham, Daniel [Other]
PG43659	Fiction	split	The Old Woman Who Lived in a Shoe; Or, There's No Place Like Home	Douglas, Amanda M., 1831-1916
PG45524	Fiction	split	The Open Boat and Other Stories	Crane, Stephen, 1871-1900
PG23897	Poetry	split	The Owl and the Pussycat	Lear, Edward, 1812-1888
PG45543	Fiction	split	The Paladins of Edwin the Great	Markham, Clements R. (Clements Robert), Sir, 1830-1916; Peacock, Ralph, 1868-1946 [Illustrator]
PG8618	Fiction	failed	The Parasite	Doyle, Arthur Conan, 1859-1930
PG21587	Fiction	split	The Parasite	Doyle, Arthur Conan, 1859-1930
PG9518	Fiction	split	The Paris Sketch Book of Mr. M. A. Titmarsh	Thackeray, William Makepeace, 1811-1863
PG46693	Fiction	split	The Passport	Bagot, Richard, 1860-1921
PG46570	Fiction	split	The Pastor's Fire-side Vol. 1 (of 4)	Porter, Jane, 1776-1850
PG46610	Fiction	split	The Pastor's Fire-side Vol. 2 (of 4)	Porter, Jane, 1776-1850
PG46637	Fiction	split	The Pastor's Fire-side Vol. 3 (of 4)	Porter, Jane, 1776-1850
PG46697	Fiction	split	The Pastor's Fire-side Vol. 4 (of 4)	Porter, Jane, 1776-1850
PG48161	Fiction	split	The Pennycomequicks, Volume 1 (of 3)	Baring-Gould, S. (Sabine), 1834-1924
PG48162	Fiction	split	The Pennycomequicks, Volume 2 (of 3)	Baring-Gould, S. (Sabine), 1834-1924
PG48163	Fiction	split	The Pennycomequicks, Volume 3 (of 3)	Baring-Gould, S. (Sabine), 1834-1924
PG46375	Fiction	split	The Phantom Treasure	Grove, Harriet Pyne
PG21170	Fiction	split	The Phantom-Wooer	Beddoes, Thomas Lovell, 1803-1849
PG47824	Poetry	split	The Pier-Glass	Graves, Robert, 1895-1985
PG21171	Fiction	split	The Pilgrim's Progress	Bunyan, John, 1628-1688
PG46799	Fiction	split	The Pioneer Boys of the Columbia; or, In the Wilderness of the Great Northwest	Rathborne, St. George, 1854-1938; Rogers, Walter S. (Walter Stanton), 1870-1937 [Illustrator]
PG46796	Fiction	split	The Pioneer Boys of the Mississippi; or, The Homestead in the Wilderness	Rathborne, St. George, 1854-1938; Boehm, H. Richard, 1871-1914 [Illustrator]
PG46797	Fiction	split	The Pioneer Boys of the Missouri; or, In the Country of the Sioux	Rathborne, St. George, 1854-1938; Rogers, Walter S. (Walter Stanton), 1870-1937 [Illustrator]
PG46794	Fiction	split	The Pioneer Boys of the Ohio; or, Clearing the Wilderness	Rathborne, St. George, 1854-1938; Bull, Charles Livingston, 1874-1932 [Illustrator]
PG46798	Fiction	split	The Pioneer Boys of the Yellowstone; or, Lost in the Land of Wonders	Rathborne, St. George, 1854-1938; Rogers, Walter S. (Walter Stanton), 1870-1937 [Illustrator]
PG46795	Fiction	split	The Pioneer Boys on the Great Lakes; or, On the Trail of the Iroquois	Rathborne, St. George, 1854-1938; Bull, Charles Livingston, 1874-1932 [Illustrator]
PG47651	Poetry	split	The Poetical Works of William Wordsworth — Volume 6 (of 8)	Wordsworth, William, 1770-1850; Knight, William Angus, 1836-1916 [Editor]
PG47143	Poetry	split	The Poetical Works of William Wordsworth — Volume 7 (of 8)	Wordsworth, William, 1770-1850; Knight, William Angus, 1836-1916 [Editor]
PG45507	Fiction	split	The Pony Rider Boys in Louisiana; or, Following the Game Trails in the Canebrake	Patchin, Frank Gee, 1861-1925
PG46920	Fiction	split	The Pony Rider Boys on the Blue Ridge; or, A Lucky Find in the Carolina Mountains	Patchin, Frank Gee, 1861-1925
PG47534	Fiction	split	The Posthumous Papers of the Pickwick Club, v. 1 (of 2)	Dickens, Charles, 1812-1870; Aldin, Cecil, 1870-1935 [Illustrator]
PG47535	Fiction	split	The Posthumous Papers of the Pickwick Club, v. 2 (of 2)	Dickens, Charles, 1812-1870; Aldin, Cecil, 1870-1935 [Illustrator]
PG47272	Fiction	split	The Potter and the Clay: A Romance of Today	Peterson, Maud Howard; Harding, Charlotte, 1873-1951 [Illustrator]
PG47357	Fiction	split	The Prairie-Bird	Murray, Charles Augustus, Sir, 1806-1895; Zwecker, Johann Baptist, 1814-1876 [Illustrator]
PG47559	Fiction	split	The Prude's Progress: A Comedy in Three Acts	Jerome, Jerome K. (Jerome Klapka), 1859-1927; Phillpotts, Eden, 1862-1960
PG21172	Fiction	split	The Purple Cow	Burgess, Gelett, 1866-1951
PG45517	Mystery	split	The Putnam Hall Cadets; or, Good Times in School and Out	Stratemeyer, Edward, 1862-1930; Shute, A. B. (Augustus Burnham), 1851-1906 [Illustrator]
PG47023	Fiction	split	The Putnam Hall Champions; or, Bound to Win Out	Stratemeyer, Edward, 1862-1930
PG47562	Fiction	split	The Putnam Hall Encampment; or, The Secret of the Old Mill	Stratemeyer, Edward, 1862-1930; Nuttall, Charles, 1872-1934 [Illustrator]
PG47451	Fiction	split	The Putnam Hall Rebellion; or, The Rival Runaways	Stratemeyer, Edward, 1862-1930; Nuttall, Charles, 1872-1934 [Illustrator]
PG46872	Fiction	split	The Putnam Hall Rivals; or, Fun and Sport Afloat and Ashore	Stratemeyer, Edward, 1862-1930; Angell, Clare, 1874-1932 [Illustrator]
PG10634	Fiction	split	The Queen of Hearts, and Sing a Song for Sixpence	Caldecott, Randolph, 1846-1886
PG48200	Fiction	split	The Rake's Progress	Bowen, Marjorie, 1888-1952
PG45484	Poetry	split	The Raven Illustrated	Poe, Edgar Allan, 1809-1849; Andrew, George T., 1842- [Engraver]; Taylor, William Ladd, 1854-1926 [Illustrator]
PG46236	Mystery	split	The Red Widow; or, The Death-Dealers of London	Le Queux, William, 1864-1927
PG46057	Fiction	split	The Relentless City	Benson, E. F. (Edward Frederic), 1867-1940
PG21588	Fiction	split	The Reluctant Dragon	Grahame, Kenneth, 1859-1932
PG46467	Fiction	split	The Remarkable History of Sir Thomas Upmore, bart., M.P., formerly known as "Tommy Upmore"	Blackmore, R. D. (Richard Doddridge), 1825-1900
PG9355	Fiction	split	The Rescue	Conrad, Joseph, 1857-1924
PG8975	Science Fiction	split	The Research Magnificent	Wells, H. G. (Herbert George), 1866-1946
PG9553	Mystery	split	The Return of Sherlock Holmes	Doyle, Arthur Conan, 1859-1930
PG9427	Fiction	split	The Return of the Native	Hardy, Thomas, 1840-1928
PG26264	Fiction	split	The Return of the Native	Hardy, Thomas, 1840-1928
PG12713	Poetry	split	The Rhyme of the Ancient Mariner	Coleridge, Samuel Taylor, 1772-1834
PG46436	Fiction	split	The Rising of the Tide: The Story of Sabinsport	Tarbell, Ida M. (Ida Minerva), 1857-1944
PG46146	Fiction	split	The Riverpark Rebellion	Greene, Homer, 1853-1940
PG45895	Fiction	split	The Road to the Open	Schnitzler, Arthur, 1862-1931; Samuel, Horace Barnett, 1883-1950 [Translator]
PG47785	Historical Fiction	split	The Rock of the Lion	Seawell, Molly Elliot, 1860-1916; Keller, Arthur Ignatius, 1866-1924 [Illustrator]
PG47902	Fiction	split	The Romance of Leonardo da Vinci, the Forerunner	Merezhkovsky, Dmitry Sergeyevich, 1865-1941; Trench, Herbert, 1865-1923 [Translator]
PG46813	Fiction	split	The Romance of the Woods	Whishaw, Frederick, 1854-1934
PG46217	Fiction	split	The Romantic Lady	Arlen, Michael, 1895-1956
PG46008	Mystery	split	The Room with the Tassels	Wells, Carolyn, 1862-1942
PG46861	Fiction	split	The Runaway Donkey, and Other Rhymes for Children	Poulsson, Emilie, 1853-1939; Bridgman, L. J. (Lewis Jesse), 1857-1931 [Illustrator]
PG47615	Fiction	split	The Saddle Boys at Circle Ranch; Or, In at the Grand Round-Up	Carson, James, Captain
PG47241	Fiction	split	The Saxons: A Drama of Christianity in the North	Schoonmaker, Edwin Davies, 1873-1940
PG47560	Fiction	split	The Schoolmistress: A Farce in Three Acts	Pinero, Arthur Wing, 1855-1934
PG47271	Mystery	split	The Second Dandy Chater	Gallon, Tom, 1866-1914
PG9338	Fiction	split	The Secret Agent	Conrad, Joseph, 1857-1924
PG23896	Fiction	split	The Secret Agent	Conrad, Joseph, 1857-1924
PG45530	Adventure	split	The Secret of Steeple Rocks	Grove, Harriet Pyne
PG48133	Fiction	split	The Secret Victory	McKenna, Stephen, 1888-1967
PG9350	Fiction	split	The Shadow Line	Conrad, Joseph, 1857-1924
PG47425	Fiction	split	The Shakespeare Myth	Durning-Lawrence, Edwin, Sir, 1837-1914
PG47424	Fiction	split	The Shakespearean Myth: William Shakespeare and Circumstantial Evidence	Morgan, Appleton, 1845-1928
PG46304	Fiction	split	The Silent Rifleman! A tale of the Texan prairies	Herbert, Henry William, 1807-1858
PG48026	Fiction	split	The Sir Roger de Coverley Papers	Addison, Joseph, 1672-1719; Budgell, Eustace, 1686-1737; Steele, Richard, Sir, 1672-1729; Winchester, C. T. (Caleb Thomas), 1847-1920 [Editor]
PG45776	Mystery	split	The Sky Detectives; Or, How Jack Ralston Got His Man	Newcomb, Ambrose
PG45629	Mystery	split	The Sky Pilot's Great Chase; Or, Jack Ralston's Dead Stick Landing	Newcomb, Ambrose
PG45485	Fiction	split	The Sky Trail	Dean, Graham M., 1904-1974
PG46653	Adventure	split	The Slave of the Mine; or, Jack Harkaway in 'Frisco	Hemyng, Bracebridge, 1841-1901
PG8754	Adventure	failed	The Son of Tarzan	Burroughs, Edgar Rice, 1875-1950
PG23966	Poetry	split	The Song My Paddle Sings	Johnson, E. Pauline, 1861-1913
PG45866	Fiction	split	The Spider's Web	Kauffman, Reginald Wright, 1877-1959; Paleologue, Jean de, 1855- [Illustrator]
PG47900	Mystery	split	The Splendid Outcast	Gibbs, George, 1870-1942
PG46523	Mystery	split	The Spruce Street Tragedy; or, Old Spicer Handles a Double Mystery	Munro, Norman L. [Publisher]
PG45545	Fiction	split	The Staying Guest	Wells, Carolyn, 1862-1942; Smith, W. Granville (Walter Granville), 1870-1938 [Illustrator]
PG47575	Fiction	split	The Story of a Country Town	Howe, E. W. (Edgar Watson), 1853-1937
PG48299	Fiction	split	The Story of a Hare	Tregarthen, J. C. (John Coulson), 1854-1933
PG45869	Fiction	split	The Story of Doctor Johnson; Being an Introduction to Boswell's Life	Roberts, S. C. (Sydney Castle), 1887-1966
PG26589	Fiction	split	The Story of the Treasure Seekers	Nesbit, E. (Edith), 1858-1924
PG46452	Fiction	split	The Strand Magazine, Vol. 01, No. 05, May 1891  An Illustrated Monthly	Various; Newnes, George, 1851-1910 [Editor]
PG46596	Fiction	split	The Strand Magazine, Vol. 01, No. 06, June 1891  An Illustrated Monthly	Various; Newnes, George, 1851-1910 [Editor]
PG47373	Fiction	split	The Strand Magazine, Vol. 07, Issue 38, February, 1894  An Illustrated Monthly	Various; Newnes, George, 1851-1910 [Editor]
PG47374	Fiction	split	The Strand Magazine, Vol. 07, Issue 39, March 1894  An Illustrated Monthly	Various; Newnes, George, 1851-1910 [Editor]
PG47375	Fiction	split	The Strand Magazine, Vol. 07, Issue 40, April, 1894  An Illustrated Monthly	Various; Newnes, George, 1851-1910 [Editor]
PG47376	Fiction	split	The Strand Magazine, Vol. 07, Issue 41, May, 1894  An Illustrated Monthly	Various; Newnes, George, 1851-1910 [Editor]
PG47377	Fiction	split	The Strand Magazine, Vol. 07, Issue 42, June, 1894  An Illustrated Monthly	Various; Newnes, George, 1851-1910 [Editor]
PG47642	Fiction	split	The Strand Magazine, Vol. 27, February 1904, No. 159.	Various
PG26247	Science Fiction	split	The Strange Case of Dr Jekyll & Mr Hyde	Stevenson, Robert Louis, 1850-1894
PG46591	Fiction	split	The Strange Voyage and Adventures of Domingo Gonsales, to the World in the Moon	Godwin, Francis, 1562-1633
PG47177	Fiction	split	The Sunbonnet Babies in Italy	Grover, Eulalie Osgood, 1873-1958; McCracken, James [Illustrator]; Melcher, Bertha Corbett [Illustrator]
PG47204	Fiction	split	The Supernatural in Modern English Fiction	Scarborough, Dorothy, 1878-1935
PG46329	Fiction	split	The Swamp Doctor's Adventures in The South-West  Containing the Whole of The Louisiana Swamp Doctor; Streaks of Squatter Life; and Far-Western Scenes; In a Series of Forty-Two Humorous Southern and Western Sketches, Descriptive of Incidents and Character	Robb, John S., -1856; Darley, Felix Octavius Carr, 1822-1888 [Illustrator]
PG26274	Fiction	split	The Swiss Family Robinson	Wyss, Johann David, 1743-1818
PG22979	Fiction	split	The Tale of Peter Mink	Bailey, Arthur Scott, 1877-1949
PG47964	Fiction	split	The Talk of the Town, Volume 1 (of 2)	Payn, James, 1830-1898
PG47965	Fiction	split	The Talk of the Town, Volume 2 (of 2)	Payn, James, 1830-1898
PG45769	Fiction	split	The Tatler, Volume 2	Steele, Richard, Sir, 1672-1729; Addison, Joseph, 1672-1719; Aitken, George Atherton, 1860-1917 [Editor]
PG46250	Fiction	split	The Thorn in the Nest	Finley, Martha, 1828-1909
PG45898	Fiction	split	The Thread of Flame	King, Basil, 1859-1928
PG21177	Poetry	split	The Tiger	Blake, William, 1757-1827
PG17401	Science Fiction	split	The time machine	Wells, H. G. (Herbert George), 1866-1946
PG46437	Fiction	split	The Tragedy of Wild River Valley	Finley, Martha, 1828-1909
PG12707	Fiction	split	The Travelling Musicians	Grimm, Jacob, 1785-1863; Grimm, Wilhelm, 1786-1859
PG46688	Fiction	split	The Treasure Hunt of the S-18	Dean, Graham M., 1904-1974
PG46276	Fiction	split	The Treasure of Pearls: A Romance of Adventures in California	Aimard, Gustave, 1818-1883; Wraxall, Lascelles, Sir, 1828-1865 [Translator]
PG20674	Mystery	split	The Triumphs of Eugene Valmont	Barr, Robert, 1850-1912
PG9435	Historical Fiction	split	The Trumpet-Major	Hardy, Thomas, 1840-1928
PG46048	Fiction	split	The Turned-About Girls	Dix, Beulah Marie, 1876-1970; Greer, Blanche, 1884- [Illustrator]
PG47002	Fiction	split	The Usurper: An Episode in Japanese History	Gautier, Judith, 1845-1917; Alger, Abby Langdon, 1850-1917 [Translator]
PG46119	Fiction	split	The Valkyries	Benson, E. F. (Edward Frederic), 1867-1940; Wagner, Richard, 1813-1883; Noyes Lewis, T., 1862-1946 [Illustrator]
PG45912	Mystery	split	The Vanishing of Betty Varian	Wells, Carolyn, 1862-1942
PG46782	Fiction	split	The Vintage: A Romance of the Greek War of Independence	Benson, E. F. (Edward Frederic), 1867-1940; Jacomb Hood, G. P. (George Percy), 1857-1929 [Illustrator]
PG46926	Fiction	split	The Virgin in Judgment	Phillpotts, Eden, 1862-1960
PG21178	Poetry	split	The Voice of the Ancient Bard	Blake, William, 1757-1827
PG8976	Science Fiction	split	The War of the Worlds	Wells, H. G. (Herbert George), 1866-1946
PG26291	Science Fiction	split	The War of the Worlds	Wells, H. G. (Herbert George), 1866-1946
PG47910	Fiction	split	The Wasted Generation	Johnson, Owen, 1878-1952
PG9438	Fiction	split	The Well-Beloved	Hardy, Thomas, 1840-1928
PG46761	Fiction	split	The Wheat Princess	Webster, Jean, 1876-1916
PG8977	Fiction	split	The Wheels of Chance	Wells, H. G. (Herbert George), 1866-1946
PG48084	Fiction	split	The White Cat	Burgess, Gelett, 1866-1951; Grefé, Will, 1875-1957 [Illustrator]
PG47810	Adventure	split	The White Conquerors: A Tale of Toltec and Aztec	Munroe, Kirk, 1850-1930; Stacey, W. S. (Walter S.), 1846-1929 [Illustrator]
PG47385	Fiction	split	The White Shield	Reed, Myrtle, 1874-1911; Stevens, Dalton, 1878-1939 [Illustrator]
PG46549	Fiction	split	The Willing Horse: A Novel	Hay, Ian, 1876-1952
PG21603	Mystery	split	The Wisdom of Father Brown	Chesterton, G. K. (Gilbert Keith), 1874-1936
PG47555	Fiction	split	The Wizard's Son, Vol. 1 (of 3)	Oliphant, Mrs. (Margaret), 1828-1897
PG47556	Fiction	split	The Wizard's Son, Vol. 2 (of 3)	Oliphant, Mrs. (Margaret), 1828-1897
PG47557	Fiction	split	The Wizard's Son, Vol. 3 (of 3)	Oliphant, Mrs. (Margaret), 1828-1897
PG47640	Fiction	split	The Woman Gives: A Story of Regeneration	Johnson, Owen, 1878-1952; Christy, Howard Chandler, 1873-1952 [Illustrator]
PG45462	Fiction	split	The Wonder of War on Land	Rolt-Wheeler, Francis, 1876-1960
PG45683	Fiction	split	The Wonder-Child: An Australian Story	Turner, Ethel, 1870-1958; Browne, Gordon, 1858-1932 [Illustrator]
PG47279	Fiction	split	The Woodcraft Girls at Camp	Roy, Lillian Elizabeth, 1868-1932
PG45777	Poetry	split	The Works of Aphra Behn, Volume VI	Behn, Aphra, 1640-1689; Summers, Montague, 1880-1948 [Editor]
PG9512	Fiction	split	The Works of Edgar Allan Poe, Volume 1	Poe, Edgar Allan, 1809-1849
PG9513	Fiction	split	The Works of Edgar Allan Poe, Volume 2	Poe, Edgar Allan, 1809-1849
PG9514	Fiction	split	The Works of Edgar Allan Poe, Volume 3	Poe, Edgar Allan, 1809-1849
PG9515	Fiction	split	The Works of Edgar Allan Poe, Volume 4	Poe, Edgar Allan, 1809-1849
PG9516	Poetry	split	The Works of Edgar Allan Poe, Volume 5	Poe, Edgar Allan, 1809-1849
PG47679	Fiction	split	The works of John Dryden, now first collected in eighteen volumes. Volume 08	Dryden, John, 1631-1700; Scott, Walter, 1771-1832 [Editor]
PG47383	Poetry	split	The works of John Dryden, now first collected in eighteen volumes. Volume 13	Dryden, John, 1631-1700; Scott, Walter, 1771-1832 [Editor]
PG47641	Fiction	split	The works of John Dryden, now first collected in eighteen volumes. Volume 15	Dryden, John, 1631-1700; Scott, Walter, 1771-1832 [Editor]
PG46311	Fiction	split	The Works of John Marston. Volume 2	Marston, John, 1575?-1634; Bullen, A. H. (Arthur Henry), 1857-1920 [Editor]
PG46312	Poetry	split	The Works of John Marston. Volume 3	Marston, John, 1575?-1634; Bullen, A. H. (Arthur Henry), 1857-1920 [Editor]
PG47790	Poetry	split	The Works of William Cowper  His life, letters, and poems, now first completed by the introduction of Cowper's private correspondence	Cowper, William, 1731-1800; Cunningham, J. W. (John William), 1780-1861 [Contributor]; Hayley, William, 1745-1820 [Contributor]; Grimshawe, T. S. (Thomas Shuttleworth), 1778-1850 [Editor]
PG47715	Fiction	split	The Works of William Shakespeare [Cambridge Edition] [Vol. 7 of 9]	Shakespeare, William, 1564-1616; Clark, William George, 1821-1878 [Editor]; Wright, William Aldis, 1831-1914 [Editor]
PG47739	Fiction	split	The Wyndham Girls	Taggart, Marion Ames, 1866-1945; Relyea, C. M. (Charles M.), 1863-1932 [Illustrator]
PG47989	Fiction	split	The Yellow Phantom A Judy Bolton Mystery	Sutton, Margaret, 1903-2001
PG47897	Fiction	split	The yule log	Bishop, Georgianna M.
PG46390	Fiction	split	There She Blows! Or, The Log of the Arethusa	Macy, William Hussey, 1826-1891
PG46605	Fiction	split	Thomas Otway The Best Plays of the Old Dramatists	Otway, Thomas, 1652-1685; Noel, Roden, 1834-1894 [Editor]
PG46258	Fiction	split	Thorley Weir	Benson, E. F. (Edward Frederic), 1867-1940
PG8204	Fiction	failed	Three men in a boat	Jerome, Jerome K. (Jerome Klapka), 1859-1927
PG10189	Fiction	split	Three Rubes Seeing New York	Edison Vaudeville Company
PG9276	Fiction	split	Three Sermons, Three Prayers	Swift, Jonathan, 1667-1745
PG21604	Fiction	split	Three Short Works  The Dance of Death, the Legend of Saint Julian the Hospitaller, a Simple Soul	Flaubert, Gustave, 1821-1880
PG47702	Fiction	split	Through the Gates of Old Romance	Mills, Weymer Jay, 1880-1938; Rae, John, 1882-1963 [Illustrator]
PG8751	Science Fiction	failed	Thuvia, Maid of Mars	Burroughs, Edgar Rice, 1875-1950
PG9434	Poetry	split	Time's Laughingstocks and Other Verses	Hardy, Thomas, 1840-1928
PG26288	Poetry	split	To His Coy Mistress	Marvell, Andrew, 1621-1678
PG47306	Fiction	split	Tobias Smollett	Smeaton, William Henry Oliphant, 1856-1914
PG22333	Fiction	split	Tom Swift and the Visitor From Planet X	Appleton, Victor, II
PG22952	Fiction	split	Tom Swift in the Land of Wonders	Appleton, Victor
PG10547	Science Fiction	split	Topsy-Turvy	Verne, Jules, 1828-1905
PG46173	Fiction	split	Tourmalin's Time Cheques	Anstey, F., 1856-1934
PG45973	Mystery	split	Trackers of the Fog Pack; Or, Jack Ralston Flying Blind	Newcomb, Ambrose
PG47980	Fiction	split	Trafalgar: A Tale	Pérez Galdós, Benito, 1843-1920
PG47561	Fiction	split	Trelawny of The "Wells": A Comedietta in Four Acts	Pinero, Arthur Wing, 1855-1934
PG20000	Science Fiction	split	Twenty Thousand Leagues Under the Sea	Verne, Jules, 1828-1905
PG45857	Fiction	split	Two banks of the Seine (Les Deux Rives)	Vandérem, Fernand, 1864-1939; Raffalovich, George, 1880-1958 [Translator]
PG46159	Fiction	split	Two in a Zoo	Dunham, Curtis; Herford, Oliver, 1863-1935
PG10188	Fiction	split	Two Rubes at the Vaudeville	Harlan, Byron G., 1861-1936 [Performer]; Stanley, Frank C., 1868-1910 [Performer]
PG46049	Fiction	split	Twos and Threes	Stern, G. B. (Gladys Bronwyn), 1890-1973
PG47515	Fiction	split	Ulric the Jarl: A Story of the Penitent Thief	Stoddard, William O., 1835-1925
PG47420	Fiction	split	Unaddressed Letters	Swettenham, Frank Athelstane, Sir, 1850-1946 [Editor]
PG21605	Fiction	split	Uncle Remus, his songs and his sayings	Harris, Joel Chandler, 1848-1908
PG45474	Mystery	split	Uncle Sam, Detective	DuPuy, William Atherton, 1876-1941; Megargee, S. Edwin [Illustrator]
PG10279	Fiction	split	Uncle Tom's Cabin: Entrance of Topsy	Spencer, Len, 1867-1914; Stowe, Harriet Beecher, 1811-1896
PG46694	Fiction	split	Under Sail	Colcord, Lincoln, 1883-1947
PG46855	Fiction	split	Under the Flag of France: A Tale of Bertrand du Guesclin	Ker, David, 1842-1914; Wood, Stanley L., 1866-1928 [Illustrator]
PG9437	Fiction	split	Under the Greenwood Tree	Hardy, Thomas, 1840-1928
PG48009	Fiction	split	Under the Law	Babcock, Edwina Stanton, 1875-1965; Coleman, Ralph P. (Ralph Pallen), 1892-1968 [Illustrator]
PG9359	Fiction	split	Under Western Eyes	Conrad, Joseph, 1857-1924
PG45742	Fiction	split	Up and Down	Benson, E. F. (Edward Frederic), 1867-1940
PG46043	Fiction	split	Vasco, Our Little Panama Cousin	Pike, H. Lee M. (Henry Lee Mitchell), 1865-; Bridgman, L. J. (Lewis Jesse), 1857-1931 [Illustrator]
PG45920	Fiction	split	Very woman (Sixtine)	Gourmont, Remy de, 1858-1915; Barrets, J. L. [Translator]
PG46735	Adventure	split	Victor Victorious	Johns, Cecil Starr
PG9358	Fiction	split	Victory: An Island Tale	Conrad, Joseph, 1857-1924
PG47423	Fiction	split	Vine and Olive; Or, Young America in Spain and Portugal  A Story of Travel and Adventure	Optic, Oliver, 1822-1897; Reinhart, Charles Stanley, 1844-1896 [Illustrator]
PG26289	Fiction	split	Walden	Thoreau, Henry David, 1817-1862
PG28920	Historical Fiction	split	War and Peace, Book 01: 1805	Tolstoy, Leo, graf, 1828-1910; Maude, Aylmer, 1858-1938 [Translator]; Maude, Louise, 1855-1939 [Translator]
PG26290	Science Fiction	split	War of the Worlds	Wells, H. G. (Herbert George), 1866-1946
PG26472	Fiction	split	What Men Live By and Other Tales	Tolstoy, Leo, graf, 1828-1910; Maude, Aylmer, 1858-1938 [Translator]; Maude, Louise, 1855-1939 [Translator]
PG12717	Poetry	split	When Lilacs Last in the Dooryard Bloom'd	Whitman, Walt, 1819-1892
PG47614	Fiction	split	When Sarah Went to School	Singmaster, Elsie, 1879-1958
PG21182	Poetry	split	When We Two Parted	Byron, George Gordon Byron, Baron, 1788-1824
PG46528	Fiction	split	Whispering Tongues	Greene, Homer, 1853-1940
PG46457	Fiction	split	White Wolf's Law: A Western Story	Dunning, Hal, 1880-1931
PG47344	Fiction	split	William Sharp (Fiona Macleod): A Memoir Compiled by His Wife Elizabeth A. Sharp	Sharp, Elizabeth A. (Elizabeth Amelia), 1856-1932
PG47011	Fiction	split	Wilson's Tales of the Borders and of Scotland, Volume 19	Wilson, John Mackay, 1804-1835 [Compiler]; Leighton, Alexander, 1800-1874 [Editor]
PG47429	Fiction	split	Windfalls	Gardiner, A. G. (Alfred George), 1865-1946; Gardiner, Clive, 1891-1960 [Illustrator]
PG22949	Fiction	split	Winesburg, Ohio	Anderson, Sherwood, 1876-1941
PG45627	Mystery	split	Wings Over the Rockies; Or, Jack Ralston's New Cloud Chaser	Newcomb, Ambrose
PG47008	Adventure	split	With the Allies to Pekin: A Tale of the Relief of the Legations	Henty, G. A. (George Alfred), 1832-1902; Paget, Walter, 1863-1935 [Illustrator]
PG46233	Fiction	split	With the Black Prince	Stoddard, William O., 1835-1925
PG9360	Fiction	split	Within the Tides	Conrad, Joseph, 1857-1924
PG46320	Fiction	split	Wulnoth the Wanderer: A Story of King Alfred of England	Inman, Herbert; Kinney, Margaret West, 1872-1952 [Illustrator]; Kinney, Troy, 1871-1938 [Illustrator]
PG47060	Fiction	split	Years of My Youth	Howells, William Dean, 1837-1920
