PG5740	Nonfiction	pending		
PG6342	Nonfiction	needs_review		
PG6343	Nonfiction	needs_review		
PG7205	Nonfiction	needs_review		
PG7206	Nonfiction	needs_review		
PG13316	Nonfiction	needs_review		
PG13846	Nonfiction	needs_review		
PG19634	Nonfiction	pending		
PG19796	Nonfiction	pending		
PG20685	Nonfiction	pending		
PG23905	Nonfiction	pending		
PG26253	Nonfiction	pending		
PG29530	Nonfiction	pending		
PG15870	Poetry	uploaded	'Of Genius', in The Occasional Paper, and Preface to The Creation	Hill, Aaron, 1685-1750; Pahl, Gretchen Graf [Commentator]
PG9996	Philosophy	uploaded	'Tis Sixty Years Since" Address of Charles Francis Adams; Founders' Day, January 16, 1913	Adams, Charles Francis, 1835-1915
PG61651	Philosophy	deferred_repair	A Beginner's History of Philosophy, Vol. 1: Ancient and Mediæval Philosophy	Cushman, Herbert Ernest, 1865-1944
PG62663	Philosophy	deferred_repair	A Beginner's History of Philosophy, Vol. 2: Modern Philosophy	Cushman, Herbert Ernest, 1865-1944
PG34513	Religion	deferred_repair	A Biographical Dictionary of Freethinkers of All Ages and Nations	Wheeler, J. M. (Joseph Mazzini), 1850-1898
PG65484	Religion	deferred_repair	A Body of Divinity, Vol. 4 (of 4) Wherein the doctrines of the Christian religion are explained and defended, being the substance of several lectures on the Assembly's Larger Catechism	Ridgley, Thomas, 1667?-1734; Wilson, James P. (James Patriot), 1769-1830 [Annotator]
PG69199	Religion	uploaded	A boke made by John Fryth, prysoner in the Tower of London answerynge unto M. Mores letter, which he wrote agaynst the fyrste lytle treatyse that John Fryth made, concernynge the sacramente of the body and bloude of Christ	Frith, John, 1503-1533
PG56404	Religion	deferred_repair	A Book of Gems, or, Choice selections from the writings of Benjamin Franklin	Franklin, Benjamin, 1812-1878; Franklin, Joseph, 1834-1912 [Editor]; Headington, J. A. (Joel A.) [Editor]
PG57218	Religion	uploaded	A Book of Jewish Thoughts	Hertz, Joseph H. (Joseph Herman), 1872-1946 [Editor]
PG23100	Philosophy	deferred_repair	A Budget of Paradoxes, Volume I	De Morgan, Augustus, 1806-1871; Smith, David Eugene, 1860-1944 [Editor]
PG26408	Philosophy	uploaded	A Budget of Paradoxes, Volume II	De Morgan, Augustus, 1806-1871; Smith, David Eugene, 1860-1944 [Editor]
PG19003	Religion	uploaded	A Candid Examination of Theism	Romanes, George John, 1848-1894
PG37648	Poetry	uploaded	A Century of Emblems	Cautley, George Spencer, -1880
PG45811	Poetry	uploaded	A Chesterton Calendar Compiled from the writings of 'G.K.C.' both in verse and in prose. With a section apart for the moveable feasts.	Chesterton, G. K. (Gilbert Keith), 1874-1936
PG41633	Religion	deferred_repair	A Christian Directory, Part 1: Christian Ethics	Baxter, Richard, 1615-1691
PG43967	Religion	uploaded	A Christian Directory, Part 4: Christian Politics	Baxter, Richard, 1615-1691
PG14535	Religion	uploaded	A Christmas Sermon	Stevenson, Robert Louis, 1850-1894
PG57912	Philosophy	deferred_repair	A Class Room Logic Deductive and Inductive, with Special Application to the Science and Art of Teaching	McNair, George Hastings
PG16423	Religion	uploaded	A Coal From The Altar, To Kindle The Holy Fire of Zeale In a Sermon Preached at a Generall Visitation at Ipswich	Ward, Samuel, 1577-1640
PG50143	Poetry	deferred_repair	A Collection of Emblemes, Ancient and Moderne Quickened With Metrical Illustrations, Both Morall and Divine, Etc.	Wither, George, 1588-1667
PG43572	Philosophy	uploaded	A Commentary to Kant's 'Critique of Pure Reason'	Smith, Norman Kemp, 1872-1958
PG20137	Religion	uploaded	A Comparative View of Religions	Scholten, Johannes Henricus, 1811-1885; Washburn, Francis T. (Francis Tucker), 1843-1873 [Translator]
PG58186	Psychology	uploaded	A Compendium on the Soul	Avicenna, 980-1037; Van Dyck, Edward Abbott [Translator]
PG46423	Economics	uploaded	A Contribution to the Critique of Political Economy	Marx, Karl, 1818-1883; Stone, N. I. (Nahum Isaac), 1873-1966 [Translator]
PG67599	Philosophy	uploaded	A Critical Analysis of Patriotism As an Ethical Concept A Dissertation Presented to the Faculty of the Graduate School of Yale University in Candidacy for the Degree of Doctor of Philosophy May 1, 1918	Reidenbach, Clarence
PG17416	Economics	pending	A Critical Examination of Socialism	Mallock, W. H. (William Hurrell), 1849-1923
PG33411	Philosophy	uploaded	A critical history of Greek philosophy	Stace, W. T. (Walter Terence), 1886-1967
PG49854	Philosophy	uploaded	A Critique of Socialism Read Before The Ruskin Club of Oakland California, 1905	Sims, George R. (George Robert), 1847-1922
PG16340	Philosophy	uploaded	A Cynic Looks at Life	Bierce, Ambrose, 1842-1914?; Haldeman-Julius, E. (Emanuel), 1888-1951 [Editor]
PG72971	Fiction	uploaded	A dead man's diary	Kernahan, Coulson, 1858-1943; Bettany, G. T. (George Thomas), 1850-1891 [Author of introduction, etc.]
PG69454	Religion	uploaded	A defence of modern spiritualism	Wallace, Alfred Russel, 1823-1913; Sargent, Epes, 1813-1880 [Author of introduction, etc.]
PG5428	Poetry	split	A Defence of Poetry and Other Essays	Shelley, Percy Bysshe, 1792-1822
PG54662	Psychology	uploaded	A Defence of the Inquiry into Mesmerism & Phrenology chiefly in relation to recent events in Lynn	Armes, William
PG14746	Religion	uploaded	A dialoge or communication of two persons Deuysyd and set forthe in the late[n] tonge, by the noble and famose clarke. Desiderius Erasmus intituled [the] pylgremage of pure deuotyon. Newly tra[n]slatyd into Englishe.	Erasmus, Desiderius, 1469-1536
PG15017	Philosophy	uploaded	A Dialogue Concerning Oratory, or the Causes of Corrupt Eloquence The Works of Cornelius Tacitus, Volume 8 (of 8); With an Essay on His Life and Genius, Notes, Supplements	Tacitus, Cornelius, 56-117; Murphy, Arthur, 1727-1805 [Editor]
PG39929	Philosophy	uploaded	A Dialogue upon the Gardens of the Right Honorouble the Lord Viscount Cobham at Stow in Buckinghamshire	Gilpin, William, 1724-1804; Hunt, John Dixon, 1936- [Editor]
PG30343	Religion	uploaded	A discourse concerning ridicule and irony in writing (1729)	Collins, Anthony, 1676-1729; Bloom, Edward A. (Edward Alan), 1914-1994 [Editor]; Bloom, Lillian D., 1920-2002 [Editor]
PG25830	Philosophy	uploaded	A Discourse of a Method for the Well Guiding of Reason and the Discovery of Truth in the Sciences	Descartes, René, 1596-1650
PG21789	Drama	uploaded	A Discourse of Life and Death, by Mornay; and  Antonius by Garnier	Mornay, Philippe de, seigneur du Plessis-Marly, 1549-1623; Garnier, Robert, 1544-1590; Pembroke, Mary Sidney Herbert, Countess of, 1561-1621 [Translator]
PG29372	Philosophy	uploaded	A Discourse on the Study of the Law of Nature and Nations	Mackintosh, James, Sir, 1765-1832
PG11136	Philosophy	uploaded	A Discourse Upon the Origin and the Foundation of the Inequality Among Mankind	Rousseau, Jean-Jacques, 1712-1778
PG47365	Religion	uploaded	A Discovrse of Fire and Salt Discovering Many Secret Mysteries as well Philosophicall, as Theologicall	Vigenère, Blaise de, 1523-1596; Stephens, Edward, active 1649 [Translator]
PG9393	Philosophy	deferred_repair	A Dish of Orts : Chiefly Papers on the Imagination, and on Shakespeare	MacDonald, George, 1824-1905
PG52032	Religion	uploaded	A Dissertation on the Books of Origen against Celsus	Cunningham, Francis, 1785-1863
PG69090	Philosophy	uploaded	A dissuasion to Great-Britain and the colonies, from the slave trade to Africa	Swan, James, 1754-1830
PG57059	Fiction	uploaded	A Dominie Dismissed	Neill, Alexander Sutherland, 1883-1973
PG25306	Fiction	uploaded	A Dominie in Doubt	Neill, Alexander Sutherland, 1883-1973
PG57028	Philosophy	uploaded	A Dominie's Log	Neill, Alexander Sutherland, 1883-1973
PG35790	Philosophy	uploaded	A Fantasy of Far Japan; Or, Summer Dream Dialogues	Suematsu, Kencho, 1855-1920
PG69466	Fiction	uploaded	A few days in Athens being the translation of a Greek manuscript discovered in Herculaneum	Wright, Frances, 1795-1852
PG36269	Religion	uploaded	A Few Words About the Devil, and Other Biographical Sketches and Essays	Bradlaugh, Charles, 1833-1891
PG63755	Religion	uploaded	A Few Words on the Crystal Palace Question	Vaughan, C. J. (Charles John), 1816-1897
PG8881	Fiction	uploaded	A Fleece of Gold; Five Lessons from the Fable of Jason and the Golden Fleece	Given, Charles Stewart
PG53799	Philosophy	uploaded	A General View of Positivism Or, Summary exposition of the System of Thought and Life	Comte, Auguste, 1798-1857; Harrison, Frederic, 1831-1923 [Author of introduction, etc.]; Bridges, John Henry, 1832-1906 [Translator]
PG70848	Religion	uploaded	A godly medytacyon of the christen sowle, concerninge a loue towardes God and hys Christe	Marguerite, Queen, consort of Henry II, King of Navarre, 1492-1549; Bale, John, 1495-1563 [Editor]; Elizabeth I, Queen of England, 1533-1603 [Translator]
PG36882	Religion	uploaded	A Grammar of Freethought	Cohen, Chapman, 1868-1954
PG21905	Religion	uploaded	A Guide for the Religious Instruction of Jewish Youth	Reggio, Isaac Samuel, 1784-1855; Picciotto, M. H. [Translator]
PG40373	Philosophy	uploaded	A Guide to Health	Gandhi, Mahatma, 1869-1948; Rama Iyer, A. [Translator]
PG7514	Philosophy	uploaded	A Guide to Stoicism	Stock, St. George William Joseph, 1850-
PG6463	Philosophy	split	A Handbook of Ethical Theory	Fullerton, George Stuart, 1859-1925
PG45414	Religion	deferred_repair	A handbook of Freethought	Bell, W. S. (William S.), 1832- [Editor]
PG10684	Religion	split	A History of Freedom of Thought	Bury, J. B. (John Bagnell), 1861-1927
PG12956	Religion	split	A History of Indian Philosophy, Volume 1	Dasgupta, Surendranath, 1885-1952
PG36245	Philosophy	uploaded	A History of Literary Criticism in the Renaissance With special reference to the influence of Italy in the formation and development of modern classicism	Spingarn, Joel Elias, 1875-1939
PG27821	Religion	uploaded	A History of Mediaeval Jewish Philosophy	Husik, Isaac, 1876-1939
PG41412	Philosophy	deferred_repair	A History of Philosophy in Epitome	Schwegler, Albert, 1819-1857; Seelye, Julius H. (Julius Hawley), 1824-1895 [Translator]
PG48674	Fiction	uploaded	A Hundred Years Hence: The Expectations of an Optimist	Russell, T. Baron
PG62519	Philosophy	uploaded	A journey round my room	Maistre, Xavier de, 1763-1852; Attwell, Henry, 1834-1901 [Translator]
PG19980	Philosophy	uploaded	A Joy For Ever (and Its Price in the Market)	Ruskin, John, 1819-1900
PG39371	Religion	uploaded	A Legacy to the Friends of Free Discussion Principal Historical Facts and Personages of the Books Known as The Old and New Testament; With Remarks on the Morality of Nature	Offen, Benjamin
PG7176	Religion	uploaded	A Letter to a Hindu	Tolstoy, Leo, graf, 1828-1910
PG35232	Philosophy	uploaded	A Letter to American Workingmen, from the Socialist Soviet Republic of Russia	Lenin, Vladimir Il'ich, 1870-1924
PG29478	Philosophy	uploaded	A Letter to Dion	Mandeville, Bernard, 1670-1733; Viner, Jacob, 1892-1970 [Commentator]
PG35016	Philosophy	uploaded	A Letter to Grover Cleveland On His False Inaugural Address, The Usurpations and Crimes of Lawmakers and Judges, and the Consequent Poverty, Ignorance, and Servitude Of The People	Spooner, Lysander, 1808-1887
PG40979	Philosophy	uploaded	A Letter to Sir Samuel Shepherd, Knt., His Majesty's Attorney General Upon the Subject of His Prosecutions of Richard Carlile, for Publishing Paine's Age of Reason	Anonymous
PG58105	Religion	uploaded	A Letter to the Bishop of Exeter	Alderson, Edward Hall, Sir, 1787-1857
PG31191	Philosophy	uploaded	A Letter to the Hon. Samuel A. Eliot, Representative in Congress From the City of Boston, In Reply to His Apology For Voting For the Fugitive Slave Bill.	Dexter, Franklin, 1793-1857; Jay, William, 1789-1858 [Dubious author]
PG40212	Religion	uploaded	A Letter to the Society for the Suppression of Vice, on Their Malignant Efforts to Prevent a Free Enquiry After Truth and Reason	Carlile, Richard, 1790-1843
PG36161	Philosophy	uploaded	A Letter to Thomas F. Bayard	Spooner, Lysander, 1808-1887
PG10591	Religion	uploaded	A Lie Never Justifiable: A Study in Ethics	Trumbull, H. Clay (Henry Clay), 1830-1903
PG74047	Philosophy	uploaded	A little philosophy of life	Burdette, Robert J. (Robert Jones), 1844-1914
PG10050	Fiction	uploaded	A Little Pilgrim: Stories of the Seen and the Unseen	Oliphant, Mrs. (Margaret), 1828-1897
PG36801	Philosophy	uploaded	A Logic of Facts; Or, Every-day Reasoning	Holyoake, George Jacob, 1817-1906
PG32421	Philosophy	uploaded	A Man of the World	Call, Annie Payson, 1853-1940
PG28875	Philosophy	uploaded	A Man's Value to Society: Studies in Self Culture and Character	Hillis, Newell Dwight, 1858-1929
PG27531	Philosophy	uploaded	A Manual of Moral Philosophy	Peabody, Andrew P. (Andrew Preston), 1811-1893
PG30432	Fiction	uploaded	A modern symposium	Dickinson, G. Lowes (Goldsworthy Lowes), 1862-1932
PG6424	Fiction	deferred_repair	A Modern Utopia	Wells, H. G. (Herbert George), 1866-1946
PG60631	Religion	uploaded	A Modern Zoroastrian	Laing, S. (Samuel), 1812-1897
PG41274	Philosophy	uploaded	A New Catalogue of Vulgar Errors	Fovargue, Stephen, -1775
PG61112	Religion	deferred_repair	A New Light of Alchymie Taken out of the Fountaine of Nature, and Manuall Experience.  Etc.	Sedziwój, Michal, 1556?-1646?; Paracelsus, 1493-1541; French, John, 1616-1657 [Translator]
PG1347	Philosophy	split	A New Philosophy	Le Roy, Edouard, 1870-1954; Benson, Vincent [Translator]
PG46766	Fiction	uploaded	A Night in the Luxembourg	Gourmont, Remy de, 1858-1915; Ransome, Arthur, 1884-1967 [Translator]
PG53524	Philosophy	uploaded	A Persian Pearl, and Other Essays	Darrow, Clarence, 1857-1938
PG35621	Philosophy	uploaded	A Philosophical Dictionary, Volume 01	Voltaire, 1694-1778; Leigh, Oliver Herbrand Gordon [Commentator]; Morley, John, 1838-1923 [Commentator]; Smollett, T. (Tobias), 1721-1771 [Commentator]; Fleming, William F. [Translator]
PG35622	Philosophy	uploaded	A Philosophical Dictionary, Volume 02	Voltaire, 1694-1778; Leigh, Oliver Herbrand Gordon [Commentator]; Morley, John, 1838-1923 [Commentator]; Smollett, T. (Tobias), 1721-1771 [Commentator]; Fleming, William F. [Translator]
PG35623	Philosophy	uploaded	A Philosophical Dictionary, Volume 03	Voltaire, 1694-1778; Leigh, Oliver Herbrand Gordon [Commentator]; Morley, John, 1838-1923 [Commentator]; Smollett, T. (Tobias), 1721-1771 [Commentator]; Fleming, William F. [Translator]
PG35624	Philosophy	uploaded	A Philosophical Dictionary, Volume 04	Voltaire, 1694-1778; Leigh, Oliver Herbrand Gordon [Commentator]; Morley, John, 1838-1923 [Commentator]; Smollett, T. (Tobias), 1721-1771 [Commentator]; Fleming, William F. [Translator]
PG35625	Philosophy	uploaded	A Philosophical Dictionary, Volume 05	Voltaire, 1694-1778; Leigh, Oliver Herbrand Gordon [Commentator]; Morley, John, 1838-1923 [Commentator]; Smollett, T. (Tobias), 1721-1771 [Commentator]; Fleming, William F. [Translator]
PG35626	Philosophy	uploaded	A Philosophical Dictionary, Volume 06	Voltaire, 1694-1778; Leigh, Oliver Herbrand Gordon [Commentator]; Morley, John, 1838-1923 [Commentator]; Smollett, T. (Tobias), 1721-1771 [Commentator]; Fleming, William F. [Translator]
PG35627	Philosophy	uploaded	A Philosophical Dictionary, Volume 07	Voltaire, 1694-1778; Leigh, Oliver Herbrand Gordon [Commentator]; Morley, John, 1838-1923 [Commentator]; Smollett, T. (Tobias), 1721-1771 [Commentator]; Fleming, William F. [Translator]
PG35628	Philosophy	uploaded	A Philosophical Dictionary, Volume 08	Voltaire, 1694-1778; Leigh, Oliver Herbrand Gordon [Commentator]; Morley, John, 1838-1923 [Commentator]; Smollett, T. (Tobias), 1721-1771 [Commentator]; Fleming, William F. [Translator]
PG35629	Religion	uploaded	A Philosophical Dictionary, Volume 09	Voltaire, 1694-1778; Leigh, Oliver Herbrand Gordon [Commentator]; Morley, John, 1838-1923 [Commentator]; Smollett, T. (Tobias), 1721-1771 [Commentator]; Fleming, William F. [Translator]
PG35630	Philosophy	uploaded	A Philosophical Dictionary, Volume 10	Voltaire, 1694-1778; Leigh, Oliver Herbrand Gordon [Commentator]; Morley, John, 1838-1923 [Commentator]; Smollett, T. (Tobias), 1721-1771 [Commentator]; Fleming, William F. [Translator]
PG58881	Philosophy	uploaded	A Philosophical Essay on Probabilities	Laplace, Pierre Simon, marquis de, 1749-1827; Emory, Frederick Lincoln, 1867- [Translator]; Truscott, Frederick Wilson, 1870- [Translator]
PG15649	Philosophy	uploaded	A philosophicall essay for the reunion of the languages	Besnier, Pierre, 1648-1705
PG43453	Philosophy	uploaded	A Pickle for the Knowing Ones	Dexter, Timothy, 1747-1806
PG62002	Religion	uploaded	A Plain Statement of the Doctrines Objected to in the Church of Rome And the Reasons Fairly Assigned for Separating From Her Communion	Reilly, Joseph
PG11984	Philosophy	uploaded	A Pluralistic Universe Hibbert Lectures at Manchester College on the Present Situation in Philosophy	James, William, 1842-1910
PG22708	Fiction	uploaded	A Positive Romance 1898	Bellamy, Edward, 1850-1898
PG27790	Philosophy	uploaded	A Practical Enquiry into the Philosophy of Education	Gall, James, 1784?-1874
PG25709	Religion	uploaded	A Practical View of the Prevailing Religious System of Professed Christians, in the Middle and Higher Classes in this Country, Contrasted with Real Christianity.	Wilberforce, William, 1759-1833
PG77019	Religion	uploaded	A preface to morals	Lippmann, Walter, 1889-1974
PG32022	Philosophy	uploaded	A Problem in Greek Ethics Being an inquiry into the phenomenon of sexual inversion, addressed especially to medical psychologists and jurists	Symonds, John Addington, 1840-1893
PG32588	Psychology	uploaded	A Problem in Modern Ethics Being an Inquiry into the Phenomenon of Sexual Inversion, Addressed Especially to Medical Psychologists and Jurists	Symonds, John Addington, 1840-1893
PG60467	Fiction	uploaded	A Question of Identity	Riley, Frank, 1915-1996; Finlay, Virgil, 1914-1971 [Illustrator]
PG35562	Religion	uploaded	A Rational Theology, as Taught by the Church of Jesus Christ of Latter-Day Saints	Widtsoe, John Andreas, 1872-1952
PG47993	Philosophy	uploaded	A Renaissance Courtesy-book: Galateo of Manners & Behaviours	Della Casa, Giovanni, 1503-1556; Spingarn, Joel Elias, 1875-1939 [Author of introduction, etc.]; Peterson, Robert, active 1576-1606 [Translator]
PG13433	Religion	uploaded	A Reply to Dr. Lightfoot's Essays, by the Author of "Supernatural religion	Cassels, Walter Richard, 1826-1907
PG63746	Religion	uploaded	A Reply to Dr. Vaughan's "Letter on the Late Post-Office Agitation	Pears, James Roberts
PG35958	Psychology	uploaded	A Review of Edwards's "Inquiry into the Freedom of the Will	Tappan, Henry Philip, 1805-1881
PG39155	Philosophy	uploaded	A Review of the Systems of Ethics Founded on the Theory of Evolution	Williams, Cora May
PG9399	Fiction	uploaded	A Roman Lawyer in Jerusalem : First Century	Story, William Wetmore, 1819-1895
PG10661	Philosophy	uploaded	A Selection from the Discourses of Epictetus with the Encheiridion	Epictetus, 55-135; Long, George, 1800-1879 [Translator]
PG13407	Religion	uploaded	A Series of Lessons in Gnani Yoga: The Yoga of Wisdom	Atkinson, William Walker, 1862-1932
PG13656	Religion	uploaded	A Series of Lessons in Raja Yoga	Atkinson, William Walker, 1862-1932
PG8225	Religion	split	A Series of Letters, in Defence of Divine Revelation In Reply to Rev. Abner Kneeland's Serious Inquiry into the Authenticity of the Same. To Which is Added, a Religious Correspondence, Between the Rev. Hosea Ballou, and the Rev. Dr. Joseph Buckminster and Rev. Joseph Walton, Pastors of Congregational Churches in Portsmouth, N. H.	Ballou, Hosea, 1771-1852; Buckminster, Joseph, 1751-1812 [Contributor]; Kneeland, Abner, 1774-1844 [Contributor]; Walton, Joseph, 1742-1822 [Contributor]
PG54984	Religion	uploaded	A serious proposal to the Ladies, for the advancement of their true and greatest interest (In Two Parts)	Astell, Mary, 1666-1731
PG48370	Religion	uploaded	A sermon preach'd before the Right Honourable the Lord-Mayor : the aldermen and citizens of London at the Cathedral-Church of St. Paul on Monday the 30th of Jan. 1709/10 being the anniversary fast for the Martyrdom of King Charles	Snape, Andrew, 1675-1742
PG40428	Religion	uploaded	A Sermon, Delivered Before His Excellency Edward Everett, Governor, His Honor George Hull, Lieutenant Governor, the Honorable Council, and the Legislature of Massachusetts, on the Anniversary Election, January 2, 1839	Hopkins, Mark, 1802-1887
PG61940	Religion	uploaded	A Sermon: Thou shalt not commit Adultery	Phillimore, Joseph, 1751?-1831
PG57778	Philosophy	uploaded	A Sheaf	Galsworthy, John, 1867-1933
PG51793	Religion	uploaded	A Short History of Freethought Ancient and Modern, Volume 1 of 2 Third edition, Revised and Expanded, in two volumes	Robertson, J. M. (John Mackinnon), 1856-1933
PG52160	Religion	deferred_repair	A Short History of Freethought Ancient and Modern, Volume 2 of 2 Third edition, Revised and Expanded, in two volumes	Robertson, J. M. (John Mackinnon), 1856-1933
PG20500	Philosophy	uploaded	A Short History of Greek Philosophy	Marshall, J. (John), 1845-1915
PG15910	Philosophy	uploaded	A Short View of the Frauds and Abuses Committed by Apothecaries As well in Relation to Patients, as Physicians: And Of the only Remedy thereof by Physicians making their own Medicines.	Merret, Christopher, 1614-1695
PG7699	Fiction	split	A Strange Story — Volume 08	Lytton, Edward Bulwer Lytton, Baron, 1803-1873
PG27942	Philosophy	deferred_repair	A System of Logic, Ratiocinative and Inductive	Mill, John Stuart, 1806-1873
PG26495	Philosophy	uploaded	A System of Logic, Ratiocinative and Inductive (Vol. 1 of 2)	Mill, John Stuart, 1806-1873
PG35420	Philosophy	uploaded	A System of Logic: Ratiocinative and Inductive, 7th Edition, Vol. I	Mill, John Stuart, 1806-1873
PG35421	Philosophy	uploaded	A System of Logic: Ratiocinative and Inductive, 7th Edition, Vol. II	Mill, John Stuart, 1806-1873
PG12902	Religion	split	A Textbook of Theosophy	Leadbeater, C. W. (Charles Webster), 1854-1934
PG27869	Religion	deferred_repair	A Theodicy, or, Vindication of the Divine Glory	Bledsoe, Albert Taylor, 1809-1877
PG991	Religion	split	A Theological-Political Treatise [Part III]	Spinoza, Benedictus de, 1632-1677; Elwes, R. H. M. (Robert Harvey Monro), 1853- [Translator]
PG992	Religion	split	A Theological-Political Treatise [Part IV]	Spinoza, Benedictus de, 1632-1677; Elwes, R. H. M. (Robert Harvey Monro), 1853- [Translator]
PG24648	Religion	uploaded	A Theory of Creation: A Review of 'Vestiges of the Natural History of Creation'	Bowen, Francis, 1811-1890
PG64055	Psychology	uploaded	A Theory of the Mechanism of Survival: The Fourth Dimension and Its Applications	Smith, W. Whately (Walter Whately), 1892-1947
PG64877	Religion	uploaded	A Tract for the Times: The Church and the Census	Skinner, James, 1818-1881
PG4723	Philosophy	uploaded	A Treatise Concerning the Principles of Human Knowledge	Berkeley, George, 1685-1753
PG10108	Religion	uploaded	A Treatise of Daunses, Wherin It is Shewed, That They Are as It Were Accessories and Dependants (Or Thynges Annexed) to Whoredome Where Also by the Way is Touched and Proued, That Playes Are Ioyned and Knit Togeather in a Rancke or Rowe with Them (1581)	Anonymous
PG4705	Philosophy	deferred_repair	A Treatise of Human Nature	Hume, David, 1711-1776
PG62856	Philosophy	deferred_repair	A Treatise of Human Nature Being an Attempt to Introduce the Experimental Method Into Moral Subjects; and Dialogues Concerning Natural Religion	Hume, David, 1711-1776; Green, Thomas Hill, 1836-1882 [Editor]; Grose, Thomas Hodge, 1845-1906 [Editor]
PG22151	Religion	uploaded	A treatise of the cohabitacyon of the faithfull with the vnfaithfull. Whereunto is added. A sermon made of the confessing of Christe and his gospell, and of the denyinge of the same.	Vermigli, Pietro Martire, 1499-1562; Bullinger, Heinrich, 1504-1575; Becon, Thomas, 1512-1567 [Translator]
PG60392	Philosophy	uploaded	A Treatise on Electricity Wherein its various phænomena are accounted for, and the cause of the attraction and gravitation of solids, assigned. To which is added, a short account, how the electrical effluvia act upon the animal frame, and in what disorders the same may probably be applied with success, and in what not.	Penrose, Francis, 1718-1798
PG418	Religion	uploaded	A Treatise on Good Works	Luther, Martin, 1483-1546; Reu, Johann Michael, 1869-1943 [Translator]
PG57943	Philosophy	uploaded	A Treatyse of Fysshynge wyth an Angle Being a facsimile reproduction of the first book on the subject of fishing printed in England by Wynkyn de Worde at Westminster in 1496	Berners, Juliana, 1388?-; Watkins, M. G. (Morgan George), 1835- [Author of introduction, etc.]
PG68704	Religion	uploaded	A True Interpretation of the Witch of Endor	Muggleton, Lodowick, 1609-1698
PG16246	Drama	uploaded	A Very Pleasaunt & Fruitful Diologe Called the Epicure	Erasmus, Desiderius, 1469-1536
PG38727	Philosophy	uploaded	A Vindication of Natural Diet.	Shelley, Percy Bysshe, 1792-1822
PG44787	Religion	uploaded	A Vindication of the Presbyteriall-Government and Ministry	Ministers and Elders of the London Provinciall Assembly
PG62757	Philosophy	uploaded	A vindication of the rights of men, in a letter to the Right Honourable Edmund Burke; occasioned by his Reflections on the Revolution in France	Wollstonecraft, Mary, 1759-1797
PG3420	Philosophy	split	A Vindication of the Rights of Woman With Strictures on Political and Moral Subjects	Wollstonecraft, Mary, 1759-1797
PG67463	Philosophy	uploaded	A Vision of the Future, Based on the Application of Ethical Principles	Clapperton, Jane Hume, 1832-1914
PG73116	Philosophy	uploaded	A way of life	Osler, William, Sir, 1849-1919
PG64544	Religion	uploaded	A Wayfarer's Faith: Aspects of the common basis of religious life	Harvey, T. Edmund (Thomas Edmund), 1875-1955
PG4232	Philosophy	deferred_repair	A Week on the Concord and Merrimack Rivers	Thoreau, Henry David, 1817-1862
PG53937	Philosophy	uploaded	A Woman's Philosophy of Woman; or, Woman affranchised. An answer to Michelet, Proudhon, Girardin, Legouvé, Comte, and other modern innovators	Héricourt, Madame d', 1809-1875
PG14629	Religion	uploaded	A Wonderful Night; An Interpretation of Christmas	Snowden, James H. (James Henry), 1852-1936
PG34915	Philosophy	uploaded	Abolition Fanaticism in New York Speech of a Runaway Slave from Baltimore, at an Abolition Meeting in New York, Held May 11, 1847	Douglass, Frederick, 1818-1895
PG50973	Religion	deferred_repair	About My Father's Business": Work Amidst the Sick, the Sad, and the Sorrowing	Archer, Thomas, 1830-1893
PG37703	Religion	uploaded	About The Holy Bible: A Lecture	Ingersoll, Robert Green, 1833-1899
PG32779	Philosophy	uploaded	Above the Battle	Rolland, Romain, 1866-1944; Ogden, C. K. (Charles Kay), 1889-1957 [Translator]
PG38582	Psychology	uploaded	Abraham Lincoln's Cardinal Traits; A Study in Ethics, with an Epilogue Addressed to Theologians	Beardslee, Clark S. (Clark Smith), 1850-1914
PG45005	Religion	uploaded	Absurdities of immaterialism	Pratt, Orson, 1811-1881
PG78230	Philosophy	pending	Accepting the universe	Burroughs, John, 1837-1921
PG75664	Religion	uploaded	Address delivered before the British Association assembled at Belfast	Tyndall, John, 1820-1893
PG75348	Philosophy	uploaded	Address, delivered in Craigie Hall, Edinburgh, February 24th, 1871	Butler, Josephine Elizabeth Grey, 1828-1906
PG10605	Philosophy	uploaded	Adventures in Contentment	Grayson, David, 1870-1946
PG10592	Philosophy	uploaded	Adventures in Friendship	Grayson, David, 1870-1946
PG5772	Poetry	split	AE in the Irish Theosophist	Russell, George William, 1867-1935
PG9306	Philosophy	uploaded	Aesthetic as Science of Expression and General Linguistic	Croce, Benedetto, 1866-1952; Ainslie, Douglas, 1865-1948 [Translator]
PG70669	Philosophy	deferred_repair	Aesthetical and philosophical essays	Schiller, Friedrich, 1759-1805
PG6798	Philosophy	deferred_repair	Aesthetical Essays of Friedrich Schiller	Schiller, Friedrich, 1759-1805
PG24667	Philosophy	deferred_repair	Aether and Gravitation	Hooper, William George
PG76076	Philosophy	uploaded	Affirmations	Ellis, Havelock, 1859-1939
PG44795	Religion	deferred_repair	Aids to Reflection; and, The Confessions of an Inquiring Spirit	Coleridge, Samuel Taylor, 1772-1834; Marsh, James, 1794-1842 [Contributor]
PG43240	Religion	uploaded	Alchemy: Ancient and Modern Being a Brief Account of the Alchemistic Doctrines, and Their Relations, to Mysticism on the One Hand, and to Recent Discoveries in Physical Science on the Other Hand; Together with Some Particulars Regarding the Lives and Teachings of the Most Noted Alchemists	Redgrove, H. Stanley (Herbert Stanley), 1887-1943
PG1676	Philosophy	uploaded	Alcibiades I	Plato, 428? BCE-348? BCE [Dubious author]
PG1677	Philosophy	uploaded	Alcibiades II	Plato, 428? BCE-348? BCE [Dubious author]
PG1275	Philosophy	uploaded	Alexandria and Her Schools Four Lectures Delivered at the Philosophical Institution, Edinburgh	Kingsley, Charles, 1819-1875
PG36518	Fiction	uploaded	All Men are Ghosts	Jacks, L. P. (Lawrence Pearsall), 1860-1955
PG57369	Philosophy	uploaded	All Things are Possible	Shestov, Lev, 1866-1938; Lawrence, D. H. (David Herbert), 1885-1930 [Author of introduction, etc.]; Koteliansky, S. S. (Samuel Solomonovitch), 1880-1955 [Translator]
PG4589	Fiction	uploaded	All's for the Best	Arthur, T. S. (Timothy Shay), 1809-1885
PG15895	Fiction	uploaded	Allegories of Life	Adams, J. S., Mrs., 1845-1885
PG57749	Philosophy	uploaded	Altruism: Its Nature and Varieties	Palmer, George Herbert, 1842-1933
PG30763	Fiction	uploaded	Am I Still There?	Hall, James R.; Summers, Leo, 1925-1985 [Illustrator]
PG65452	Religion	uploaded	American Dangers and Duties	Mayo, A. D. (Amory Dwight), 1823-1907
PG10112	Philosophy	uploaded	American Political Ideas Viewed from the Standpoint of Universal History	Fiske, John, 1842-1901
PG69290	Religion	uploaded	American slavery, and the means of its abolition	Ward, Jonathan, 1769-1860
PG8545	Philosophy	deferred_repair	Amiel's Journal: The Journal Intime of Henri-Frédéric Amiel	Amiel, Henri Frédéric, 1821-1881; Ward, Humphry, Mrs., 1851-1920 [Translator]
PG38379	Religion	uploaded	An Address to Men of Science Calling Upon Them to Stand Forward and Vindicate the Truth....	Carlile, Richard, 1790-1843
PG64748	Religion	deferred_repair	An analysis of religious belief	Amberley, John Russell, viscount, 1842-1876
PG69367	Philosophy	uploaded	An apology for abolitionists addressed by the anti-slavery society of Meriden, Conn., to their fellow citizens	Anti-slavery Society of Meriden, Conn.; Pratt, Philo; Tibbals, Isaac I.; Webb, Walter
PG16512	Religion	uploaded	An apology for atheism	Southwell, Charles, 1814-1860
PG56487	Religion	deferred_repair	An Apology for the True Christian Divinity Being an explanation and vindication of the principles and doctrines of the people called Quakers	Barclay, Robert, 1648-1690
PG56354	Religion	uploaded	An Appeal to the People in Behalf of Their Rights as Authorized Interpreters of the Bible	Beecher, Catharine Esther, 1800-1878
PG33825	Religion	uploaded	An Atheist Manifesto	Lewis, Joseph, 1889-1968
PG3999	Fiction	split	An Attic Philosopher in Paris — Complete	Souvestre, Émile, 1806-1854
PG3996	Fiction	split	An Attic Philosopher in Paris — Volume 1	Souvestre, Émile, 1806-1854
PG3997	Fiction	split	An Attic Philosopher in Paris — Volume 2	Souvestre, Émile, 1806-1854
PG3998	Fiction	split	An Attic Philosopher in Paris — Volume 3	Souvestre, Émile, 1806-1854
PG9662	Philosophy	split	An Enquiry Concerning Human Understanding	Hume, David, 1711-1776; Selby-Bigge, L. A. (Lewis Amherst), Sir, 1860-1951 [Editor]
PG4320	Philosophy	split	An Enquiry Concerning the Principles of Morals	Hume, David, 1711-1776
PG71026	Philosophy	pending	An enquiry concerning the principles of natural knowledge	Whitehead, Alfred North, 1861-1947
PG13485	Philosophy	split	An Enquiry Concerning the Principles of Taste, and of the Origin of our Ideas of Beauty, etc.	Reynolds, Frances, 1729-1807; Clifford, James L. (James Lowry), 1901-1978 [Commentator]
PG7819	Religion	uploaded	An Enquiry into an Origin of Honour; and the Usefulness of Christianity in War	Mandeville, Bernard, 1670-1733
PG11449	Religion	uploaded	An Enquiry into the Obligations of Christians to Use Means for the Conversion of the Heathens In Which the Religious State of the Different Nations of the World, the Success of Former Undertakings, and the Practicability of Further Undertakings, Are Considered	Carey, William, 1761-1834
PG62362	Philosophy	uploaded	An epitome of astronomy, with the new discoveries including an account of the eídouraníon, or transparent orrery	Walker, William, 1766?-1816; Walker, A. (Adam), 1731?-1821 [Contributor]
PG10615	Philosophy	split	An Essay Concerning Humane Understanding, Volume 1 MDCXC, Based on the 2nd Edition, Books 1 and 2	Locke, John, 1632-1704
PG10616	Philosophy	split	An Essay Concerning Humane Understanding, Volume 2 MDCXC, Based on the 2nd Edition, Books 3 and 4	Locke, John, 1632-1704
PG34022	Religion	uploaded	An Essay in Aid of a Grammar of Assent	Newman, John Henry, 1801-1890
PG49152	Psychology	uploaded	An Essay on Demonology, Ghosts and Apparitions, and Popular Superstitions Also, an Account of the Witchcraft Delusion at Salem, in 1692	Thacher, James, 1754-1844
PG58606	Psychology	uploaded	An Essay on Laughter: Its Forms, Its Causes, Its Development and Its Value	Sully, James, 1842-1923
PG2428	Poetry	uploaded	An Essay on Man; Moral Essays and Satires	Pope, Alexander, 1688-1744; Morley, Henry, 1822-1894 [Editor]
PG52759	Religion	uploaded	An Essay on Papal Infallibility	Sinclair, John, 1797-1875
PG22359	Philosophy	uploaded	An Essay on Professional Ethics Second Edition	Sharswood, George, 1810-1883
PG26123	Philosophy	uploaded	An Essay on Slavery and Abolitionism With reference to the duty of American females	Beecher, Catharine Esther, 1800-1878
PG5399	Philosophy	uploaded	An essay on the American contribution and the democratic idea	Churchill, Winston, 1871-1947
PG29510	Philosophy	uploaded	An Essay on the Beautiful, from the Greek of Plotinus	Plotinus, 205?-270; Taylor, Thomas, 1758-1835 [Translator]
PG35110	Religion	uploaded	An Essay on the Development of Christian Doctrine	Newman, John Henry, 1801-1890
PG8940	Philosophy	deferred_repair	An Essay on the Evils of Popular Ignorance	Foster, John, 1770-1843
PG52091	Philosophy	uploaded	An essay on the foundations of geometry	Russell, Bertrand, 1872-1970
PG8646	Philosophy	deferred_repair	An Essay on the History of Civil Society, Eighth Edition	Ferguson, Adam, 1723-1816
PG4239	Economics	split	An Essay on the Principle of Population	Malthus, T. R. (Thomas Robert), 1766-1834
PG27237	Religion	uploaded	An Essay on the Scriptural Doctrine of Immortality	Challis, James, 1803-1882
PG10611	Philosophy	split	An Essay on the Slavery and Commerce of the Human Species, Particularly the African Translated from a Latin Dissertation, Which Was Honoured with the First Prize in the University of Cambridge, for the Year 1785, with Additions	Clarkson, Thomas, 1760-1846
PG1201	Philosophy	split	An Essay on the Trial By Jury	Spooner, Lysander, 1808-1887
PG32984	Philosophy	uploaded	An Essay on the Trial by Jury	Spooner, Lysander, 1808-1887
PG28921	Philosophy	uploaded	An Essay on True and Apparent Beauty in which from Settled Principles is Rendered the Grounds for Choosing and Rejecting Epigrams	Nicole, Pierre, 1625-1695; Cunningham, J. V. (James Vincent), 1911-1985 [Translator]
PG4722	Philosophy	uploaded	An Essay Towards a New Theory of Vision	Berkeley, George, 1685-1753
PG66369	Philosophy	uploaded	An Essay Towards a Philosophy of Education: A Liberal Education for All	Mason, Charlotte M. (Charlotte Maria), 1842-1923; Lyttelton, Edward, Hon., 1855-1942 [Author of introduction, etc.]
PG16233	Philosophy	uploaded	An Essay towards Fixing the True Standards of Wit, Humour, Railery, Satire, and Ridicule (1744)	Morris, Corbyn, 1710-1779; Clifford, James L. (James Lowry), 1901-1978 [Commentator]
PG20843	Philosophy	uploaded	An Estimate of the Value and Influence of Works of Fiction in Modern Times	Green, Thomas Hill, 1836-1882; Scott, Fred Newton, 1860-1931 [Editor]
PG60068	Religion	uploaded	An ethical philosophy of life presented in its main outlines	Adler, Felix, 1851-1933
PG20222	Philosophy	deferred_repair	An ethical problem; or, Sidelights upon scientific experimentation on man and animals	Leffingwell, Albert, 1845-1916
PG29554	Philosophy	uploaded	An Ethnologist's View of History An Address Before the Annual Meeting of the New Jersey Historical Society, at Trenton, New Jersey, January 28, 1896	Brinton, Daniel G. (Daniel Garrison), 1837-1899
PG35839	Philosophy	uploaded	An Examination of President Edwards' Inquiry into the Freedom of the Will	Bledsoe, Albert Taylor, 1809-1877
PG3614	Religion	uploaded	An Exhortation to Peace and Unity	Bunyan, John, 1628-1688
PG39803	Philosophy	uploaded	An Explanatory Discourse by Tan Chet-qua of Quang-chew-fu, Gent.	Chambers, William, Sir, 1723-1796; Quaintance, Richard [Author of introduction, etc.]
PG17273	Religion	pending	An Exposition of the Last Psalme	Boys, John, 1571-1625
PG68724	Philosophy	deferred_repair	An historical and moral view of the origin and progress of the French Revolution; and the effect it has produced in Europe	Wollstonecraft, Mary, 1759-1797
PG59995	Psychology	uploaded	An Historical Sketch of the Conceptions of Memory among the Ancients	Burnham, William Henry, 1855-1941
PG69837	Fiction	uploaded	An index finger	Abrojal, Tulis
PG20694	Philosophy	uploaded	An Inquiry into the Nature of Peace and the Terms of Its Perpetuation	Veblen, Thorstein, 1857-1929
PG16575	Economics	split	An inquiry into the permanent causes of the decline and fall of powerful and wealthy nations	Playfair, William, 1759-1823
PG16835	Religion	split	An Interpretation of Rudolf Eucken's Philosophy	Jones, W. Tudor (William Tudor), 1865-1946
PG16406	Philosophy	split	An Introduction to Philosophy	Fullerton, George Stuart, 1859-1925
PG32168	Philosophy	uploaded	An Introduction to the Philosophy of Law	Pound, Roscoe, 1870-1964
PG4278	Religion	uploaded	An Introduction to Yoga	Besant, Annie, 1847-1933
PG69983	Philosophy	uploaded	An original theory or new hypothesis of the universe	Wright, Thomas, 1711-1786
PG30718	Religion	uploaded	An Outline of Occult Science	Steiner, Rudolf, 1861-1925
PG34309	Philosophy	uploaded	An Outline of Sexual Morality	Ingram, Kenneth, 1882-1965
PG15780	Religion	split	An Outline of the History of Christian Thought Since Kant	Moore, Edward Caldwell, 1857-1943
PG30866	Philosophy	uploaded	Analysis of Mr. Mill's System of Logic	Stebbing, W. (William), 1832-1926
PG56441	Psychology	deferred_repair	Analysis of the Phenomena of the Human Mind	Mill, James, 1773-1836; Bain, Alexander, 1818-1903 [Commentator]; Findlater, Andrew, 1810-1885 [Commentator]; Grote, George, 1794-1871 [Commentator]; Mill, John Stuart, 1806-1873 [Editor]
PG36690	Philosophy	uploaded	Anarchism	Eltzbacher, Paul, 1868-1928; Byington, Steven T. (Steven Tracy), 1868-1957 [Translator]
PG30506	Philosophy	uploaded	Anarchism and Socialism	Plekhanov, Georgii Valentinovich, 1856-1918; Aveling, Eleanor Marx, 1855-1898 [Translator]
PG40365	Philosophy	uploaded	Anarchy	Malatesta, Errico, 1853-1932
PG72001	Philosophy	pending	Anarchy	LeFevre, Robert, 1911-1986
PG30200	Religion	deferred_repair	Ancient and Modern Celebrated Freethinkers Reprinted From an English Work, Entitled "Half-Hours With The Freethinkers.	Bradlaugh, Charles, 1833-1891; Collins, Anthony, active 19th century; Watts, John
PG10773	Religion	uploaded	Ancient and Modern Physics	Willson, Thomas Edgar, 1846-1901
PG17087	Fiction	pending	Ancient Art and Ritual	Harrison, Jane Ellen, 1850-1928
PG38100	Religion	uploaded	Ancient Faiths And Modern A Dissertation upon Worships, Legends and Divinities in Central and Western Asia, Europe, and Elsewhere, Before the Christian Era. Showing Their Relations to Religious Customs as They Now Exist.	Inman, Thomas, 1820-1876
PG18507	Religion	deferred_repair	Angelic Wisdom about Divine Providence	Swedenborg, Emanuel, 1688-1772; Wunsch, William F. (William Frederic), 1882-1969 [Translator]
PG16627	Religion	deferred_repair	Angelic Wisdom Concerning the Divine Love and the Divine Wisdom	Swedenborg, Emanuel, 1688-1772; Ager, John C. (John Curtis), 1835-1913 [Translator]
PG54462	Psychology	uploaded	Animal Behaviour	Morgan, C. Lloyd (Conwy Lloyd), 1852-1936
PG64498	Philosophy	uploaded	Animals' Rights Considered in Relation to Social Progress	Salt, Henry S., 1851-1939
PG14120	Religion	uploaded	Answer to Dr. Priestley's Letters to a Philosophical Unbeliever	Hammon, William; Turner, Matthew, -1788?
PG69376	Philosophy	uploaded	Anti-slavery catechism	Child, Lydia Maria, 1802-1880
PG56758	Philosophy	uploaded	Anton Tchekhov, and Other Essays	Shestov, Lev, 1866-1938; Koteliansky, S. S. (Samuel Solomonovitch), 1880-1955 [Translator]; Murry, John Middleton, 1889-1957 [Translator]
PG35584	Philosophy	uploaded	Aphorisms and Reflections from the works of T. H. Huxley	Huxley, Thomas Henry, 1825-1895; Huxley, Henrietta A., -1915 [Editor]
PG38097	Philosophy	uploaded	Aphorisms and Reflections from the Works of T. H. Huxley	Huxley, Thomas Henry, 1825-1895; Huxley, Henrietta A., -1915 [Editor]
PG27752	Philosophy	uploaded	Aphrodisiacs and Anti-aphrodisiacs: Three Essays on the Powers of Reproduction	Davenport, John, 1789-1877
PG35460	Religion	uploaded	Apollonius of Tyana, the Philosopher-Reformer of the First Century A.D.	Mead, G. R. S. (George Robert Stow), 1863-1933
PG27795	Philosophy	uploaded	Apologia Diffidentis	Dalton, O. M. (Ormonde Maddock), 1866-1945
PG1656	Philosophy	uploaded	Apology	Plato, 428? BCE-348? BCE; Jowett, Benjamin, 1817-1893 [Translator]
PG13726	Philosophy	uploaded	Apology, Crito, and Phaedo of Socrates	Plato, 428? BCE-348? BCE; Brooks, Edward, 1831-1912 [Commentator]; Cary, Henry, 1804-1870 [Translator]
PG56489	Psychology	uploaded	Apparitions and thought-transference: an examination of the evidence for telepathy	Podmore, Frank, 1856-1910
PG46710	Philosophy	uploaded	Appletons' Popular Science Monthly, October 1899 Vol. LV, May to October, 1899	Various; Youmans, William Jay, 1838-1901 [Editor]
PG19560	Philosophy	uploaded	Applied Eugenics	Popenoe, Paul, 1888-1979; Johnson, Roswell H. (Roswell Hill), 1877-1967
PG4037	Philosophy	uploaded	Appreciations, with an Essay on Style	Pater, Walter, 1839-1894
PG33109	Fiction	uploaded	Arabian Wisdom: Selections and Translations from the Arabic	Wortabet, John, 1827-1908
PG61593	Religion	uploaded	Arabic Thought and Its Place in History	O'Leary, De Lacy, 1872-1957
PG25897	Philosophy	uploaded	Aratra Pentelici, Seven Lectures on the Elements of Sculpture Given before the University of Oxford in Michaelmas Term, 1870	Ruskin, John, 1819-1900
PG75452	Psychology	uploaded	Archimedes; or, the future of physics	Whyte, Lancelot Law, 1896-1972
PG12625	Philosophy	uploaded	Architecture and Democracy	Bragdon, Claude Fayette, 1866-1946
PG26438	Philosophy	uploaded	Are the Effects of Use and Disuse Inherited? An Examination of the View Held by Spencer and Darwin	Ball, W. P. (William Platt), 1844-1917
PG608	Philosophy	uploaded	Areopagitica A Speech for the Liberty of Unlicensed Printing to the Parliament of England	Milton, John, 1608-1674
PG37696	Religion	uploaded	Arguments of Celsus, Porphyry, and the Emperor Julian, Against the Christians Also Extracts from Diodorus Siculus, Josephus, and Tacitus, Relating to the Jews, Together with an Appendix	Taylor, Thomas, 1758-1835 [Editor]; Celsus (Platonic philosopher), active 180; Diodorus, Siculus; Josephus, Flavius, 38?-100?; Julian, Emperor of Rome, 331-363; Porphyry, 234?-305?; Tacitus, Cornelius, 56-117
PG54165	Philosophy	uploaded	Ariosto, Shakespeare and Corneille	Croce, Benedetto, 1866-1952; Ainslie, Douglas, 1865-1948 [Translator]
PG45851	Philosophy	uploaded	Aristotle	Grote, George, 1794-1871; Bain, Alexander, 1818-1903 [Editor]; Robertson, George Croom, 1842-1892 [Editor]
PG48002	Philosophy	uploaded	Aristotle	Taylor, A. E. (Alfred Edward), 1869-1945
PG40552	Philosophy	uploaded	Aristotle and Ancient Educational Ideals	Davidson, Thomas, 1840-1900
PG6763	Poetry	uploaded	Aristotle on the art of poetry	Aristotle, 385 BCE-323 BCE; Murray, Gilbert, 1866-1957 [Contributor]; Bywater, Ingram, 1840-1914 [Translator]
PG17158	Philosophy	pending	Armageddon—And After	Courtney, W. L. (William Leonard), 1850-1928
PG30204	Religion	uploaded	Arrows of Freethought	Foote, G. W. (George William), 1850-1915
PG16917	Philosophy	needs_review	Art	Bell, Clive, 1881-1964
PG59799	Philosophy	uploaded	Art	Rodin, Auguste, 1840-1917; Gsell, Paul, 1870-1947 [Editor]; Fedden, Katharine Waldo Douglas, 1870-1939 [Translator]
PG64443	Philosophy	uploaded	Art principles in literature	Donnelly, Francis P. (Francis Patrick), 1869-1959
PG36427	Philosophy	uploaded	Art Principles with Special Reference to Painting Together with Notes on the Illusions Produced by the Painter	Govett, Ernest
PG4507	Philosophy	uploaded	As a man thinketh	Allen, James, 1864-1912
PG24121	Fiction	uploaded	As Long As You Wish	O'Keefe, John; Van Dongen, H. R., 1920-2010 [Illustrator]
PG33854	Fiction	uploaded	Ask a Foolish Question	Sheckley, Robert, 1928-2005
PG76989	Philosophy	uploaded	Aspects of science	Sullivan, J. W. N. (John William Navin), 1886-1937
PG8855	Fiction	uploaded	Astral Worship	Hill, J. H.
PG66406	Religion	uploaded	Astronomy and General Physics Considered with Reference to Natural Theology	Whewell, William, 1794-1866
PG4613	Philosophy	uploaded	At Large	Benson, Arthur Christopher, 1862-1925
PG21019	Philosophy	uploaded	At the Deathbed of Darwinism: A Series of Papers	Dennert, Eberhard, 1861-1942; O'Harra, Edwin V. [Translator]; Peschges, John H. [Translator]
PG25339	Religion	uploaded	Atheism Among the People	Lamartine, Alphonse de, 1790-1869; Hale, Edward Everett, 1822-1909 [Translator]; Le Baron, Francis, 1824-1911 [Translator]
PG28312	Religion	uploaded	Atheism in Pagan Antiquity	Drachmann, A. B. (Anders Björn), 1860-1935; Hill, George Francis, Sir, 1867-1948 [Editor]; Andersen, Ingeborg, 1887-1960 [Translator]
PG16833	Philosophy	split	Auguste Comte and Positivism	Mill, John Stuart, 1806-1873
PG10378	Philosophy	split	Autobiography	Mill, John Stuart, 1806-1873
PG28262	Religion	uploaded	Avatâras Four lectures delivered at the twenty-fourth anniversary meeting of the Theosophical Society at Adyar, Madras, December, 1899	Besant, Annie, 1847-1933
PG13084	Drama	split	Back to Methuselah: A Metabiological Pentateuch	Shaw, Bernard, 1856-1950
PG13888	Philosophy	split	Bacon	Church, R. W. (Richard William), 1815-1890; Morley, John, 1838-1923 [Editor]
PG56463	Philosophy	deferred_repair	Bacon's Essays, and Wisdom of the Ancients	Bacon, Francis, 1561-1626; Montagu, Basil, 1770-1851 [Contributor]; Spiers, A. (Alexander), 1807-1869 [Contributor]
PG19239	Religion	deferred_repair	Bahá'í World Faith	ʻAbdu'l-Bahá, 1844-1921
PG12261	Fiction	deferred_repair	Balder the Beautiful, Volume I. A Study in Magic and Religion: the Golden Bough, Part VII., The Fire-Festivals of Europe and the Doctrine of the External Soul	Frazer, James George, 1854-1941
PG749	Fiction	uploaded	Barlaam and Ioasaph	John of Damascus, Saint, 676?-749; Mattingly, Harold, 1884-1964 [Translator]; Woodward, George Ratcliffe, 1848-1934 [Translator]
PG5621	Religion	split	Baron d'Holbach : a Study of Eighteenth Century Radicalism in France	Cushing, Max Pearson, 1886-1951
PG10649	Philosophy	deferred_repair	Beacon Lights of History, Volume 14: The New Era A Supplementary Volume, by Recent Writers, as Set Forth in the Preface and Table of Contents	Lord, John, 1810-1894
PG13677	Religion	uploaded	Beautiful Thoughts	Drummond, Henry, 1851-1897
PG43484	Religion	uploaded	Beauty and the Beast: An Essay in Evolutionary Aesthetic	McDowall, Stewart Andrew, 1882-1935
PG35409	Psychology	uploaded	Beauty: Illustrated Chiefly by an Analysis and Classificatin of Beauty in Woman	Walker, Alexander, 1779-1852
PG75420	Philosophy	uploaded	Behind the prison bars	Byrum, E. E. (Enoch Edwin), 1861-1942
PG39751	Philosophy	uploaded	Being Well-Born: An Introduction to Eugenics	Guyer, Michael F. (Michael Frederic), 1874-1959; O'Shea, M. V. (Michael Vincent), 1866-1932 [Editor]
PG54860	Philosophy	uploaded	Benedetto Croce: An Introduction to His Philosophy	Piccoli, Raffaello, 1886-1933; Carr, Herbert Wildon, 1857-1931 [Author of introduction, etc.]
PG5717	Philosophy	split	Bergson and His Philosophy	Gunn, John Alexander, 1896-1975
PG27189	Philosophy	uploaded	Bethink Yourselves!	Tolstoy, Leo, graf, 1828-1910; Chertkov, V. G. (Vladimir Grigorevich), 1854-1936 [Translator]
PG60831	Religion	uploaded	Between Heathenism and Christianity Being a translation of Seneca's De Providentia, and Plutarch's De sera numinis vindicta, together with notes, additional extracts from these writers and two essays on Graeco-Roman life in the first century after Christ.	Super, Charles William, 1842-1939; Plutarch, 46-120?; Seneca, Lucius Annaeus, 5? BCE-65
PG38134	Psychology	uploaded	Beyond	Hubbard, Henry Seward, 1854-
PG4363	Philosophy	split	Beyond Good and Evil	Nietzsche, Friedrich Wilhelm, 1844-1900; Zimmern, Helen, 1846-1934 [Translator]
PG76031	Psychology	uploaded	Beyond the pleasure principle	Freud, Sigmund, 1856-1939; Hubback, C. J. M. (Caroline Jane Mary), 1871-1959 [Translator]
PG30209	Religion	uploaded	Bible Romances, First Series	Foote, G. W. (George William), 1850-1915
PG37700	Religion	uploaded	Biblical Extracts; Or, The Holy Scriptures Analyzed; Showing Its Contradictions, Absurdities, and Immoralities	Cooper, Robert, 1819-1868
PG64470	Religion	uploaded	Biblical Revision, its duties and conditions A sermon preached in St. Paul's Cathedral at the special evening service, on Sunday, March 13, 1870	Alford, Henry, 1810-1871
PG72288	Philosophy	uploaded	Biological analogies in history	Roosevelt, Theodore, 1858-1919
PG18911	Philosophy	uploaded	Biology	Wilson, Edmund B. (Edmund Beecher), 1856-1939
PG64500	Religion	uploaded	Biology versus Theology. The Bible: irreconcilable with Science, Experience, and even its own statements	Julian
PG73050	Philosophy	uploaded	Birth control and the state	Blacker, C. P. (Charles Paton), 1895-1975
PG8773	Religion	split	Birth Control: A Statement of Christian Doctrine against the Neo-Malthusians	Sutherland, Halliday, 1882-1960
PG10516	Philosophy	uploaded	Bits about Home Matters	Jackson, Helen Hunt, 1830-1885
PG23240	Philosophy	deferred_repair	Blackwood's Edinburgh Magazine, No. CCCXXXVI. October, 1843. Vol. LIV.	Various
PG75032	Religion	deferred_repair	Blackwood's Edinburgh Magazine, Vol. 76, No. 468, October, 1854	Various
PG33141	Philosophy	uploaded	Blackwood's Edinburgh Magazine, Volume 57, No. 355, May 1845	Various
PG29110	Philosophy	uploaded	Blackwood's Edinburgh Magazine, Volume 58, Number 360, October 1845	Various
PG17220	Fiction	pending	Bohemian Society	Leavitt, Lydia
PG71789	Fiction	uploaded	Bones and I	Whyte-Melville, G. J. (George John), 1821-1878; Forestier, A. (Amédée), 1854-1930 [Illustrator]
PG21130	Philosophy	uploaded	Book of Wise Sayings Selected Largely from Eastern Sources	Clouston, W. A. (William Alexander), 1843-1896
PG34962	Fiction	uploaded	Boon, The Mind of the Race, The Wild Asses of the Devil, and The Last Trump; Being a First Selection from the Literary Remains of George Boon, Appropriate to the Times	Wells, H. G. (Herbert George), 1866-1946
PG19459	Fiction	uploaded	Born Again	Lawson, Alfred W. (Alfred William), 1869-1954
PG53683	Philosophy	uploaded	Bronson Alcott's Fruitlands, compiled by Clara Endicott Sears With Transcendental Wild Oats, by Louisa M. Alcott	Sears, Clara Endicott, 1863-1960 [Compiler]; Alcott, Louisa May, 1832-1888 [Contributor]
PG38874	Poetry	uploaded	Browning and His Century	Clarke, Helen A. (Helen Archibald), 1860-1926
PG13561	Poetry	split	Browning as a Philosophical and Religious Teacher	Jones, Henry, Sir, 1852-1922
PG25890	Psychology	uploaded	Buchanan's Journal of Man, April 1887 Volume 1, Number 3	Buchanan, Joseph R. (Joseph Rodes), 1814-1899 [Editor]
PG27648	Religion	uploaded	Buchanan's Journal of Man, August 1887 Volume 1, Number 7	Buchanan, Joseph R. (Joseph Rodes), 1814-1899 [Editor]
PG22336	Psychology	uploaded	Buchanan's Journal of Man, February 1887 Volume 1, Number 1	Buchanan, Joseph R. (Joseph Rodes), 1814-1899 [Editor]
PG27812	Religion	uploaded	Buchanan's Journal of Man, January 1888 Volume 1, Number 12	Buchanan, Joseph R. (Joseph Rodes), 1814-1899 [Editor]
PG27570	Psychology	uploaded	Buchanan's Journal of Man, July 1887 Volume 1, Number 6	Buchanan, Joseph R. (Joseph Rodes), 1814-1899 [Editor]
PG26401	Philosophy	uploaded	Buchanan's Journal of Man, June 1887 Volume 1, Number 5	Buchanan, Joseph R. (Joseph Rodes), 1814-1899 [Editor]
PG25819	Psychology	uploaded	Buchanan's Journal of Man, March 1887 Volume 1, Number 2	Buchanan, Joseph R. (Joseph Rodes), 1814-1899 [Editor]
PG26317	Psychology	uploaded	Buchanan's Journal of Man, May 1887 Volume 1, Number 4	Buchanan, Joseph R. (Joseph Rodes), 1814-1899 [Editor]
PG27717	Psychology	uploaded	Buchanan's Journal of Man, October 1887 Volume 1, Number 9	Buchanan, Joseph R. (Joseph Rodes), 1814-1899 [Editor]
PG27703	Philosophy	uploaded	Buchanan's Journal of Man, September 1887 Volume 1, Number 8	Buchanan, Joseph R. (Joseph Rodes), 1814-1899 [Editor]
PG76869	Religion	uploaded	Buddhism	Small, Annie H., 1857-1945
PG77146	Philosophy	uploaded	Buddhism & science	Dahlke, Paul, 1865-1928; Sīlāchāra, Bhikkhu, 1871-1951 [Translator]
PG1885	Religion	uploaded	Bunyan Characters (1st Series)	Whyte, Alexander, 1836-1921
PG12922	Philosophy	split	Burke	Morley, John, 1838-1923
PG12096	Religion	uploaded	Bushido, the Soul of Japan	Nitobe, Inazo, 1862-1933
PG1271	Philosophy	uploaded	Bygone Beliefs: Being a Series of Excursions in the Byways of Thought	Redgrove, H. Stanley (Herbert Stanley), 1887-1943
PG36795	Philosophy	uploaded	Bygones Worth Remembering, Vol. 1 (of 2)	Holyoake, George Jacob, 1817-1906
PG36796	Philosophy	uploaded	Bygones Worth Remembering, Vol. 2 (of 2)	Holyoake, George Jacob, 1817-1906
PG30440	Fiction	uploaded	Byways of Ghost-Land	O'Donnell, Elliott, 1872-1965
PG73730	Philosophy	uploaded	Callinicus	Haldane, J. B. S. (John Burdon Sanderson), 1892-1964
PG38232	Religion	uploaded	Calvinistic Controversy Embracing a Sermon on Predestination and Election and Several Numbers, Formally Published in the Christian Advocate and Journal.	Fisk, Wilbur, 1792-1839
PG3279	Philosophy	uploaded	Canterbury Pieces	Butler, Samuel, 1835-1902
PG34392	Philosophy	uploaded	Cape Cod	Thoreau, Henry David, 1817-1862; Johnson, Clifton, 1865-1940 [Illustrator]
PG56955	Religion	deferred_repair	Catholic World, Vol. 24, October, 1876, to March, 1877 A Monthly Magazine of General Literature and Science	Various
PG22199	Philosophy	uploaded	Chambers's Edinburgh Journal, No. 453 Volume 18, New Series, September 4, 1852	Various; Chambers, Robert, 1802-1871 [Editor]; Chambers, William, 1800-1883 [Editor]
PG65274	Philosophy	uploaded	Chance, Love, and Logic: Philosophical Essays	Peirce, Charles S. (Charles Sanders), 1839-1914; Dewey, John, 1859-1952 [Contributor]; Cohen, Morris R. (Morris Raphael), 1880-1947 [Editor]
PG2541	Philosophy	split	Character	Smiles, Samuel, 1812-1904
PG39648	Philosophy	uploaded	Character and conduct	Whishaw, Constance M. [Compiler]; Poynter, Edward John, 1836-1919 [Illustrator]
PG34654	Philosophy	uploaded	Character and Opinion in the United States With Reminiscences of William James and Josiah Royce and Academic Life in America	Santayana, George, 1863-1952
PG1580	Philosophy	uploaded	Charmides	Plato, 428? BCE-348? BCE; Jowett, Benjamin, 1817-1893 [Translator]
PG42083	Religion	deferred_repair	Chaucer's Translation of Boethius's "De Consolatione Philosophiae	Boethius, 480-525?; Morris, Richard, 1833-1894 [Editor]; Chaucer, Geoffrey, 1343?-1400 [Translator]
PG44833	Poetry	uploaded	Chaucer's Works, Volume 2 — Boethius and Troilus	Chaucer, Geoffrey, 1343?-1400; Skeat, Walter W. (Walter William), 1835-1912 [Editor]
PG28393	Philosophy	uploaded	China, Japan and the U.S.A. Present-Day Conditions in the Far East and Their Bearing on the Washington Conference	Dewey, John, 1859-1952
PG10056	Poetry	split	Chinese literature	Wilson, Epiphanius, 1845-1916 [Editor]; Confucius, 552 BCE-480 BCE; Faxian, 337?-422?; Mencius, 373? BCE-290? BCE; Davis, John Francis, Sir, 1795-1890 [Translator]; Jennings, William, 1847-1927 [Translator]; Legge, James, 1815-1897 [Translator]
PG24686	Religion	deferred_repair	Chips from a German Workshop, Volume 1 Essays on the Science of Religion	Müller, F. Max (Friedrich Max), 1823-1900
PG27810	Religion	uploaded	Chips from a German Workshop, Volume 5 Miscellaneous Later Essays	Müller, F. Max (Friedrich Max), 1823-1900
PG20631	Religion	uploaded	Chosen Peoples Being the First "Arthur Davis Memorial Lecture" delivered before the Jewish Historical Society at University College on Easter-Passover Sunday, 1918/5678	Zangwill, Israel, 1864-1926
PG63769	Religion	uploaded	Christ Remembered at His Table	Alexander, John, 1792-1868
PG40984	Fiction	uploaded	Christian Mystery: A Chinese Tale, Found in the Portfolio of a Portuguese Friar	Anonymous
PG14596	Religion	deferred_repair	Christian Mysticism	Inge, William Ralph, 1860-1954
PG35748	Psychology	uploaded	Christian Phrenology: A Guide to Self-Knowledge	Bunney, Joseph
PG22105	Religion	uploaded	Christianity and Ethics: A Handbook of Christian Ethics	Alexander, Archibald B. D. (Archibald Browning Drysdale), 1855-1931
PG27571	Religion	uploaded	Christianity and Greek Philosophy or, the relation between spontaneous and reflective thought in Greece and the positive teaching of Christ and His Apostles	Cocker, B. F. (Benjamin Franklin), 1821-1883
PG11198	Religion	uploaded	Christianity and Islam	Becker, Carl Heinrich, 1876-1933; Chaytor, H. J. (Henry John), 1871-1954 [Translator]
PG41280	Religion	uploaded	Christianity and Modern Thought	Bellows, Henry W. (Henry Whitney), 1814-1882; Clarke, James Freeman, 1810-1888; Coquerel, Athanase, 1820-1875; Dewey, Orville, 1794-1882; Everett, Charles Carroll, 1829-1900; Hedge, Frederic Henry, 1805-1890; Martineau, James, 1805-1900; Peabody, Andrew P. (Andrew Preston), 1811-1893; Smith, George Vance, 1816?-1902; Stearns, Oliver, 1807-1885
PG21992	Religion	uploaded	Christianity and Progress	Fosdick, Harry Emerson, 1878-1969
PG24507	Religion	uploaded	Christianity as Mystical Fact, and the Mysteries of Antiquity	Steiner, Rudolf, 1861-1925; Collison, Harry, 1868-1945 [Editor]
PG64503	Religion	uploaded	Christianity in relation to Freethought, Scepticism, and Faith Three discourses by the Bishop of Peterborough with special replies by Mr. C. Bradlaugh	Magee, William Connor, 1822-1891; Bradlaugh, Charles, 1833-1891; Cooper, Robert A. [Contributor]; Goulburn, Edward Meyrick, 1818-1897 [Contributor]
PG40770	Religion	uploaded	Christianity Unveiled Being an Examination of the Principles and Effects of the Christian Religion	Holbach, Paul Henri Thiry, baron d', 1723-1789; Johnson, W. M. (William Martin), 1771?-1797 [Translator]
PG60815	Religion	uploaded	Christianity Viewed in Relation to the Present State of Society and Opinion.	Guizot, François, 1787-1874
PG13349	Religion	deferred_repair	Christianity: Its Evidences, Its Origin, Its Morality, Its History	Besant, Annie, 1847-1933
PG30608	Religion	deferred_repair	Christology of the Old Testament: And a Commentary on the Messianic Predictions. Vol. 2	Hengstenberg, Ernst Wilhelm, 1802-1869; Meyer, Theodore [Translator]
PG59709	Religion	uploaded	Chuang Tzu: Mystic, Moralist, and Social Reformer	Zhuangzi; Moore, Aubrey L. (Aubrey Lackington), 1848-1890 [Contributor]; Giles, Herbert Allen, 1845-1935 [Translator]
PG43896	Religion	uploaded	Church and Nation The Bishop Paddock Lectures for 1914-15	Temple, William, 1881-1944
PG40211	Religion	uploaded	Church Reform The Only Means to That End, Stated in a Letter to Sir Robert Peel, Bart., First Lord of the Treasury	Carlile, Richard, 1790-1843
PG9776	Philosophy	uploaded	Cicero's Brutus or History of Famous Orators; also His Orator, or Accomplished Speaker.	Cicero, Marcus Tullius, 107 BCE-44 BCE; Jones, E. [Translator]
PG14988	Religion	split	Cicero's Tusculan Disputations Also, Treatises On The Nature Of The Gods, And On The Commonwealth	Cicero, Marcus Tullius, 107 BCE-44 BCE; Yonge, Charles Duke, 1812-1891 [Translator]
PG72099	Philosophy	deferred_repair	Citizen or subject?	Hennessy, Francis X.
PG44094	Philosophy	uploaded	Civilisation: Its Cause and Cure; and Other Essays	Carpenter, Edward, 1844-1929
PG76061	Philosophy	uploaded	Civilization and ethics	Schweitzer, Albert, 1875-1965; Campion, C. T. (Charles Thomas), 1861-1938 [Translator]
PG29399	Religion	uploaded	Clairvoyance	Leadbeater, C. W. (Charles Webster), 1854-1934
PG13766	Philosophy	uploaded	Cobwebs of Thought	Arachne
PG15905	Religion	deferred_repair	Collected Essays, Volume V Science and Christian Tradition: Essays	Huxley, Thomas Henry, 1825-1895
PG55531	Religion	uploaded	Common Sense Applied to Religion; Or, The Bible and the People	Beecher, Catharine Esther, 1800-1878
PG13072	Philosophy	uploaded	Common sense, how to exercise it	Yoritomo-Tashi, -1940; Blanchard, Mme. [Commentator]; Berthelot de la Boileverie, Lily Kendall Beers [Translator]
PG61234	Philosophy	uploaded	Common-Sense Country	Bevington, L. S. (Louisa Sarah), 1845-1895
PG30758	Religion	uploaded	Communism and Christianism Analyzed and Contrasted from the Marxian and Darwinian Points of View	Brown, William Montgomery, 1855-1937
PG73035	Philosophy	uploaded	Compensation	Emerson, Ralph Waldo, 1803-1882
PG19268	Religion	uploaded	Compilation on Peace	Universal House of Justice; Bahá'u'lláh, 1817-1892 [Contributor]; ʻAbdu'l-Bahá, 1844-1921 [Contributor]; Shoghi, Effendi, 1897-1957 [Contributor]
PG3052	Philosophy	split	Complete Works of Plutarch — Volume 3: Essays and Miscellanies	Plutarch, 46-120?
PG13906	Philosophy	split	Conception Control and Its Effects on the Individual and the Nation	Barrett, Florence Elizabeth, 1867-1945
PG1911	Religion	uploaded	Concerning Christian Liberty; with Letter of Martin Luther to Pope Leo X.	Luther, Martin, 1483-1546
PG31504	Philosophy	uploaded	Concerning Justice	Emery, Lucilius A. (Lucilius Alonzo), 1840-1920
PG5321	Religion	uploaded	Concerning the Spiritual in Art	Kandinsky, Wassily, 1866-1944; Sadleir, Michael, 1888-1957 [Translator]
PG46209	Philosophy	uploaded	Concord Days	Alcott, Amos Bronson, 1799-1888
PG2575	Religion	split	Confessions of an Inquiring Spirit and Some Miscellaneous Pieces	Coleridge, Samuel Taylor, 1772-1834; Morley, Henry, 1822-1894 [Editor]
PG25653	Philosophy	uploaded	Conflict of Northern and Southern Theories of Man and Society Great Speech, Delivered in New York City	Beecher, Henry Ward, 1813-1887
PG58136	Philosophy	uploaded	Conscience & Fanaticism: An Essay on Moral Values	Pitt-Rivers, George Henry Lane Fox, 1890-1966
PG37774	Religion	uploaded	Considerations on Religion and Public Education With remarks on the speech of M. Dupont delivered in the National Convention of France, together with an address to the ladies, &c. of Great Britain and Ireland	More, Hannah, 1745-1833
PG5669	Philosophy	split	Considerations on Representative Government	Mill, John Stuart, 1806-1873
PG69256	Philosophy	uploaded	Considerations on the Negroe cause commonly so called Addressed to the Right Honourable Lord Mansfield, lord chief justice of the Court of King's Bench, &c.	Estwick, Samuel, 1736?-1795
PG58048	Religion	uploaded	Consolation in Life and Death, Derived from the Life of Christ Being the substance of a sermon on the death of Mrs. Turner, preached at the Surrey Tabernacle, on Sunday evening, the 15th of August, 1824	Church, J. (John), 1780?-1825?
PG17882	Philosophy	uploaded	Consolations in Travel; or, the Last Days of a Philosopher	Davy, Humphry, Sir, 1778-1829; Morley, Henry, 1822-1894 [Editor]
PG43040	Economics	uploaded	Consumers and Wage-Earners: The Ethics of Buying Cheap	Ross, J. Elliot (John Elliot), 1884-1946
PG66559	Philosophy	uploaded	Conversations on the Plurality of Worlds	Fontenelle, M. de (Bernard Le Bovier), 1657-1757; Lalande, Joseph Jérôme Le Français de, 1732-1807 [Contributor]; Gunning, Miss (Elizabeth), 1769-1823 [Translator]
PG13333	Philosophy	uploaded	Correspondence & Conversations of Alexis de Tocqueville with Nassau William Senior from 1834 to 1859, Volume 2	Tocqueville, Alexis de, 1805-1859; Senior, Nassau William, 1790-1864; Simpson, M. C. M. (Mary Charlotte Mair) [Editor]
PG14002	Religion	split	Cosmic Consciousness: The Man-God Whom We Await	McIvor-Tyndall, Alexander J. (Alexander James), -1940
PG70749	Religion	uploaded	Cosmic symbolism	Sepharial, 1864-1929
PG49631	Poetry	uploaded	Cosmos	McGaffey, Ernest, 1861-
PG10767	Philosophy	uploaded	Courage	Barrie, J. M. (James Matthew), 1860-1937
PG3549	Poetry	uploaded	Cowley's Essays	Cowley, Abraham, 1618-1667
PG1616	Philosophy	uploaded	Cratylus	Plato, 428? BCE-348? BCE; Jowett, Benjamin, 1817-1893 [Translator]
PG29673	Philosophy	uploaded	Creating Capital Money-making as an aim in business	Lipman, Frederick L. (Frederic Lockwood), 1866-
PG12852	Religion	split	Creation and Its Records A Brief Statement of Christian Belief with Reference to Modern Facts and Ancient Scripture	Baden-Powell, B. H. (Baden Henry), 1841-1901
PG50086	Religion	uploaded	Creation or Evolution? A Philosophical Inquiry	Curtis, George Ticknor, 1812-1894
PG26163	Philosophy	uploaded	Creative Evolution	Bergson, Henri, 1859-1941; Mitchell, Arthur, 1872-1953 [Translator]
PG33727	Philosophy	uploaded	Creative Intelligence: Essays in the Pragmatic Attitude	Dewey, John, 1859-1952; Bode, Boyd Henry, 1873-1953; Brown, Harold Chapman, 1879-1943; Kallen, Horace Meyer, 1882-1974; Mead, George H.; Moore, Addison Webster, 1866-1930; Stuart, Henry Waldgrave, 1870-1951; Tufts, James Hayden, 1862-1942
PG23136	Religion	uploaded	Creative Unity	Tagore, Rabindranath, 1861-1941
PG37697	Religion	uploaded	Creed and Deed: A Series of Discourses	Adler, Felix, 1851-1933
PG58700	Philosophy	uploaded	Crimes and Punishments Including a New Translation of Beccaria's 'Dei Delitti e delle Pene'	Farrer, James Anson, 1849-1925
PG1571	Fiction	uploaded	Critias	Plato, 428? BCE-348? BCE; Jowett, Benjamin, 1817-1893 [Translator]
PG38102	Religion	uploaded	Critical Examination of the Life of St. Paul	Annet, Peter, 1693-1769; Boulanger, Nicolas Antoine, 1722-1759 [Dubious author]; Holbach, Paul Henri Thiry, baron d', 1723-1789 [Translator]
PG16937	Philosophy	uploaded	Critical Miscellanies (Vol 2 of 3), Essay 1: Vauvenargues	Morley, John, 1838-1923
PG22865	Economics	uploaded	Critical Miscellanies (Vol. 2 of 3), Essay 2: Turgot	Morley, John, 1838-1923
PG24492	Philosophy	uploaded	Critical Miscellanies (Vol. 2 of 3), Essay 3: Condorcet	Morley, John, 1838-1923
PG24553	Religion	uploaded	Critical Miscellanies (Vol. 2 of 3), Essay 4: Joseph de Maistre	Morley, John, 1838-1923
PG29033	Philosophy	uploaded	Critical Miscellanies (Vol. 3 of 3), Essay 10: Auguste Comte	Morley, John, 1838-1923
PG20887	Philosophy	uploaded	Critical Miscellanies, (Vol. 3 of 3), Essay 2: The Death of Mr Mill; Essay 3: Mr Mill's Autobiography	Morley, John, 1838-1923
PG19935	Philosophy	uploaded	Critical Miscellanies, Vol. 1, Essay 5: Emerson	Morley, John, 1838-1923
PG31242	Philosophy	uploaded	Critical Remarks on Sir Charles Grandison, Clarissa, and Pamela (1754)	McKillop, Alan Dugald, 1892-1974 [Commentator]
PG55902	Philosophy	deferred_repair	Critical, Historical, and Miscellaneous Essays; Vol. 2 With a Memoir and Index	Macaulay, Thomas Babington Macaulay, Baron, 1800-1859; Whipple, Edwin Percy, 1819-1886 [Editor]
PG2930	Philosophy	uploaded	Criticisms on "The Origin of Species" From 'The Natural History Review', 1864	Huxley, Thomas Henry, 1825-1895
PG12506	Philosophy	deferred_repair	Critiques and Addresses	Huxley, Thomas Henry, 1825-1895
PG1657	Philosophy	uploaded	Crito	Plato, 428? BCE-348? BCE; Jowett, Benjamin, 1817-1893 [Translator]
PG2075	Fiction	split	Crotchet Castle	Peacock, Thomas Love, 1785-1866
PG15759	Philosophy	split	Crowds A Moving-Picture of Democracy	Lee, Gerald Stanley, 1862-1944
PG4212	Philosophy	split	Culture and Anarchy	Arnold, Matthew, 1822-1888
PG39566	Religion	uploaded	Curiosities of Heat	Tefft, Lyman Beecher, 1833-
PG11261	Philosophy	needs_review	Cyclopedia of Philosophy	Vaknin, Samuel, 1961-; Rangelovska, Lidija [Editor]
PG70955	Philosophy	uploaded	Daedalus	Haldane, J. B. S. (John Burdon Sanderson), 1892-1964
PG25929	Religion	uploaded	Daemonologie.	James I, King of England, 1566-1625
PG20711	Religion	uploaded	Daily Thoughts: selected from the writings of Charles Kingsley by his wife	Kingsley, Charles, 1819-1875; Kingsley, Frances Eliza Grenfell, 1814-1891 [Editor]
PG64489	Religion	deferred_repair	Dante and the early astronomers	Orr, M. A. (Mary Acworth), 1867-1949
PG33896	Philosophy	uploaded	Dante. An essay. To which is added a translation of De Monarchia.	Church, R. W. (Richard William), 1815-1890; Dante Alighieri, 1265-1321; Church, F. J. (Frederick John), 1854-1888 [Translator]
PG16978	Philosophy	uploaded	Dante: "The Central Man of All the World" A Course of Lectures Delivered Before the Student Body of the New York State College for Teachers, Albany, 1919, 1920	Slattery, John T. (John Theodore), 1866-1938
PG36479	Religion	uploaded	Dante: Six Sermons	Wicksteed, Philip H. (Philip Henry), 1844-1927
PG1909	Philosophy	split	Darwin and Modern Science	Seward, A. C. (Albert Charles), 1863-1941
PG5273	Religion	uploaded	Darwiniana; Essays and Reviews Pertaining to Darwinism	Gray, Asa, 1810-1888
PG64499	Religion	uploaded	Darwinism.  The Noachian Flood A lecture delivered before the Torquay Natural History Society, Jan. 31st, 1870	Stebbing, Thomas Roscoe Rede, 1835-1926
PG7491	Philosophy	uploaded	De Amicitia, Scipio's Dream	Cicero, Marcus Tullius, 107 BCE-44 BCE; Peabody, Andrew P. (Andrew Preston), 1811-1893 [Translator]
PG50715	Religion	uploaded	De Tribus Impostoribus, A. D. 1230: The Three Impostors Translated (with notes and comments) from a French manuscript of the work written in the year 1716, with a dissertation on the original treatise and a bibliography of the various editions	Briggs, Samuel, 1841-1904 [Editor]
PG31354	Religion	uploaded	Death	Maeterlinck, Maurice, 1862-1949; Teixeira de Mattos, Alexander, 1865-1921 [Translator]
PG60750	Religion	uploaded	Death and resurrection from the point of view of the cell-theory	Björklund, Gustaf, 1846-1903; Fries, Joens Elias, 1876-1932 [Translator]
PG18266	Religion	uploaded	Death—and After?	Besant, Annie, 1847-1933
PG68219	Philosophy	uploaded	Decadence Henry Sidgwick memorial lecture, 1908	Balfour, Arthur James, 1848-1930
PG46728	Philosophy	uploaded	Decadence, and Other Essays on the Culture of Ideas	Gourmont, Remy de, 1858-1915; Bradley, William Aspenwall, 1878-1939 [Translator]
PG6560	Philosophy	split	Deductive Logic	Stock, St. George William Joseph, 1850-
PG852	Philosophy	deferred_repair	Democracy and Education: An Introduction to the Philosophy of Education	Dewey, John, 1859-1952
PG15487	Philosophy	split	Democracy and Social Ethics	Addams, Jane, 1860-1935
PG816	Philosophy	split	Democracy in America — Volume 2	Tocqueville, Alexis de, 1805-1859; Reeve, Henry, 1813-1895 [Translator]
PG30327	Poetry	uploaded	Democritus Platonissans	More, Henry, 1614-1687; Stanwood, P. G., 1933- [Editor]
PG40686	Fiction	uploaded	Demonology and Devil-lore	Conway, Moncure Daniel, 1832-1907
PG75737	Philosophy	uploaded	Desultory thoughts and reflections	Blessington, Marguerite, Countess of, 1789-1849
PG37358	Philosophy	uploaded	Determinism or Free-Will?	Cohen, Chapman, 1868-1954
PG23772	Religion	uploaded	Devotions Upon Emergent Occasions; Together with Death's Duel	Donne, John, 1572-1631
PG2017	Poetry	split	Dhammapada, a Collection of Verses; Being One of the Canonical Books of the Buddhists	Müller, F. Max (Friedrich Max), 1823-1900 [Translator]
PG17075	Religion	deferred_repair	Dialogue of Comfort Against Tribulation With Modifications To Obsolete Language By Monica Stevens	More, Thomas, Saint, 1478-1535; Stevens, Monica [Editor]
PG4583	Religion	uploaded	Dialogues Concerning Natural Religion	Hume, David, 1711-1776
PG17667	Drama	pending	Dialogues of the Dead	Lyttelton, George Lyttelton, Baron, 1709-1773; Montagu, Mrs. (Elizabeth), 1718-1800; Morley, Henry, 1822-1894 [Editor]
PG33742	Religion	uploaded	Dialogues on the Supersensual Life	Böhme, Jakob, 1575-1624; Holland, Bernard [Editor]; Law, William, 1686-1761 [Translator]
PG2051	Fiction	split	Dickory Cronke: The Dumb Philosopher, or, Great Britain's Wonder	Defoe, Daniel, 1661?-1731
PG38982	Philosophy	uploaded	Dictatorship vs. Democracy (Terrorism and Communism): a reply to Karl Kantsky	Trotsky, Leon, 1879-1940
PG22797	Philosophy	uploaded	Diderot and the Encyclopædists (Vol. 2 of 2)	Morley, John, 1838-1923
PG59	Philosophy	split	Discourse on the Method of Rightly Conducting One's Reason and of Seeking Truth in the Sciences	Descartes, René, 1596-1650; Veitch, John, 1829-1894 [Translator]
PG46701	Philosophy	uploaded	Discourses of Keidansky	Richards, Bernard G.
PG30660	Philosophy	uploaded	Discourses on a Sober and Temperate Life Wherein Is Demonstrated, by His Own Example, the Method of Preserving Health to Extreme Old Age	Cornaro, Luigi, 1475-1566
PG10827	Philosophy	split	Discourses on the First Decade of Titus Livius	Machiavelli, Niccolò, 1469-1527; Thomson, Ninian Hill, 1830-1921 [Translator]
PG60915	Religion	uploaded	Discourses on Various Subjects, Vol. 1 (of 2)	Duché, Jacob, 1738-1798
PG32500	Religion	deferred_repair	Discussion on American Slavery	Thompson, George, 1804-1878; Breckinridge, Robert J. (Robert Jefferson), 1800-1871
PG274	Religion	uploaded	Disputation of Doctor Martin Luther on the Power and Efficacy of Indulgences	Luther, Martin, 1483-1546
PG42371	Philosophy	uploaded	Dissertation on the Progress of the Fine Arts	Scott, John Robert
PG42759	Economics	uploaded	Distributive Justice: The Right and Wrong of Our Present Distribution of Wealth	Ryan, John A. (John Augustine), 1869-1945
PG62467	Philosophy	uploaded	Divorce versus Democracy	Chesterton, G. K. (Gilbert Keith), 1874-1936
PG38621	Psychology	uploaded	Doctrine of the Will	Mahan, Asa, 1799-1889
PG77050	Religion	uploaded	Does civilization need religion?	Niebuhr, Reinhold, 1892-1971
PG47233	Philosophy	uploaded	Dr. Stearns's Tour from London to Paris	Stearns, Samuel, 1741-1809
PG20842	Psychology	uploaded	Dreams	Bergson, Henri, 1859-1941; Slosson, Edwin E. (Edwin Emery), 1865-1929 [Translator]
PG74239	Fiction	uploaded	Dreams of an astronomer	Flammarion, Camille, 1842-1925; Fournier d'Albe, E. E. (Edmund Edward), 1868-1933 [Translator]
PG41892	Religion	uploaded	Dynamic Thought; Or, The Law of Vibrant Energy	Atkinson, William Walker, 1862-1932
PG61249	Religion	uploaded	Dæmonologia Sacra; or, A Treatise of Satan's Temptations In Three Parts	Gilpin, Richard, 1625-1700; Grosart, Alexander Balloch, 1827-1899 [Editor]
PG67097	Philosophy	deferred_repair	Early Greek philosophy	Burnet, John, 1863-1928
PG51548	Philosophy	uploaded	Early Greek Philosophy & Other Essays Collected Works, Volume Two	Nietzsche, Friedrich Wilhelm, 1844-1900; Levy, Oscar, 1867-1946 [Editor]; Mügge, Maximilian A. (Maximilian August), 1878- [Translator]
PG9231	Fiction	uploaded	Earth's Holocaust (From "Mosses from an Old Manse")	Hawthorne, Nathaniel, 1804-1864
PG52190	Philosophy	uploaded	Ecce Homo Complete Works, Volume Seventeen	Nietzsche, Friedrich Wilhelm, 1844-1900; Levy, Oscar, 1867-1946 [Editor]; Cohn, Paul V. (Paul Victor) [Translator]; Ludovici, Anthony M. (Anthony Mario), 1882-1971 [Translator]
PG39052	Religion	uploaded	Ecce Homo! Or, A Critical Inquiry into the History of Jesus of Nazareth Being a Rational Analysis of the Gospels	Holbach, Paul Henri Thiry, baron d', 1723-1789
PG57292	Religion	uploaded	Echoes From The Orient: A Broad Outline of Theosophical Doctrines	Judge, William Quan, 1851-1896
PG742	Philosophy	uploaded	Editorials from the Hearst Newspapers	Brisbane, Arthur, 1864-1936
PG70302	Psychology	uploaded	Education and the good life	Russell, Bertrand, 1872-1970
PG21045	Religion	uploaded	Education and the Higher Life	Spalding, John Lancaster, 1840-1916
PG11345	Philosophy	uploaded	Education as Service	Krishnamurti, J. (Jiddu), 1895-1986
PG5982	Fiction	uploaded	Eeldrop and Appleplex	Eliot, T. S. (Thomas Stearns), 1888-1965
PG48431	Philosophy	uploaded	Egotism in German Philosophy	Santayana, George, 1863-1952
PG63372	Philosophy	uploaded	Einstein's Theories of Relativity and Gravitation A selection of material from the essays submitted in the competition for the Eugene Higgins prize of $5,000	Bird, J. Malcolm (James Malcolm), 1886-1964; Einstein, Albert, 1879-1955 [Other]
PG70678	Philosophy	uploaded	Einstein, the searcher	Moszkowski, Alexander, 1851-1934; Brose, Henry L. (Henry Leopold), 1890-1965 [Translator]
PG30134	Religion	uploaded	Elementary Theosophy	Rogers, L. W. (Louis William), 1859-1953
PG57678	Philosophy	uploaded	Elements of Criticism, Volume I.	Kames, Henry Home, Lord, 1696-1782
PG57679	Philosophy	uploaded	Elements of Criticism, Volume II.	Kames, Henry Home, Lord, 1696-1782
PG71885	Philosophy	deferred_repair	Elements of metaphysics	Taylor, A. E. (Alfred Edward), 1869-1945
PG16170	Philosophy	split	Elements of Military Art and Science Or, Course Of Instruction In Strategy, Fortification, Tactics Of Battles, &C.; Embracing The Duties Of Staff, Infantry, Cavalry, Artillery, And Engineers; Adapted To The Use Of Volunteers And Militia; Third Edition; With Critical Notes On The Mexican And Crimean Wars.	Halleck, H. W. (Henry Wager), 1815-1872
PG37016	Philosophy	uploaded	Elements of Morals With Special Application of the Moral Law to the Duties of the Individual and of Society and the State	Janet, Paul, 1823-1899; Corson, Caroline Rollin, -1901 [Translator]
PG49196	Philosophy	deferred_repair	Elements of Physiophilosophy	Oken, Lorenz, 1779-1851; Tulk, Alfred, -1891 [Translator]
PG5427	Philosophy	split	Emile	Rousseau, Jean-Jacques, 1712-1778
PG42865	Philosophy	uploaded	English Conferences of Ernest Renan: Rome and Christianity. Marcus Aurelius	Renan, Ernest, 1823-1892; Waters, Clara Erskine Clement, 1834-1916 [Translator]
PG38104	Religion	uploaded	English Secularism: A Confession of Belief	Holyoake, George Jacob, 1817-1906
PG34603	Philosophy	uploaded	Epidemics Examined and Explained: or, Living Germs Proved by Analogy to be a Source of Disease	Grove, John, 1815-1895
PG16697	Religion	uploaded	Epistle to the Son of the Wolf	Bahá'u'lláh, 1817-1892
PG3118	Philosophy	uploaded	Equality	Warner, Charles Dudley, 1829-1900
PG39487	Philosophy	uploaded	Erasmus Against War	Erasmus, Desiderius, 1469-1536; Mackail, J. W. (John William), 1859-1945 [Editor]
PG1971	Fiction	split	Erewhon Revisited Twenty Years Later, Both by the Original Discoverer of the Country and by His Son	Butler, Samuel, 1835-1902
PG1681	Philosophy	uploaded	Eryxias	Plato, 428? BCE-348? BCE [Dubious author]; Jowett, Benjamin, 1817-1893 [Translator]
PG13484	Philosophy	uploaded	Essay upon Wit	Blackmore, Richard, Sir, 1654-1729; Boys, Richard C. (Richard Charles), 1912-1975 [Author of introduction, etc.]; Addison, Joseph, 1672-1719 [Commentator]
PG36120	Philosophy	uploaded	Essays	Hume, David, 1711-1776; Bennett, Hannaford, 1867-1946 [Commentator]
PG52356	Philosophy	uploaded	Essays and Dialogues	Leopardi, Giacomo, 1798-1837; Edwardes, Charles [Translator]
PG71260	Philosophy	uploaded	Essays and soliloquies	Unamuno, Miguel de, 1864-1936; Flitch, J. E. Crawford (John Ernest Crawford), 1881-1946 [Translator]
PG3673	Philosophy	uploaded	Essays Before a Sonata	Ives, Charles, 1874-1954
PG16643	Philosophy	deferred_repair	Essays by Ralph Waldo Emerson	Emerson, Ralph Waldo, 1803-1882; Turpin, Edna Henry Lee, 1867-1952 [Editor]
PG40794	Philosophy	uploaded	Essays in Experimental Logic	Dewey, John, 1859-1952
PG39036	Religion	uploaded	Essays In Pastoral Medicine	O'Malley, Austin, 1858-1932; Walsh, James J. (James Joseph), 1865-1942
PG32547	Philosophy	uploaded	Essays in Radical Empiricism	James, William, 1842-1910; Perry, Ralph Barton, 1876-1957 [Editor]
PG45823	Religion	uploaded	Essays in Rationalism	Newman, Charles Robert
PG9887	Philosophy	uploaded	Essays in War-Time: Further Studies in the Task of Social Hygiene	Ellis, Havelock, 1859-1939
PG71157	Religion	deferred_repair	Essays in Zen Buddhism	Suzuki, Daisetz Teitaro, 1870-1966
PG58464	Philosophy	deferred_repair	Essays of an Americanist I. Ethnologic and Archæologic. II. Mythology and Folk Lore. III. Graphic Systems and Literature. IV. Linguistic.	Brinton, Daniel G. (Daniel Garrison), 1837-1899
PG3581	Philosophy	uploaded	Essays of Michel de Montaigne — Volume 01	Montaigne, Michel de, 1533-1592; Hazlitt, William Carew, 1834-1913 [Editor]; Cotton, Charles, 1630-1687 [Translator]
PG3582	Philosophy	split	Essays of Michel de Montaigne — Volume 02	Montaigne, Michel de, 1533-1592; Hazlitt, William Carew, 1834-1913 [Editor]; Cotton, Charles, 1630-1687 [Translator]
PG3583	Philosophy	split	Essays of Michel de Montaigne — Volume 03	Montaigne, Michel de, 1533-1592; Hazlitt, William Carew, 1834-1913 [Editor]; Cotton, Charles, 1630-1687 [Translator]
PG3584	Philosophy	split	Essays of Michel de Montaigne — Volume 04	Montaigne, Michel de, 1533-1592; Hazlitt, William Carew, 1834-1913 [Editor]; Cotton, Charles, 1630-1687 [Translator]
PG3585	Philosophy	split	Essays of Michel de Montaigne — Volume 05	Montaigne, Michel de, 1533-1592; Hazlitt, William Carew, 1834-1913 [Editor]; Cotton, Charles, 1630-1687 [Translator]
PG3586	Philosophy	split	Essays of Michel de Montaigne — Volume 06	Montaigne, Michel de, 1533-1592; Hazlitt, William Carew, 1834-1913 [Editor]; Cotton, Charles, 1630-1687 [Translator]
PG3587	Philosophy	split	Essays of Michel de Montaigne — Volume 07	Montaigne, Michel de, 1533-1592; Hazlitt, William Carew, 1834-1913 [Editor]; Cotton, Charles, 1630-1687 [Translator]
PG3588	Philosophy	split	Essays of Michel de Montaigne — Volume 08	Montaigne, Michel de, 1533-1592; Hazlitt, William Carew, 1834-1913 [Editor]; Cotton, Charles, 1630-1687 [Translator]
PG3589	Philosophy	split	Essays of Michel de Montaigne — Volume 09	Montaigne, Michel de, 1533-1592; Hazlitt, William Carew, 1834-1913 [Editor]; Cotton, Charles, 1630-1687 [Translator]
PG3590	Philosophy	split	Essays of Michel de Montaigne — Volume 10	Montaigne, Michel de, 1533-1592; Hazlitt, William Carew, 1834-1913 [Editor]; Cotton, Charles, 1630-1687 [Translator]
PG3591	Philosophy	split	Essays of Michel de Montaigne — Volume 11	Montaigne, Michel de, 1533-1592; Hazlitt, William Carew, 1834-1913 [Editor]; Cotton, Charles, 1630-1687 [Translator]
PG3592	Philosophy	split	Essays of Michel de Montaigne — Volume 12	Montaigne, Michel de, 1533-1592; Hazlitt, William Carew, 1834-1913 [Editor]; Cotton, Charles, 1630-1687 [Translator]
PG3593	Philosophy	split	Essays of Michel de Montaigne — Volume 13	Montaigne, Michel de, 1533-1592; Hazlitt, William Carew, 1834-1913 [Editor]; Cotton, Charles, 1630-1687 [Translator]
PG3594	Philosophy	split	Essays of Michel de Montaigne — Volume 14	Montaigne, Michel de, 1533-1592; Hazlitt, William Carew, 1834-1913 [Editor]; Cotton, Charles, 1630-1687 [Translator]
PG3595	Philosophy	split	Essays of Michel de Montaigne — Volume 15	Montaigne, Michel de, 1533-1592; Hazlitt, William Carew, 1834-1913 [Editor]; Cotton, Charles, 1630-1687 [Translator]
PG3596	Philosophy	split	Essays of Michel de Montaigne — Volume 16	Montaigne, Michel de, 1533-1592; Hazlitt, William Carew, 1834-1913 [Editor]; Cotton, Charles, 1630-1687 [Translator]
PG3597	Philosophy	uploaded	Essays of Michel de Montaigne — Volume 17	Montaigne, Michel de, 1533-1592; Hazlitt, William Carew, 1834-1913 [Editor]; Cotton, Charles, 1630-1687 [Translator]
PG3598	Philosophy	split	Essays of Michel de Montaigne — Volume 18	Montaigne, Michel de, 1533-1592; Hazlitt, William Carew, 1834-1913 [Editor]; Cotton, Charles, 1630-1687 [Translator]
PG3599	Philosophy	uploaded	Essays of Michel de Montaigne — Volume 19	Montaigne, Michel de, 1533-1592; Hazlitt, William Carew, 1834-1913 [Editor]; Cotton, Charles, 1630-1687 [Translator]
PG11945	Philosophy	uploaded	Essays of Schopenhauer	Schopenhauer, Arthur, 1788-1860; Dircks, Sara Hay Goddard, 1865-1942 [Translator]
PG48987	Religion	uploaded	Essays on Darwinism	Stebbing, Thomas Roscoe Rede, 1835-1926
PG30154	Psychology	uploaded	Essays on God and Freud	Vaknin, Samuel, 1961-; Rangelovska, Lidija [Editor]
PG3461	Philosophy	split	Essays on Life, Art and Science	Butler, Samuel, 1835-1902; Streatfeild, R. A. (Richard Alexander), 1866-1919 [Author of introduction, etc.]
PG12004	Economics	uploaded	Essays on some unsettled Questions of Political Economy	Mill, John Stuart, 1806-1873
PG13464	Philosophy	split	Essays on Taste	Cooper, John Gilbert, 1723-1769; Armstrong, John, 1709-1779; Cohen, Ralph, 1917-2016 [Author of introduction, etc.]
PG32644	Philosophy	uploaded	Essays on the Materialistic Conception of History	Labriola, Antonio, 1843-1904; Kerr, Charles H., 1860-1944 [Translator]
PG23422	Philosophy	uploaded	Essays Towards a Theory of Knowledge	Philip, Alexander
PG34698	Religion	uploaded	Essays Upon Some Controverted Questions	Huxley, Thomas Henry, 1825-1895
PG12896	Philosophy	uploaded	Essays Æsthetical	Calvert, George Henry, 1803-1889
PG2944	Philosophy	uploaded	Essays — First Series	Emerson, Ralph Waldo, 1803-1882
PG71277	Philosophy	uploaded	Essays, or discourses, vol. 1 (of 4)	Feijoo, Benito Jerónimo, 1676-1764; Brett, John, -1785 [Translator]
PG71278	Philosophy	uploaded	Essays, or discourses, vol. 2 (of 4)	Feijoo, Benito Jerónimo, 1676-1764; Brett, John, -1785 [Translator]
PG76229	Philosophy	uploaded	Essays, or discourses, vol. 4 (of 4)	Feijoo, Benito Jerónimo, 1676-1764; Brett, John, -1785 [Translator]
PG29869	Philosophy	deferred_repair	Essays: Scientific, Political, & Speculative; Vol. 1 of 3 Library Edition (1891), Containing Seven Essays not before Republished, and Various other Additions.	Spencer, Herbert, 1820-1903
PG53395	Philosophy	deferred_repair	Essays: Scientific, Political, & Speculative; Vol. 2 of 3 Library Edition (1891), Containing Seven Essays not before Republished, and Various other Additions.	Spencer, Herbert, 1820-1903
PG54076	Philosophy	deferred_repair	Essays: Scientific, Political, & Speculative; Vol. 3 of 3 Library Edition (1891), Containing Seven Essays not before Republished, and Various other Additions.	Spencer, Herbert, 1820-1903
PG30876	Religion	uploaded	Eternal Life	Drummond, Henry, 1851-1897
PG3800	Philosophy	split	Ethics	Spinoza, Benedictus de, 1632-1677; Elwes, R. H. M. (Robert Harvey Monro), 1853- [Translator]
PG39551	Philosophy	pending	Ethics	Dewey, John, 1859-1952; Tufts, James Hayden, 1862-1942
PG43405	Philosophy	uploaded	Ethics and Modern Thought: A Theory of Their Relations	Eucken, Rudolf, 1846-1926; Seydewitz, Margaret von [Translator]
PG20066	Philosophy	uploaded	Ethics in Service	Taft, William H. (William Howard), 1857-1930
PG919	Religion	uploaded	Ethics — Part 1	Spinoza, Benedictus de, 1632-1677; Elwes, R. H. M. (Robert Harvey Monro), 1853- [Translator]
PG920	Philosophy	uploaded	Ethics — Part 2	Spinoza, Benedictus de, 1632-1677; Elwes, R. H. M. (Robert Harvey Monro), 1853- [Translator]
PG948	Philosophy	uploaded	Ethics — Part 3	Spinoza, Benedictus de, 1632-1677; Elwes, R. H. M. (Robert Harvey Monro), 1853- [Translator]
PG971	Philosophy	uploaded	Ethics — Part 4	Spinoza, Benedictus de, 1632-1677; Elwes, R. H. M. (Robert Harvey Monro), 1853- [Translator]
PG975	Philosophy	uploaded	Ethics — Part 5	Spinoza, Benedictus de, 1632-1677; Elwes, R. H. M. (Robert Harvey Monro), 1853- [Translator]
PG14314	Philosophy	split	Etiquette	Post, Emily, 1872-1960
PG25308	Philosophy	uploaded	Eugenics and Other Evils	Chesterton, G. K. (Gilbert Keith), 1874-1936
PG31304	Poetry	uploaded	Euphorion - Vol. II Being Studies of the Antique and the Mediaeval in the Renaissance	Lee, Vernon, 1856-1935
PG32037	Philosophy	uploaded	Eureka: A Prose Poem	Poe, Edgar Allan, 1809-1849
PG76791	Philosophy	uploaded	Euthanasia	Munk, William, 1816-1898
PG1598	Philosophy	uploaded	Euthydemus	Plato, 428? BCE-348? BCE; Jowett, Benjamin, 1817-1893 [Translator]
PG1642	Philosophy	uploaded	Euthyphro	Plato, 428? BCE-348? BCE; Jowett, Benjamin, 1817-1893 [Translator]
PG8527	Fiction	uploaded	Eve's Diary, Part 2	Twain, Mark, 1835-1910; Ralph, Lester [Illustrator]
PG857	Philosophy	uploaded	Evergreens	Jerome, Jerome K. (Jerome Klapka), 1859-1927
PG62307	Philosophy	uploaded	Every-day heroism	Anonymous
PG14780	Religion	split	Evidences of Christianity	Paley, William, 1743-1805
PG34656	Religion	deferred_repair	Evolution	Jevons, F. B. (Frank Byron), 1858-1936
PG52273	Religion	uploaded	Evolution	Hoare, Edward, 1812-1894
PG55172	Religion	deferred_repair	Evolution and creation	Hardwicke, Herbert Junius
PG2940	Philosophy	deferred_repair	Evolution and Ethics, and Other Essays	Huxley, Thomas Henry, 1825-1895
PG40224	Religion	uploaded	Evolution of Life and Form Four lectures delivered at the twenty-third anniversary meeting of the Theosophical Society at Adyar, Madras, 1898	Besant, Annie, 1847-1933
PG57671	Philosophy	uploaded	Evolution Social and Organic	Lewis, Arthur M. (Arthur Morrow), 1873-1922
PG23427	Philosophy	uploaded	Evolution, Old & New Or, the Theories of Buffon, Dr. Erasmus Darwin and Lamarck, as compared with that of Charles Darwin	Butler, Samuel, 1835-1902
PG19321	Religion	uploaded	Evolution: An Investigation and a Critique	Graebner, Theodore, 1876-1950
PG46834	Religion	uploaded	Evolution: Its nature, its evidence, and its relation to religious thought	LeConte, Joseph, 1823-1901
PG69233	Religion	uploaded	Examination of the Rev. Mr. Harris's scriptural researches on the licitness of the slave trade	Ramsay, James, 1733-1789
PG38371	Religion	uploaded	Exempting the Churches An Argument for the Abolition of This Unjust and Unconstitutional Practice	Morton, James F. (James Ferdinand), 1870-1941
PG64160	Religion	deferred_repair	Experimental Investigation of the Spirit Manifestations Demonstrating the existence of spirits and their communion with mortals. Doctrine of the spirit world respecting heaven, hell, morality, and God. Also, the influence of Scripture on the morals of Christians.	Hare, Robert, 1781-1858
PG62944	Religion	uploaded	Experiments of Spiritual Life & Health, and Their Preservatives In Which the Weakest Child of God May Get Assurance of His Spirituall Life and Blessednesse Etc.	Williams, Roger, 1604?-1683
PG18438	Religion	uploaded	Explanation of Catholic Morals A Concise, Reasoned, and Popular Exposition of Catholic Morals	Stapleton, John H. (John Henry), 1873-
PG39913	Religion	uploaded	Expositor's Bible: The Book of Ecclesiastes	Cox, Samuel, 1826-1893; Nicoll, W. Robertson (William Robertson), Sir, 1851-1923 [Editor]
PG62228	Religion	uploaded	Extracts from "Sikes on Parochial Communion" relating to Episcopacy, and the sin of Schism	Sikes, Thomas, 1766?-1834
PG19566	Religion	uploaded	Fables of Infidelity and Facts of Faith Being an Examination of the Evidences of Infidelity	Patterson, Robert, 1829-1885
PG42466	Religion	uploaded	Facts and fancies in modern science Studies of the relations of science to prevalent speculations and religious belief	Dawson, John William, Sir, 1820-1899
PG9208	Fiction	uploaded	Fancy's Show-Box (From "Twice Told Tales")	Hawthorne, Nathaniel, 1804-1864
PG20654	Psychology	uploaded	Fantasia of the Unconscious	Lawrence, D. H. (David Herbert), 1885-1930
PG17120	Philosophy	pending	Fashionable Philosophy, and Other Sketches	Oliphant, Laurence, 1829-1888
PG12264	Fiction	uploaded	Father Payne	Benson, Arthur Christopher, 1862-1925
PG30723	Fiction	uploaded	Fathers and Children	Turgenev, Ivan Sergeevich, 1818-1883; Neilson, William Allan, 1869-1946 [Editor]; Garnett, Constance, 1861-1946 [Translator]
PG47935	Fiction	uploaded	Fathers and Sons	Turgenev, Ivan Sergeevich, 1818-1883; Hogarth, C. J. (Charles James), 1869-1942 [Translator]
PG68068	Psychology	uploaded	Female affection	Montagu, Basil, 1770-1851
PG37964	Philosophy	uploaded	Feminism and Sex-Extinction	Kenealy, Arabella, 1859-1938
PG47621	Philosophy	uploaded	Fenelon's Treatise on the Education of Daughters Translated from the French, and Adapted to English Readers	Fénelon, François de Salignac de La Mothe-, 1651-1715; Dibdin, Thomas Frognall, 1776-1847 [Translator]
PG27814	Philosophy	uploaded	Feuerbach	Engels, Friedrich, 1820-1895; Marx, Karl, 1818-1883 [Contributor]; Lewis, Austin, 1865?-1944 [Translator]
PG66822	Religion	uploaded	Fifty Great Cartoons	Beard, Frank, 1842-1905
PG4225	Philosophy	split	First and Last Things: A Confession of Faith and Rule of Life	Wells, H. G. (Herbert George), 1866-1946
PG67017	Philosophy	uploaded	First notions of logic (preparatory to the study of geometry)	De Morgan, Augustus, 1806-1871
PG55046	Religion	deferred_repair	First Principles	Spencer, Herbert, 1820-1903
PG7377	Religion	uploaded	Five Lectures on Reincarnation	Abhedananda, Swami, 1866-1939
PG19879	Religion	uploaded	Five Pebbles from the Brook	English, George Bethune, 1787-1828
PG14378	Religion	deferred_repair	Five Years of Theosophy	Mead, G. R. S. (George Robert Stow), 1863-1933 [Editor]
PG14253	Fiction	split	Flames	Hichens, Robert, 1864-1950
PG30202	Religion	uploaded	Flowers of Freethought (First Series)	Foote, G. W. (George William), 1850-1915
PG30203	Religion	deferred_repair	Flowers of Freethought (Second Series)	Foote, G. W. (George William), 1850-1915
PG52992	Religion	uploaded	Food and Morals 6th Edition	Clymer, J. F. (John F.), 1840-1903
PG19238	Religion	uploaded	Foundations of World Unity	ʻAbdu'l-Bahá, 1844-1921
PG24435	Philosophy	uploaded	Four Americans: Roosevelt, Hawthorne, Emerson, Whitman	Beers, Henry A. (Henry Augustin), 1847-1926
PG56821	Philosophy	deferred_repair	Four Phases of Morals: Socrates, Aristotle, Christianity, Utilitarianism	Blackie, John Stuart, 1809-1895
PG11906	Philosophy	uploaded	Four-Dimensional Vistas	Bragdon, Claude Fayette, 1866-1946
PG33701	Religion	uploaded	Fraternal Charity	Valuy, Benôit, 1808-1869
PG28401	Religion	uploaded	Free and Impartial Thoughts, on the Sovereignty of God, The Doctrines of Election, Reprobation, and Original Sin: Humbly Addressed To all who Believe and Profess those Doctrines.	Finch, Richard, 1710-1763
PG66079	Religion	deferred_repair	Free Opinions, Freely Expressed on Certain Phases of Modern Social Life and Conduct	Corelli, Marie, 1855-1924
PG44932	Philosophy	uploaded	Free Thought and Official Propaganda	Russell, Bertrand, 1872-1970
PG65477	Philosophy	uploaded	Freedom! Equality!! Justice!!! These Three; but the Greatest of These Is Justice A Speech on the Impending Revolution, Delivered in Music Hall, Boston, Thursday, Feb. 1, 1872, and the Academy of Music, New York, Feb. 20, 1872	Woodhull, Victoria C. (Victoria Claflin), 1838-1927
PG47588	Philosophy	uploaded	Friedrich Nietzsche	Brandes, Georg, 1842-1927; Chater, Arthur G. (Arthur Grosvenor), 1866-1951 [Translator]
PG7438	Philosophy	split	Friends in Council — First Series	Helps, Arthur, Sir, 1813-1875
PG20861	Philosophy	uploaded	Friendship	Black, Hugh, 1868-1953
PG18759	Religion	uploaded	From the Ball-Room to Hell	Faulkner, Thomas A.
PG31045	Philosophy	uploaded	Frondes Agrestes: Readings in 'Modern Painters'	Ruskin, John, 1819-1900; Beever, Susanna, 1805-1893 [Compiler]
PG38185	Philosophy	uploaded	Fruits of Philosophy: A Treatise on the Population Question	Knowlton, Charles, 1800-1850; Besant, Annie, 1847-1933 [Editor]; Bradlaugh, Charles, 1833-1891 [Editor]
PG48149	Philosophy	uploaded	Fundamental Philosophy, Vol. 1 (of 2)	Balmes, Jaime Luciano, 1810-1848; Brownson, Henry F. (Henry Francis), 1835-1913 [Translator]
PG49244	Philosophy	uploaded	Fundamental Philosophy, Vol. 2 (of 2)	Balmes, Jaime Luciano, 1810-1848; Brownson, Henry F. (Henry Francis), 1835-1913 [Translator]
PG5682	Philosophy	uploaded	Fundamental Principles of the Metaphysic of Morals	Kant, Immanuel, 1724-1804; Abbott, Thomas Kingsmill, 1829-1913 [Translator]
PG21502	Economics	uploaded	Fundamentals of Prosperity: What They Are and Whence They Come	Babson, Roger Ward, 1875-1967
PG76629	Philosophy	uploaded	Gallio	Sullivan, J. W. N. (John William Navin), 1886-1937
PG34743	Psychology	uploaded	Gamblers and Gambling	Beecher, Henry Ward, 1813-1887
PG60005	Philosophy	uploaded	Gambling; or, Fortuna, her temple and shrine. The true philosophy and ethics of gambling	Romain, James Harold
PG10672	Philosophy	split	Game and Playe of the Chesse A Verbatim Reprint of the First Edition, 1474	Jacobus, de Cessolis, active 1288-1322; Caxton, William, 1422?-1492?; Axon, William E. A. (William Edward Armytage), 1846-1913 [Editor]
PG28396	Philosophy	uploaded	Gems (?) of German Thought	Archer, William, 1856-1924 [Editor]
PG16939	Religion	uploaded	Gems of Divine Mysteries	Bahá'u'lláh, 1817-1892
PG25337	Religion	uploaded	Genuine Mediumship; or, The Invisible Powers	Atkinson, William Walker, 1862-1932
PG45427	Religion	uploaded	George Buchanan	Wallace, Robert, 1831-1899; Smith, John Campbell, 1828-1914; Brown, Joseph [Illustrator]
PG42208	Philosophy	uploaded	German philosophy and politics	Dewey, John, 1859-1952
PG4228	Philosophy	needs_review	Giordano Bruno	Pater, Walter, 1839-1894
PG46901	Philosophy	uploaded	Giordano Bruno	McIntyre, J. Lewis (James Lewis), 1868-
PG60058	Fiction	uploaded	Giphantia Or a View of What Has Passed, What Is Now Passing, and, During the Present Century, What Will Pass, in the World.	Tiphaigne de La Roche, Charles-François, 1722-1774
PG73070	Religion	uploaded	Gita and gospel	Farquhar, J. N. (John Nicol), 1861-1929
PG67625	Philosophy	uploaded	Gleanings from Maeterlinck	Maeterlinck, Maurice, 1862-1949; Teixeira de Mattos, Alexander, 1865-1921 [Translator]
PG16940	Religion	deferred_repair	Gleanings from the Writings of Bahá'u'lláh	Bahá'u'lláh, 1817-1892
PG54407	Religion	uploaded	Gleanings of a Mystic: A Series of Essays on Practical Mysticism	Heindel, Max, 1865-1919; Heindel, Augusta Foss, 1865-1949 [Author of introduction, etc.]
PG42683	Poetry	uploaded	God	Curtis, T. D. (Thomas Day)
PG30882	Religion	uploaded	God and Mr. Wells: A Critical Examination of 'God the Invisible King'	Archer, William, 1856-1924
PG6172	Religion	uploaded	God and My Neighbour	Blatchford, Robert, 1851-1943
PG36568	Religion	uploaded	God and the State	Bakunin, Mikhail Aleksandrovich, 1814-1876
PG30709	Religion	uploaded	God and the World: A Survey of Thought	Robinson, Arthur William, 1856-1928
PG2513	Religion	split	God the Known and God the Unknown	Butler, Samuel, 1835-1902
PG53073	Religion	uploaded	God's Country: The Trail to Happiness	Curwood, James Oliver, 1878-1927
PG1046	Religion	uploaded	God, the Invisible King	Wells, H. G. (Herbert George), 1866-1946
PG50572	Philosophy	uploaded	Goethe's Theory of Colours	Goethe, Johann Wolfgang von, 1749-1832; Eastlake, Charles Lock, Sir, 1793-1865 [Translator]
PG14239	Philosophy	uploaded	Golden Steps to Respectability, Usefulness and Happiness Being a Series of Lectures to Youth of Both Sexes, on Character, Principles, Associates, Amusements, Religion, and Marriage	Austin, John Mather, 1805-1880
PG7319	Religion	uploaded	Good Sense	Holbach, Paul Henri Thiry, baron d', 1723-1789
PG1672	Philosophy	uploaded	Gorgias	Plato, 428? BCE-348? BCE; Jowett, Benjamin, 1817-1893 [Translator]
PG46635	Religion	uploaded	Gospel Philosophy Showing the Absurdities of Infidelity, and the Harmony of the Gospel with Science and History	Ward, J. H. (Joseph Harvey)
PG26074	Philosophy	uploaded	Great Testimony against scientific cruelty	Coleridge, Stephen, 1854-1936
PG58404	Philosophy	uploaded	Grounds of Natural Philosophy: Divided into Thirteen Parts The Second Edition, much altered from the First, which went under the Name of Philosophical and Physical Opinions	Newcastle, Margaret Cavendish, Duchess of, 1624?-1674
PG36373	Religion	uploaded	H. P. Blavatsky; A Great Betrayal	Cleather, Alice Leighton, 1854-1938
PG68823	Philosophy	deferred_repair	Habits and men, with remnants of record touching the makers of both	Doran, Dr. (John), 1807-1878
PG66177	Philosophy	uploaded	Half Hours With Modern Scientists: Lectures and Essays	Huxley, Thomas Henry, 1825-1895; Barker, George F. (George Frederick), 1835-1910; Cope, E. D. (Edward Drinker), 1840-1897; Stirling, James Hutchison, 1820-1909; Tyndall, John, 1820-1893; Porter, Noah, 1811-1892 [Author of introduction, etc.]
PG46777	Psychology	uploaded	Happiness as Found in Forethought Minus Fearthought	Fletcher, Horace, 1849-1919
PG34557	Religion	uploaded	Happiness in Purgatory	Anonymous
PG68817	Philosophy	uploaded	Happiness: Essays on the meaning of life	Hilty, Karl, 1833-1909; Peabody, Francis Greenwood, 1847-1936 [Translator]
PG45002	Economics	deferred_repair	Harmonies of Political Economy Translated from the Third French Edition, with a Notice of the Life and Writings of the Author	Bastiat, Frédéric, 1801-1850; Stirling, Patrick James, 1809-1891 [Translator]
PG2633	Fiction	uploaded	Hasisadra's Adventure Essay #7 from "Science and Hebrew Tradition	Huxley, Thomas Henry, 1825-1895
PG69614	Philosophy	uploaded	Have you an educated heart?	Burgess, Gelett, 1866-1951
PG37682	Philosophy	uploaded	Heads of Lectures on a Course of Experimental Philosophy: Particularly Including Chemistry	Priestley, Joseph, 1733-1804
PG19432	Philosophy	uploaded	Heart and Soul by Maveric Post	Mapes, Victor, 1870-1943
PG27563	Religion	uploaded	Heart's-ease	Brooks, Phillips, 1835-1893
PG17368	Religion	pending	Heaven and its Wonders and Hell	Swedenborg, Emanuel, 1688-1772; Ager, John C. (John Curtis), 1835-1913 [Translator]
PG14368	Fiction	deferred_repair	Hebraic Literature; Translations from the Talmud, Midrashim and Kabbala	Harris, Maurice H. (Maurice Henry), 1859-1930 [Editor]
PG28369	Religion	uploaded	Hebrew Literature	Wilson, Epiphanius, 1845-1916 [Editor]
PG51635	Philosophy	uploaded	Hegel's Lectures on the History of Philosophy: Volume 1 (of 3)	Hegel, Georg Wilhelm Friedrich, 1770-1831; Haldane, Elizabeth Sanderson, 1862-1937 [Translator]
PG51636	Philosophy	deferred_repair	Hegel's Lectures on the History of Philosophy: Volume 2 (of 3)	Hegel, Georg Wilhelm Friedrich, 1770-1831; Haldane, Elizabeth Sanderson, 1862-1937 [Translator]; Simson, Frances H. [Translator]
PG58169	Philosophy	uploaded	Hegel's Lectures on the History of Philosophy: Volume 3 (of 3)	Hegel, Georg Wilhelm Friedrich, 1770-1831; Haldane, Elizabeth Sanderson, 1862-1937 [Translator]; Simson, Frances H. [Translator]
PG39064	Philosophy	deferred_repair	Hegel's Philosophy of Mind	Hegel, Georg Wilhelm Friedrich, 1770-1831; Wallace, William, 1844-1897 [Translator]
PG37699	Religion	uploaded	Hell: Warm Words on the Cheerful and Comforting Doctrine of Eternal Damnation	Ingersoll, Robert Green, 1833-1899
PG73186	Fiction	uploaded	Hephæstus	Fournier d'Albe, E. E. (Edmund Edward), 1868-1933
PG69434	Philosophy	uploaded	Herder's conception of "das Volk	Simpson, Georgiana Rose, 1865-1944
PG36268	Religion	uploaded	Heresy: Its Utility And Morality. A Plea And A Justification	Bradlaugh, Charles, 1833-1891
PG470	Religion	uploaded	Heretics	Chesterton, G. K. (Gilbert Keith), 1874-1936
PG38095	Religion	uploaded	Heretics And Heresies From 'The Gods and Other Lectures'	Ingersoll, Robert Green, 1833-1899
PG24069	Philosophy	uploaded	Heroes in Peace The 6th William Penn Lecture, May 9, 1920	Holmes, John Haynes, 1879-1964
PG24067	Religion	uploaded	Hidden from the Prudent The 7th William Penn Lecture, May 8, 1921	Jones, Paul, 1880-1941
PG27755	Fiction	pending	Hidden Symbolism of Alchemy and the Occult Arts	Silberer, Herbert, 1882-1922; Jelliffe, Smith Ely, 1866-1945 [Translator]
PG1175	Philosophy	uploaded	Hiero	Xenophon, 432 BCE-351? BCE; Dakyns, Henry Graham, 1838-1911 [Translator]
PG59501	Philosophy	uploaded	Hieroglyfic: or, a Grammatical Introduction to an Universal Hieroglyfic Language	Jones, Rowland, 1722-1774
PG40241	Philosophy	uploaded	Hieroglyphics	Machen, Arthur, 1863-1947
PG29674	Philosophy	uploaded	Higher Education and Business Standards	Hotchkiss, Willard E. (Willard Eugene), 1874-
PG66856	Religion	uploaded	Hilaire Belloc: No Alienated Man; A Study in Christian Integration	Wilhelmsen, Frederick D., 1923-1996
PG34436	Philosophy	uploaded	Hints to Husbands: A Revelation of the Man-Midwife's Mysteries	Morant, George
PG24346	Philosophy	uploaded	Hints towards the formation of a more comprehensive theory of life.	Coleridge, Samuel Taylor, 1772-1834
PG32512	Fiction	uploaded	Historia Amoris: A History of Love, Ancient and Modern	Saltus, Edgar, 1855-1921
PG14268	Philosophy	split	Historia Calamitatum	Abelard, Peter, 1079-1142
PG18087	Philosophy	uploaded	Historic Doubts Relative To Napoleon Buonaparte	Whately, Richard, 1787-1863
PG39653	Economics	uploaded	Historical materialism and the economics of Karl Marx	Croce, Benedetto, 1866-1952; Lindsay, A. D. (Alexander Dunlop), 1879-1952 [Author of introduction, etc.]; Meredith, Christabel M. (Christabel Margaret), 1876- [Translator]
PG75294	Philosophy	uploaded	History as literature, and other essays	Roosevelt, Theodore, 1858-1919
PG73430	Philosophy	uploaded	History as past ethics; an introduction to the history of morals	Myers, P. V. N. (Philip Van Ness), 1846-1937
PG18300	Psychology	uploaded	History of English Humour, Vol. 1 With an Introduction upon Ancient Humour	L'Estrange, A. G. K. (Alfred Guy Kingan), 1832-1915
PG39273	Philosophy	uploaded	History of European Morals From Augustus to Charlemagne (Vol. 1 of 2)	Lecky, William Edward Hartpole, 1838-1903
PG39535	Philosophy	uploaded	History of European Morals From Augustus to Charlemagne (Vol. 2 of 2)	Lecky, William Edward Hartpole, 1838-1903
PG34283	Philosophy	uploaded	History of Modern Philosophy	Benn, Alfred William, 1843-1915
PG11100	Philosophy	split	History of Modern Philosophy From Nicolas of Cusa to the Present Time	Falckenberg, Richard, 1851-1920; Armstrong, Andrew Campbell, 1860-1935 [Translator]
PG69093	Philosophy	uploaded	History of scientific ideas	Whewell, William, 1794-1866
PG58981	Philosophy	uploaded	History of Sculpture, Painting, and Architecture	Memes, J. S. (John Smythe)
PG1185	Religion	split	History of the Conflict Between Religion and Science	Draper, John William, 1811-1882
PG18188	Philosophy	uploaded	Homer and Classical Philology	Nietzsche, Friedrich Wilhelm, 1844-1900; Levy, Oscar, 1867-1946 [Editor]; Kennedy, J. M. (John McFarland) [Translator]
PG7972	Poetry	split	Homer and His Age	Lang, Andrew, 1844-1912
PG26275	Poetry	deferred_repair	Homer's Odyssey A Commentary	Snider, Denton Jaques, 1841-1925
PG34299	Philosophy	uploaded	Homo-Culture; Or, The Improvement of Offspring Through Wiser Generation	Holbrook, M. L. (Martin Luther), 1831-1902
PG44349	Psychology	uploaded	Hours with the Ghosts or, Nineteenth Century Witchcraft Illustrated Investigations into the Phenomena of Spiritualism and Theosophy	Evans, Henry Ridgely, 1861-1949
PG68646	Religion	deferred_repair	Hours with the Mystics: A Contribution to the History of Religious Opinion	Vaughan, Robert Alfred, 1823-1857
PG68031	Philosophy	uploaded	How Can I Help to Abolish Slavery?" or, Counsels to the Newly Converted	Chapman, Maria Weston, 1806-1885
PG36627	Religion	uploaded	How the Bible was Invented A Lecture Delivered Before the Independent Religious Society	Mangasarian, M. M. (Mangasar Mugurditch), 1859-1943
PG60826	Philosophy	uploaded	How to Face Life	Wise, Stephen S. (Stephen Samuel), 1874-1949; Griggs, Edward Howard, 1868-1951 [Editor]
PG2274	Philosophy	uploaded	How to Live on 24 Hours a Day	Bennett, Arnold, 1867-1931
PG37423	Psychology	uploaded	How We Think	Dewey, John, 1859-1952
PG43359	Philosophy	uploaded	Human Intercourse	Hamerton, Philip Gilbert, 1834-1894
PG43618	Philosophy	uploaded	Human Life	Knight, Sherwood Sweet, 1876-
PG41386	Psychology	deferred_repair	Human Nature and Conduct: An introduction to social psychology	Dewey, John, 1859-1952
PG3150	Religion	uploaded	Human Nature, and Other Sermons	Butler, Joseph, 1692-1752; Morley, Henry, 1822-1894 [Editor]
PG38492	Psychology	uploaded	Human Personality and Its Survival of Bodily Death	Myers, F. W. H. (Frederic William Henry), 1843-1901; Myers, L. H. (Leopold Hamilton), 1881-1944 [Editor]
PG22306	Psychology	uploaded	Human Traits and their Social Significance	Edman, Irwin, 1896-1954
PG38145	Philosophy	uploaded	Human, All Too Human: A Book for Free Spirits	Nietzsche, Friedrich Wilhelm, 1844-1900; Harvey, Alexander, 1868-1949 [Translator]
PG51935	Philosophy	deferred_repair	Human, All-Too-Human: A Book for Free Spirits, Part 1 Complete Works, Volume Six	Nietzsche, Friedrich Wilhelm, 1844-1900; Kennedy, J. M. (John McFarland) [Author of introduction, etc.]; Levy, Oscar, 1867-1946 [Editor]; Zimmern, Helen, 1846-1934 [Translator]
PG37841	Philosophy	uploaded	Human, All-Too-Human: A Book for Free Spirits, Part 2	Nietzsche, Friedrich Wilhelm, 1844-1900; Cohn, Paul V. (Paul Victor) [Translator]
PG78119	Philosophy	pending	Humanism and America	Foerster, Norman, 1887-1972 [Editor]
PG25020	Philosophy	uploaded	Humanistic Nursing	Paterson, Josephine G.; Zderad, Loretta T.
PG51685	Drama	uploaded	Humanistic Studies of the University of Kansas, Vol. 1	Croissant, De Witt Clinton, 1876-1941; Cressman, Edmund Dresser, 1889-1958; Hogrefe, Pearl, 1889-1977; Mitchell, Arthur, 1872-1953
PG48589	Religion	uploaded	Humanitarian Philosophy, 4th Edition	Kusel, Emil Edward
PG30206	Religion	uploaded	Humanity's Gain from Unbelief Reprinted from the "North American Review" of March, 1889	Bradlaugh, Charles, 1833-1891
PG18819	Philosophy	uploaded	Hume (English Men of Letters Series)	Huxley, Thomas Henry, 1825-1895
PG59792	Economics	deferred_repair	Hume's Political Discourses	Hume, David, 1711-1776; Robertson, William Bell [Editor]
PG57121	Religion	uploaded	Humility: The Beauty of Holiness	Murray, Andrew, 1828-1917
PG73154	Philosophy	uploaded	Hypatia	Russell, Dora, 1894-1986
PG41178	Religion	uploaded	I Believe" and other essays	Thorne, Guy, 1875-1923
PG64568	Religion	uploaded	I don't know, do you?	Ricker, Marilla M. (Marilla Marks), 1840-1920
PG72815	Religion	deferred_repair	Iamblichus on the mysteries of the Egyptians, Chaldeans, and Assyrians	Iamblichus, 250?-330?; Porphyry, 234?-305? [Contributor]; Taylor, Thomas, 1758-1835 [Translator]
PG63300	Philosophy	uploaded	Iamblichus' Life of Pythagoras, or Pythagoric Life Accompanied by Fragments of the Ethical Writings of certain Pythagoreans in the Doric dialect; and a collection of Pythagoric Sentences from Stobaeus and others, which are omitted by Gale in his Opuscula Mythologica, and have not been noticed by any editor	Iamblichus, 250?-330?; Taylor, Thomas, 1758-1835 [Translator]
PG66225	Philosophy	uploaded	Icarus	Russell, Bertrand, 1872-1970
PG18638	Philosophy	uploaded	Ideal Commonwealths	Morley, Henry, 1822-1894 [Editor]; Bacon, Francis, 1561-1626 [Contributor]; Campanella, Tommaso, 1568-1639 [Contributor]; Hall, Joseph, 1574-1656 [Contributor]; More, Thomas, Saint, 1478-1535 [Contributor]; Plutarch, 46-120? [Contributor]
PG32884	Philosophy	uploaded	Ideas of Good and Evil	Yeats, W. B. (William Butler), 1865-1939
PG39977	Philosophy	deferred_repair	Illustrations of Universal Progress: A Series of Discussions	Spencer, Herbert, 1820-1903
PG74156	Religion	uploaded	Immortality proved by the testimony of sense	Cummings, Abraham, 1755-1827
PG16542	Philosophy	uploaded	Imperialism" and "The Tracks of Our Forefathers	Adams, Charles Francis, 1835-1915
PG1270	Philosophy	uploaded	In Defense of Women	Mencken, H. L. (Henry Louis), 1880-1956
PG12744	Religion	uploaded	In His Image	Bryan, William Jennings, 1860-1925
PG10291	Philosophy	uploaded	In the Fourth Year: Anticipations of a World Peace	Wells, H. G. (Herbert George), 1866-1946
PG31067	Philosophy	uploaded	In the School-Room: Chapters in the Philosophy of Education	Hart, John S. (John Seely), 1810-1877
PG23559	Religion	uploaded	In Tune with the Infinite; or, Fullness of Peace, Power, and Plenty	Trine, Ralph Waldo, 1866-1958
PG68189	Philosophy	uploaded	Independence: Rectorial address delivered at St. Andrews October 10, 1923	Kipling, Rudyard, 1865-1936
PG59024	Philosophy	uploaded	Index of the Project Gutenberg Works of Arthur Schopenhauer	Schopenhauer, Arthur, 1788-1860; Widger, David, 1932-2021? [Editor]
PG58676	Philosophy	uploaded	Index of the Project Gutenberg Works of Benjamin Franklin	Franklin, Benjamin, 1706-1790; Widger, David, 1932-2021? [Editor]
PG59391	Philosophy	uploaded	Index of the Project Gutenberg Works of Bertrand Russell	Russell, Bertrand, 1872-1970; Widger, David, 1932-2021? [Editor]
PG59570	Religion	uploaded	Index of the Project Gutenberg Works of Charles Bradlaugh	Bradlaugh, Charles, 1833-1891; Widger, David, 1932-2021? [Editor]
PG58646	Philosophy	uploaded	Index of the Project Gutenberg Works of Edmund Burke	Burke, Edmund, 1729-1797; Widger, David, 1932-2021? [Editor]
PG59163	Philosophy	uploaded	Index of the Project Gutenberg Works of Francis Bacon	Bacon, Francis, 1561-1626; Widger, David, 1932-2021? [Editor]
PG58025	Philosophy	uploaded	Index of the Project Gutenberg Works of Friedrich Nietzsche	Nietzsche, Friedrich Wilhelm, 1844-1900; Widger, David, 1932-2021? [Editor]
PG58584	Economics	uploaded	Index of the Project Gutenberg Works of Frédéric Bastiat	Bastiat, Frédéric, 1801-1850; Widger, David, 1932-2021? [Editor]
PG59615	Religion	uploaded	Index of the Project Gutenberg Works of George Jacob Holyoake	Holyoake, George Jacob, 1817-1906; Widger, David, 1932-2021? [Editor]
PG59610	Religion	uploaded	Index of the Project Gutenberg Works of George William Foote	Foote, G. W. (George William), 1850-1915; Widger, David, 1932-2021? [Editor]
PG59393	Philosophy	uploaded	Index of the Project Gutenberg Works of Herbert Spencer	Spencer, Herbert, 1820-1903; Widger, David, 1932-2021? [Editor]
PG59023	Philosophy	uploaded	Index of the Project Gutenberg Works of Immanuel Kant	Kant, Immanuel, 1724-1804; Widger, David, 1932-2021? [Editor]
PG58925	Fiction	uploaded	Index of the Project Gutenberg Works of John Fiske	Fiske, John, 1842-1901; Widger, David, 1932-2021? [Editor]
PG58583	Economics	uploaded	Index of the Project Gutenberg Works of John Stuart Mill	Mill, John Stuart, 1806-1873; Widger, David, 1932-2021? [Editor]
PG59025	Drama	uploaded	Index of the Project Gutenberg Works of Lucius Annaeus Seneca	Seneca, Lucius Annaeus, 5? BCE-65; Widger, David, 1932-2021? [Editor]
PG60013	Religion	uploaded	Index of the Project Gutenberg Works of M. M. Mangasarian	Mangasarian, M. M. (Mangasar Mugurditch), 1859-1943; Widger, David, 1932-2021? [Editor]
PG59784	Philosophy	uploaded	Index of the Project Gutenberg Works of Marcus Aurelius Antoninus	Marcus Aurelius, Emperor of Rome, 121-180; Widger, David, 1932-2021? [Editor]
PG60014	Philosophy	uploaded	Index of the Project Gutenberg Works of Michel De Montaigne	Montaigne, Michel de, 1533-1592; Widger, David, 1932-2021? [Editor]
PG58994	Philosophy	uploaded	Index of the Project Gutenberg Works of Ralph Waldo Emerson	Emerson, Ralph Waldo, 1803-1882; Widger, David, 1932-2021? [Editor]
PG59572	Religion	uploaded	Index of the Project Gutenberg Works of Walter Richard Cassels	Cassels, Walter Richard, 1826-1907; Widger, David, 1932-2021? [Editor]
PG20847	Philosophy	deferred_repair	India: What can it teach us? A Course of Lectures Delivered before the University Of Cambridge	Müller, F. Max (Friedrich Max), 1823-1900; Wilder, Alexander, 1823-1908 [Commentator]
PG40461	Religion	uploaded	Indian Home Rule	Gandhi, Mahatma, 1869-1948
PG38098	Religion	uploaded	Individuality From 'The Gods and Other Lectures'	Ingersoll, Robert Green, 1833-1899
PG58682	Fiction	uploaded	Infinity's Child	De Vet, Charles V., 1911-1997
PG38303	Religion	uploaded	Ingersoll in Canada: A Reply to Wendling, Archbishop Lynch, Bystander; and Others	Pringle, Allen
PG38106	Religion	uploaded	Ingersollia Gems of Thought from the Lectures, Speeches, and Conversations of Col. Robert G. Ingersoll, Representative of His Opinions and Beliefs	Ingersoll, Robert Green, 1833-1899; Handford, Thomas W. [Editor]
PG9304	Philosophy	split	Initiation into Philosophy	Faguet, Émile, 1847-1916; Gordon, Home, 1871-1956 [Translator]
PG18355	Religion	uploaded	Insights and Heresies Pertaining to the Evolution of the Soul	Ammyeetis, 1835-1917
PG45001	Religion	uploaded	Institutes of the Christian Religion (Vol. 1 of 2)	Calvin, Jean, 1509-1564; Allen, John, 1771-1839 [Translator]
PG64392	Religion	deferred_repair	Institutes of the Christian Religion (Vol. 2 of 2)	Calvin, Jean, 1509-1564; Allen, John, 1771-1839 [Translator]
PG64550	Psychology	deferred_repair	Intelligence in Plants and Animals Being a New Edition of the Author's Privately Issued "Soul and Immortality.	Gentry, Thomas G. (Thomas George), 1843-1905
PG38267	Philosophy	uploaded	International Congress of Arts and Science, Volume 1 Philosophy and Metaphysics	Rogers, Howard J. (Howard Jason), 1861-1927 [Editor]
PG22619	Economics	uploaded	International copyright	Putnam, George Haven, 1844-1930
PG66973	Philosophy	uploaded	International Thought	Galsworthy, John, 1867-1933
PG13053	Philosophy	uploaded	International Weekly Miscellany of Literature, Art, and Science — Volume 1, No. 4, July 22, 1850	Various
PG48563	Poetry	uploaded	Interpretations of Poetry and Religion	Santayana, George, 1863-1952
PG41654	Philosophy	pending	Introduction to Mathematical Philosophy	Russell, Bertrand, 1872-1970
PG18493	Religion	uploaded	Introduction to Non-Violence	Paullin, Theodore
PG10214	Philosophy	uploaded	Introduction to the Philosophy and Writings of Plato	Taylor, Thomas, 1758-1835
PG67355	Fiction	uploaded	Ioläus: An Anthology of Friendship	Carpenter, Edward, 1844-1929 [Editor]
PG1635	Philosophy	uploaded	Ion	Plato, 428? BCE-348? BCE; Jowett, Benjamin, 1817-1893 [Translator]
PG29639	Philosophy	uploaded	Is civilization a disease?	Coit, Stanton, 1857-1944
PG39455	Psychology	uploaded	Is Life Worth Living Without Immortality? A Lecture Delivered Before the Independent Religious Society, Chicago	Mangasarian, M. M. (Mangasar Mugurditch), 1859-1943
PG17201	Philosophy	pending	Is Life Worth Living?	Mallock, W. H. (William Hurrell), 1849-1923
PG24600	Religion	uploaded	Is Slavery Sanctioned by the Bible?	Allen, Isaac
PG51743	Psychology	uploaded	Is Spiritualism Based on Fraud? The Evidence Given by Sir A.C. Doyle and Others Drastically Examined	McCabe, Joseph, 1867-1955
PG38273	Religion	uploaded	Is the Bible Indictable? Being an Enquiry whether the Bible Comes within the Ruling of the Lord Chief Justice as to Obscene Literature	Besant, Annie, 1847-1933
PG35539	Religion	uploaded	Is The Bible Worth Reading, and Other Essays	Washburn, L. K. (Lemuel Kelley), 1846-1927
PG43205	Religion	uploaded	Is the Devil a Myth?	Wimberly, C. F. (Charles Franklin), 1866-1946
PG41650	Religion	uploaded	Is the Morality of Jesus Sound? A Lecture Delivered Before the Independent Religious Society	Mangasarian, M. M. (Mangasar Mugurditch), 1859-1943
PG68705	Religion	deferred_repair	Isis unveiled, Volume 1 (of 2), Science	Blavatsky, H. P. (Helena Petrovna), 1831-1891
PG75871	Religion	deferred_repair	Isis unveiled, Volume 2 (of 2), Theology	Blavatsky, H. P. (Helena Petrovna), 1831-1891
PG60119	Religion	uploaded	Isis very much unveiled, being the story of the great Mahatma hoax	Garrett, Fydell Edmund, 1865-1907
PG38114	Psychology	uploaded	Islam, Her Moral And Spiritual Value: A Rational And Pyschological Study	Leonard, Arthur Glyn
PG8420	Philosophy	uploaded	Issues in Population and Bioethics	Vaknin, Samuel, 1961-; Rangelovska, Lidija [Editor]
PG16306	Religion	uploaded	Jacob Behmen: An Appreciation	Whyte, Alexander, 1836-1921
PG44949	Philosophy	uploaded	James Frederick Ferrier	Haldane, Elizabeth Sanderson, 1862-1937; Brown, Joseph [Illustrator]
PG56095	Philosophy	uploaded	Janus in Modern Life	Petrie, W. M. Flinders (William Matthew Flinders), 1853-1942
PG5979	Religion	deferred_repair	Japan: An Attempt at Interpretation	Hearn, Lafcadio, 1850-1904
PG27351	Religion	deferred_repair	Jeremiah : Being The Baird Lecture for 1922	Smith, George Adam, 1856-1942
PG7836	Religion	uploaded	Jewish History : An Essay in the Philosophy of History	Dubnow, Simon, 1860-1941
PG72368	Religion	uploaded	Jnâna Yoga, Part II: Seven Lectures	Vivekananda, Swami, 1863-1902
PG65866	Poetry	deferred_repair	Job and Solomon: Or, The Wisdom of the Old Testament	Cheyne, T. K. (Thomas Kelly), 1841-1915
PG62799	Philosophy	deferred_repair	John Brown	Du Bois, W. E. B. (William Edward Burghardt), 1868-1963; Oberholtzer, Ellis Paxson, 1868-1936 [Editor]
PG38141	Psychology	uploaded	John Dewey's logical theory	Howard, Delton Thomas, 1883-
PG15268	Economics	uploaded	John Stuart Mill; His Life and Works Twelve Sketches by Herbert Spencer, Henry Fawcett, Frederic Harrison, and Other Distinguished Authors	Bourne, H. R. Fox (Henry Richard Fox), 1837-1909 [Contributor]; Cairnes, John Elliot, 1823-1875 [Contributor]; Fawcett, Henry, 1833-1884 [Contributor]; Fawcett, Millicent Garrett, Dame, 1847-1929 [Contributor]; Harrison, Frederic, 1831-1923 [Contributor]; Hunter, W. A. (William Alexander), 1844-1898 [Contributor]; Levy, J. H. (Joseph Hiam), 1838-1913 [Contributor]; Minto, William, 1845-1893 [Contributor]; Spencer, Herbert, 1820-1903 [Contributor]; Thornton, William Thomas, 1813-1880 [Contributor]; Trimen, Henry, 1843-1896 [Contributor]
PG56663	Religion	uploaded	Joseph Priestley	Thorpe, T. E. (Thomas Edward), 1845-1925
PG34362	Religion	uploaded	Joseph Smith as Scientist: A Contribution to Mormon Philosophy	Widtsoe, John Andreas, 1872-1952
PG57393	Philosophy	deferred_repair	Journal 01, 1837-1846 The Writings of Henry David Thoreau, Volume 07 (of 20)	Thoreau, Henry David, 1817-1862; Torrey, Bradford, 1843-1912 [Editor]
PG59031	Religion	uploaded	Journal 02, 1850-September 15, 1851 The Writings of Henry David Thoreau, Volume 08 (of 20)	Thoreau, Henry David, 1817-1862; Torrey, Bradford, 1843-1912 [Editor]
PG10395	Religion	uploaded	Joy and Power: Three Messages with One Meaning	Van Dyke, Henry, 1852-1933
PG20423	Philosophy	uploaded	Joyous Gard	Benson, Arthur Christopher, 1862-1925
PG48433	Philosophy	uploaded	Kant's Critique of Judgement	Kant, Immanuel, 1724-1804; Bernard, J. H. (John Henry), 1860-1927 [Translator]
PG52821	Philosophy	uploaded	Kant's Prolegomena to Any Future Metaphysics	Kant, Immanuel, 1724-1804; Carus, Paul, 1852-1919 [Editor]
PG32701	Philosophy	uploaded	Kant's Theory of Knowledge	Prichard, H. A. (Harold Arthur), 1871-1947
PG56332	Religion	uploaded	Keely and His Discoveries: Aerial Navigation	Moore, Bloomfield H., Mrs., 1824-1899
PG72765	Psychology	uploaded	Keep Happy	Miles, Eustace, 1868-1948
PG35470	Religion	uploaded	Key to the Science of Theology	Pratt, Parley P. (Parley Parker), 1807-1857
PG49097	Philosophy	uploaded	Killing for Sport: Essays by Various Writers	Salt, Henry S., 1851-1939 [Editor]; Shaw, Bernard, 1856-1950 [Author of introduction, etc.]
PG40341	Religion	uploaded	King Alfred's Old English Version of St. Augustine's Soliloquies Turned into Modern English	Augustine, of Hippo, Saint, 354-430; Alfred, King of England, 849-899 [Translator]; Hargrove, Henry Lee [Translator]
PG50368	Fiction	uploaded	King Solomon's Goat	Bartlett, George Willard, 1857-
PG52854	Religion	uploaded	Knights in Armour	Woods, Edward S. (Edward Sydney), 1877-1953
PG37864	Religion	uploaded	Know the Truth: A Critique on the Hamiltonian Theory of Limitation Including Some Strictures Upon the Theories of Rev. Henry L. Mansel and Mr. Herbert Spencer	Jones, Jesse Henry, 1836-1904
PG38367	Economics	uploaded	Knowledge is power	Knight, Charles, 1791-1873
PG3794	Philosophy	split	L. Annaeus Seneca on Benefits	Seneca, Lucius Annaeus, 5? BCE-65; Stewart, Aubrey, 1844-1918 [Translator]
PG1584	Philosophy	uploaded	Laches	Plato, 428? BCE-348? BCE; Jowett, Benjamin, 1817-1893 [Translator]
PG31933	Economics	uploaded	Landmarks of Scientific Socialism: "Anti-Duehring	Engels, Friedrich, 1820-1895; Lewis, Austin, 1865?-1944 [Editor]
PG63958	Religion	uploaded	Lao-tzu, A Study in Chinese Philosophy	Watters, Thomas, 1840-1901
PG73078	Philosophy	uploaded	Laocoon	Lessing, Gotthold Ephraim, 1729-1781; Frothingham, Ellen, 1835-1902 [Translator]
PG76990	Religion	uploaded	Last letters from the living dead man	Hatch, David Patterson (Spirit), 1846-1912; Barker, Elsa, 1869-1954 [Contributor]
PG53639	Religion	uploaded	Last Words on Evolution: A Popular Retrospect and Summary	Haeckel, Ernst, 1834-1919; McCabe, Joseph, 1867-1955 [Translator]
PG1140	Philosophy	uploaded	Latter-Day Pamphlets	Carlyle, Thomas, 1795-1881
PG4352	Philosophy	split	Laughter: An Essay on the Meaning of the Comic	Bergson, Henri, 1859-1941; Brereton, Cloudesley, 1863-1937 [Translator]; Rothwell, Fred, 1869-1934 [Translator]
PG27939	Philosophy	uploaded	Laurus Nobilis: Chapters on Art and Life	Lee, Vernon, 1856-1935
PG1750	Philosophy	split	Laws	Plato, 428? BCE-348? BCE; Jowett, Benjamin, 1817-1893 [Translator]
PG373	Fiction	split	Lay Morals, and Other Papers	Stevenson, Robert Louis, 1850-1894; Stevenson, Fanny Van de Grift, 1840-1914 [Author of introduction, etc.]
PG16729	Philosophy	deferred_repair	Lay Sermons, Addresses and Reviews	Huxley, Thomas Henry, 1825-1895
PG75942	Philosophy	deferred_repair	Lectures and biographical sketches	Emerson, Ralph Waldo, 1803-1882; Cabot, James Elliot, 1821-1903 [Editor]
PG16474	Religion	uploaded	Lectures and Essays	Huxley, Thomas Henry, 1825-1895
PG8389	Religion	deferred_repair	Lectures of Col. R. G. Ingersoll - Latest	Ingersoll, Robert Green, 1833-1899
PG8140	Religion	deferred_repair	Lectures of Col. R. G. Ingersoll, Volume I Including His Answers to the Clergy, His Oration at His Brother's Grave, Etc., Etc.	Ingersoll, Robert Green, 1833-1899
PG11391	Philosophy	uploaded	Lectures on Art	Allston, Washington, 1779-1843; Dana, Richard Henry, 1815-1882 [Editor]
PG7148	Drama	deferred_repair	Lectures on Dramatic Art and Literature	Schlegel, August Wilhelm von, 1767-1845; Black, John, 1783-1855 [Translator]
PG20019	Philosophy	uploaded	Lectures on Landscape Delivered at Oxford in Lent Term, 1871	Ruskin, John, 1819-1900
PG41019	Philosophy	uploaded	Lectures on the Philosophy and Practice of Slavery As Exhibited in the Institution of Domestic Slavery in the United States, with the Duties of Masters to Slaves	Smith, William A. (William Andrew), 1802-1870; Summers, Thomas O. (Thomas Osmond), 1812-1882 [Editor]
PG43116	Psychology	deferred_repair	Lectures on the Philosophy of the Human Mind (Vol. 1 of 3)	Brown, Thomas, 1778-1820
PG61889	Philosophy	deferred_repair	Lectures on the Principles of Political Obligation Reprinted from Green's Philosophical Works, vol. II., with Preface by Bernard Bosanquet	Green, Thomas Hill, 1836-1882; Bosanquet, Bernard, 1848-1923 [Author of introduction, etc.]; Nettleship, Richard Lewis, 1846-1892 [Editor]
PG36208	Philosophy	deferred_repair	Lectures on the true, the beautiful and the good	Cousin, Victor, 1792-1867; Wight, O. W. (Orlando Williams), 1824-1888 [Translator]
PG40957	Philosophy	uploaded	Leibniz's New Essays Concerning the Human Understanding: A Critical Exposition	Dewey, John, 1859-1952
PG62045	Philosophy	uploaded	Leo Tolstoy	Chesterton, G. K. (Gilbert Keith), 1874-1936; Garnett, Edward, 1868-1937; Perris, G. H. (George Herbert), 1866-1920
PG1673	Philosophy	uploaded	Lesser Hippias	Plato, 428? BCE-348? BCE [Dubious author]; Jowett, Benjamin, 1817-1893 [Translator]
PG8932	Philosophy	uploaded	Lessons in Life; A Series of Familiar Essays	Holland, J. G. (Josiah Gilbert), 1819-1881
PG24594	Religion	uploaded	Letter to the Reverend Mr. Cary Containing Remarks upon his Review of the Grounds of Christianity Examined by Comparing the New Testament to the Old	English, George Bethune, 1787-1828
PG71393	Philosophy	uploaded	Letters and social aims	Emerson, Ralph Waldo, 1803-1882
PG14461	Philosophy	split	Letters on Demonology and Witchcraft	Scott, Walter, 1771-1832; Morley, Henry, 1822-1894 [Editor]
PG2445	Religion	split	Letters on England	Voltaire, 1694-1778; Morley, Henry, 1822-1894 [Editor]
PG69485	Religion	uploaded	Letters on the equality of the sexes, and the condition of woman	Grimké, Sarah, 1792-1873
PG55833	Religion	uploaded	Letters That Have Helped Me	Judge, William Quan, 1851-1896; Keightley, Julia Wharton Lewis Campbell Ver Planck
PG31275	Religion	uploaded	Letters to Eugenia; Or, A Preservative Against Religious Prejudices	Holbach, Paul Henri Thiry, baron d', 1723-1789; Middleton, Anthony C. [Translator]
PG38094	Religion	uploaded	Letters To Eugenia; Or, A Preservative Against Religious Prejudices	Holbach, Paul Henri Thiry, baron d', 1723-1789; Middleton, Anthony C. [Translator]
PG18712	Religion	uploaded	Levels of Living Essays on Everyday Ideals	Cope, Henry Frederick, 1870-1923
PG3207	Philosophy	split	Leviathan	Hobbes, Thomas, 1588-1679
PG28278	Philosophy	uploaded	Liberalism	Hobhouse, L. T. (Leonard Trelawny), 1864-1929
PG38373	Philosophy	uploaded	Liberty in the Nineteenth Century	Holland, Frederic May, 1836-1908
PG39997	Philosophy	deferred_repair	Library Notes	Russell, A. P. (Addison Peale), 1826-1912
PG22050	Religion	uploaded	Life and Conduct	Lees, J. Cameron (James Cameron), 1834-1913
PG42843	Philosophy	uploaded	Life and Correspondence of David Hume, Volume 1	Burton, John Hill, 1809-1881; Hume, David, 1711-1776 [Contributor]
PG42844	Philosophy	uploaded	Life and Correspondence of David Hume, Volume 2	Burton, John Hill, 1809-1881; Hume, David, 1711-1776 [Contributor]
PG65699	Philosophy	uploaded	Life and death	Dastre, A. (Albert), 1844-1917; Greenstreet, W. J. (William John), 1861-1930 [Translator]
PG1986	Fiction	uploaded	Life and Death of Mr. Badman	Bunyan, John, 1628-1688
PG57752	Religion	uploaded	Life and destiny	Adler, Felix, 1851-1933
PG6138	Philosophy	split	Life and Habit	Butler, Samuel, 1835-1902; Streatfeild, R. A. (Richard Alexander), 1866-1919 [Contributor]
PG26321	Religion	uploaded	Life and Matter: A Criticism of Professor Haeckel's "Riddle of the Universe	Lodge, Oliver, Sir, 1851-1940
PG34569	Religion	uploaded	Life Everlasting	Fiske, John, 1842-1901
PG67486	Religion	deferred_repair	Life of Christ	Papini, Giovanni, 1881-1956; Fisher, Dorothy Canfield, 1879-1958 [Translator]
PG67821	Religion	uploaded	Life of Emanuel Swedenborg Together with a brief synopsis of his writings, both philosophical and theological	White, William, 1832?-1890
PG43719	Philosophy	uploaded	Life's Basis and Life's Ideal: The Fundamentals of a New Philosophy of Life	Eucken, Rudolf, 1846-1926; Widgery, Alban G. (Alban Gregory), 1887-1968 [Translator]
PG11939	Philosophy	uploaded	Life's Enthusiasms	Jordan, David Starr, 1851-1931
PG10665	Philosophy	split	Life, letters, and Epicurean philosophy of Ninon de L'Enclos, the celebrated beauty of the seventeenth century	Lenclos, Ninon de, 1620-1705; Overton, William Hassell, 1868- [Translator]; Robinson, Charles Henry, 1841- [Translator]
PG9307	Religion	split	Life: Its True Genesis	Flaccus, Horatius, 1816-1885
PG38355	Religion	uploaded	Light and Peace Instructions for devout souls to dispel their doubts and allay their fears	Quadrupani, Carlo Giuseppe
PG69464	Religion	uploaded	Light from the spirit world The pilgrimage of Thomas Paine and others to the seventh circle in the spirit world	Paine, Thomas (Spirit), 1737-1809 [Dubious author]; Hammond, C. (Charles), 1805?-1859
PG14599	Religion	split	Light on the Path and Through the Gates of Gold	Collins, Mabel, 1851-1927
PG67395	Philosophy	uploaded	Lincoln, the American	Lowden, Frank O. (Frank Orren), 1861-1943
PG5637	Philosophy	split	Literary and Philosophical Essays: French, German and Italian	Montaigne, Michel de, 1533-1592; Kant, Immanuel, 1724-1804; Lessing, Gotthold Ephraim, 1729-1781; Mazzini, Giuseppe, 1805-1872; Renan, Ernest, 1823-1892; Sainte-Beuve, Charles Augustin, 1804-1869; Schiller, Friedrich, 1759-1805
PG18936	Religion	uploaded	Little Journeys to the Homes of the Great - Volume 10 Little Journeys To The Homes Of Great Teachers	Hubbard, Elbert, 1856-1915
PG23640	Philosophy	deferred_repair	Little Journeys to the Homes of the Great Philosophers, Volume 8	Hubbard, Elbert, 1856-1915
PG68687	Philosophy	deferred_repair	Lives of alchemystical philosophers To which is added a bibliography of alchemy and hermetic philosophy	Waite, Arthur Edward, 1857-1942; Barrett, Francis
PG7082	Religion	deferred_repair	Lives of the Necromancers	Godwin, William, 1756-1836
PG36162	Religion	uploaded	Living for the Best	McClure, James G. K. (James Gore King), 1848-1932
PG46130	Philosophy	uploaded	Locke	Fowler, Thomas, 1832-1904
PG54137	Philosophy	uploaded	Logic as the Science of the Pure Concept	Croce, Benedetto, 1866-1952; Ainslie, Douglas, 1865-1948 [Translator]
PG31796	Philosophy	uploaded	Logic, Inductive and Deductive	Minto, William, 1845-1893
PG18440	Philosophy	uploaded	Logic: Deductive and Inductive	Read, Carveth, 1848-1931
PG57592	Philosophy	uploaded	Love and Marriage	Key, Ellen, 1849-1926; Ellis, Havelock, 1859-1939 [Author of introduction, etc.]; Chater, Arthur G. (Arthur Grosvenor), 1866-1951 [Translator]
PG10417	Religion	uploaded	Love, Life & Work Being a Book of Opinions Reasonably Good-Natured Concerning How to Attain the Highest Happiness for One's Self with the Least Possible Harm to Others	Hubbard, Elbert, 1856-1915
PG26837	Religion	uploaded	Love—Marriage—Birth Control Being a Speech delivered at the Church Congress at Birmingham, October, 1921	Dawson, Bertrand Edward Dawson, Viscount, 1864-1945
PG60852	Religion	deferred_repair	Lucifer: A Theosophical Magazine. Volume I. September 1887-February 1888.	Various; Blavatsky, H. P. (Helena Petrovna), 1831-1891 [Editor]; Collins, Mabel, 1851-1927 [Editor]
PG4967	Philosophy	split	Luck, or Cunning, as the Main Means of Organic Modification	Butler, Samuel, 1835-1902
PG36800	Religion	uploaded	Ludicrous Aspects Of Christianity A Response To The Challenge Of The Bishop Of Manchester	Holyoake, Austin, 1826-1874
PG37177	Drama	uploaded	Ludvig Holberg, The Founder of Norwegian Literature and an Oxford Student	Hammer, S. C. (Simon Christian), 1866-
PG43835	Fiction	uploaded	Lumen	Flammarion, Camille, 1842-1925
PG43303	Psychology	uploaded	Lures of Life	Lucas, Joseph
PG67353	Philosophy	deferred_repair	Lynch-law; an investigation into the history of lynching in the United States	Cutler, James Elbert, 1876-1959; Sumner, William Graham, 1840-1910 [Author of introduction, etc.]
PG1579	Philosophy	uploaded	Lysis	Plato, 428? BCE-348? BCE; Jowett, Benjamin, 1817-1893 [Translator]
PG69734	Philosophy	uploaded	Lysistrata	Ludovici, Anthony M. (Anthony Mario), 1882-1971; Haire, Norman, 1892-1952 [Author of introduction, etc.]
PG14660	Philosophy	uploaded	Mabini's Decalogue for Filipinos	Mabini, Apolinario, 1864-1903
PG15772	Philosophy	deferred_repair	Machiavelli, Volume I	Machiavelli, Niccolò, 1469-1527; Cust, Henry John Cockayne, 1861-1917 [Author of introduction, etc.]; Dacres, Edward [Translator]; Whitehorne, Peter [Translator]
PG46480	Religion	uploaded	Magic and Religion	Lang, Andrew, 1844-1912
PG61575	Religion	uploaded	Mahatma Gandhi: The Man Who Became One With the Universal Being	Rolland, Romain, 1866-1944; Groth, Catherine Dase, 1888- [Translator]
PG78025	Religion	pending	Main currents in American thought	Parrington, Vernon Louis, 1871-1929
PG48180	Philosophy	uploaded	Major Prophets of To-Day	Slosson, Edwin E. (Edwin Emery), 1865-1929
PG48565	Psychology	uploaded	Making Life Worth While	Fairbanks, Douglas, 1883-1939
PG19193	Religion	uploaded	Making the Most of Life	Miller, J. R. (James Russell), 1840-1912
PG68099	Economics	deferred_repair	Malthus and his work	Bonar, James, 1852-1941
PG52090	Philosophy	uploaded	Man a Machine	La Mettrie, Julien Offray de, 1709-1751; Frederick II, King of Prussia, 1712-1786 [Contributor]; Calkins, Mary Whiton, 1863-1930 [Editor]; Bussey, Gertrude Carman, 1888-1961 [Translator]
PG3328	Drama	uploaded	Man and Superman: A Comedy and a Philosophy	Shaw, Bernard, 1856-1950
PG24955	Fiction	uploaded	Man Made	Teichner, Albert
PG5641	Religion	split	Man or Matter Introduction to a Spiritual Understanding of Nature on the Basis of Goethe's Method of Training Observation and Thought	Lehrs, Ernst, 1894-1979
PG36926	Philosophy	uploaded	Man's Redemption of Man: A Lay Sermon	Osler, William, Sir, 1849-1919
PG25457	Philosophy	uploaded	Manhood of Humanity.	Korzybski, Alfred, 1879-1950
PG31193	Philosophy	uploaded	Manifesto of the Communist Party	Marx, Karl, 1818-1883; Engels, Friedrich, 1820-1895
PG7058	Philosophy	deferred_repair	Mankind in the Making	Wells, H. G. (Herbert George), 1866-1946
PG30225	Poetry	uploaded	Many Gods	Rice, Cale Young, 1872-1943
PG13721	Fiction	split	Mardi, and a voyage thither, Vol. 2 (of 2)	Melville, Herman, 1819-1891
PG62756	Fiction	uploaded	Margaret and Her Friends or, Ten conversations with Margaret Fuller upon the mythology of the Greeks and its expression in art, held at the house of the Rev. George Ripley, Bedford Place, Boston, beginning March 1, 1841	Dall, Caroline Wells Healey, 1822-1912; Fuller, Margaret, 1810-1850
PG4058	Fiction	split	Marius the Epicurean — Volume 2	Pater, Walter, 1839-1894
PG40209	Philosophy	uploaded	Marriage in Free Society	Carpenter, Edward, 1844-1929
PG47000	Philosophy	uploaded	Marriage, As It Was, As It Is, and As It Should Be: A Plea for Reform	Besant, Annie, 1847-1933
PG1722	Religion	uploaded	Martin Luther's Large Catechism, translated by Bente and Dau	Luther, Martin, 1483-1546; Bente, F. (Friedrich), 1858-1930 [Translator]; Dau, W. H. T. (William Herman Theodore), 1864-1944 [Translator]
PG72095	Philosophy	uploaded	Marxism and Darwinism	Pannekoek, Anton, 1873-1960; Weiser, Nathan [Translator]
PG30118	Religion	uploaded	Masonic Monitor of the Degrees of Entered Apprentice, Fellow Craft and Master Mason together with the Ceremony of Installation, Laying Corner Stones, Dedications, Masonic Burial, Etc.	Thornburgh, George
PG25387	Philosophy	pending	Mathematical Essays and Recreations	Schubert, Hermann, 1848-1911; McCormack, Thomas J. (Thomas Joseph), 1865-1932 [Translator]
PG33670	Philosophy	uploaded	Maxims and Reflections	Goethe, Johann Wolfgang von, 1749-1832; Saunders, T. Bailey (Thomas Bailey), 1860-1928 [Translator]
PG34257	Philosophy	uploaded	Means and Ends of Education	Spalding, John Lancaster, 1840-1916
PG2680	Philosophy	needs_review	Meditations	Marcus Aurelius, Emperor of Rome, 121-180
PG60705	Religion	uploaded	Meditations and Moral Sketches	Guizot, François, 1787-1874; Ormonde, John Butler, Marquis of, 1808-1854 [Translator]
PG60602	Religion	uploaded	Meditations on the Actual State of Christianity, and on the Attacks Which Are Now Being Made Upon It.	Guizot, François, 1787-1874
PG60488	Religion	uploaded	Meditations on the Essence of Christianity, and on the Religious Questions of the Day.	Guizot, François, 1787-1874
PG20768	Psychology	uploaded	Memories and Studies	James, William, 1842-1910; James, Henry, 1879-1947 [Editor]
PG22482	Religion	uploaded	Men in the Making	Shepherd, Ambrose
PG30207	Religion	uploaded	Men, Women, and Gods; and Other Lectures	Gardener, Helen H. (Helen Hamilton), 1853-1925; Ingersoll, Robert Green, 1833-1899 [Commentator]
PG1682	Drama	uploaded	Menexenus	Plato, 428? BCE-348? BCE; Jowett, Benjamin, 1817-1893 [Translator]
PG1643	Philosophy	uploaded	Meno	Plato, 428? BCE-348? BCE; Jowett, Benjamin, 1817-1893 [Translator]
PG45041	Psychology	uploaded	Mental Philosophy: Including the Intellect, Sensibilities, and Will	Haven, Joseph, 1816-1874
PG45040	Psychology	uploaded	Menticulture; or, the A-B-C of True Living	Fletcher, Horace, 1849-1919
PG73527	Fiction	uploaded	Messiah	Vidal, Gore, 1925-2012
PG46942	Psychology	uploaded	Metapsychical Phenomena: Methods and Observations	Maxwell, J. (Joseph), 1858-1938; Lodge, Oliver, Sir, 1851-1940 [Author of introduction, etc.]; Richet, Charles, 1850-1935 [Contributor]; Finch, L. I. (Laura I.) [Translator]
PG30123	Fiction	uploaded	Micromegas	Voltaire, 1694-1778; Phalen, Peter [Translator]
PG44635	Philosophy	uploaded	Military Manners and Customs	Farrer, James Anson, 1849-1925
PG22283	Psychology	uploaded	Mind and Motion and Monism	Romanes, George John, 1848-1894
PG64576	Philosophy	deferred_repair	Minor Dialogues, Together With the Dialogue on Clemency	Seneca, Lucius Annaeus, 5? BCE-65; Stewart, Aubrey, 1844-1918 [Translator]
PG26397	Religion	uploaded	Miracles and Supernatural Religion	Whiton, James Morris, 1833-1920
PG33979	Philosophy	uploaded	Miscellaneous Aphorisms; The Soul of Man	Wilde, Oscar, 1854-1900
PG4059	Philosophy	split	Miscellaneous Studies; a series of essays	Pater, Walter, 1839-1894
PG71683	Philosophy	uploaded	Miscellanies	Emerson, Ralph Waldo, 1803-1882
PG71812	Religion	uploaded	Miscellanies	Emerson, Ralph Waldo, 1803-1882; Emerson, Edward Waldo, 1844-1930 [Editor]
PG38099	Religion	uploaded	Mistakes of Moses	Ingersoll, Robert Green, 1833-1899
PG20233	Religion	uploaded	Modern Atheism under its forms of Pantheism, Materialism, Secularism, Development, and Natural Laws	Buchanan, James, 1804-1870
PG64537	Philosophy	uploaded	Modern cosmogonies	Clerke, Agnes M. (Agnes Mary), 1842-1907
PG5246	Philosophy	split	Modern French Philosophy: a Study of the Development Since Comte	Gunn, John Alexander, 1896-1975
PG38448	Religion	deferred_repair	Modern Magic	Schele de Vere, M. (Maximilian), 1820-1898
PG29906	Philosophy	deferred_repair	Modern Painters, Volume 2 (of 5)	Ruskin, John, 1819-1900
PG31623	Philosophy	uploaded	Modern Painters, Volume 4 (of 5)	Ruskin, John, 1819-1900
PG44329	Philosophy	uploaded	Modern Painters, Volume 5 (of 5)	Ruskin, John, 1819-1900
PG42957	Religion	deferred_repair	Modern Skepticism A Course of Lectures Delivered at the Request of the Christian Evidence Society	Ellicott, C. J. (Charles John), 1819-1905 [Contributor]; Harrowby, Dudley Ryder, Earl of, 1798-1882 [Author of introduction, etc.]; Christian Evidence Society [Other]
PG36489	Philosophy	uploaded	Modern Society	Howe, Julia Ward, 1819-1910
PG27197	Religion	uploaded	Modern Spiritualism	Smith, Uriah, 1832-1903
PG67912	Philosophy	uploaded	Modern Woman: Her Intentions	Farr, Florence, 1860-1917
PG9199	Religion	uploaded	Monism as Connecting Religion and Science A Man of Science	Haeckel, Ernst, 1834-1919
PG30219	Religion	uploaded	Monophysitism Past and Present: A Study in Christology	Luce, A. A. (Arthur Aston), 1882-1977
PG4584	Religion	split	Mont-Saint-Michel and Chartres	Adams, Henry, 1838-1918
PG25535	Drama	uploaded	Montaigne and Shakspere	Robertson, J. M. (John Mackinnon), 1856-1933
PG8422	Drama	uploaded	Moral Deliberations in Modern Cinema	Vaknin, Samuel, 1961-; Rangelovska, Lidija [Editor]
PG8103	Philosophy	split	Moral Philosophy: Ethics, Deontology and Natural Law	Rickaby, Joseph, 1845-1932
PG18616	Philosophy	uploaded	Moral Principles and Medical Practice: The Basis of Medical Jurisprudence	Coppens, Charles, 1835-1920
PG25172	Philosophy	uploaded	Moral Principles in Education	Dewey, John, 1859-1952
PG12913	Psychology	split	Moral Science; a Compendium of Ethics	Bain, Alexander, 1818-1903
PG35354	Religion	deferred_repair	Moral Theology A Complete Course Based on St. Thomas Aquinas and the Best Modern Authorities	McHugh, John A. (John Ambrose), 1880-1950; Callan, Charles J. (Charles Jerome), 1877-1962; Farrell, Edward P. [Editor]
PG22177	Religion	uploaded	Morality as a Religion An exposition of some first principles	Sullivan, W. R. Washington (William Robert Washington)
PG45387	Religion	uploaded	Morality Without God A Lecture Delivered Before the Independent Religious Society	Mangasarian, M. M. (Mangasar Mugurditch), 1859-1943
PG19447	Religion	deferred_repair	Morals and Dogma of the Ancient and Accepted Scottish Rite of Freemasonry	Pike, Albert, 1809-1891
PG37998	Philosophy	uploaded	Morals and the Evolution of Man	Nordau, Max Simon, 1849-1923; Lewenz, Marie Adèle, 1876- [Translator]
PG29276	Philosophy	uploaded	Morals in Trade and Commerce	Anderson, Frank B., 1863-1935
PG29881	Economics	uploaded	Morals of Economic Internationalism	Hobson, J. A. (John Atkinson), 1858-1940
PG26600	Poetry	uploaded	Mother Earth, Vol. 1 No. 1, March 1906	Various; Goldman, Emma, 1869-1940 [Editor]
PG57575	Philosophy	deferred_repair	Motherhood and the Relationships of the Sexes	Hartley, C. Gasquoine (Catherine Gasquoine), 1867-1928
PG66893	Philosophy	uploaded	Mountain Paths	Maeterlinck, Maurice, 1862-1949; Teixeira de Mattos, Alexander, 1865-1921 [Translator]
PG72333	Religion	uploaded	Mr. Belloc objects to "The outline of history	Wells, H. G. (Herbert George), 1866-1946
PG72334	Religion	uploaded	Mr. Belloc still objects to Mr. Wells's "Outline of history	Belloc, Hilaire, 1870-1953
PG2631	Religion	uploaded	Mr. Gladstone and Genesis Essay #5 from "Science and Hebrew Tradition	Huxley, Thomas Henry, 1825-1895
PG30269	Religion	uploaded	My Autobiography: A Fragment	Müller, F. Max (Friedrich Max), 1823-1900
PG37234	Religion	deferred_repair	My Path to Atheism	Besant, Annie, 1847-1933
PG43794	Religion	uploaded	My Religion	Tolstoy, Leo, graf, 1828-1910; Smith, Huntington, 1857-1926 [Translator]
PG49203	Religion	uploaded	My Visit to Tolstoy": Five Discourses	Krauskopf, Joseph, 1858-1923
PG39279	Psychology	uploaded	Mysterious Psychic Forces An Account of the Author's Investigations in Psychical Research, Together with Those of Other European Savants	Flammarion, Camille, 1842-1925
PG13143	Religion	uploaded	Mystic Christianity; Or, The Inner Teachings of the Master	Atkinson, William Walker, 1862-1932
PG36996	Religion	uploaded	Mystic Immanence, the Indwelling Spirit	Wilberforce, Basil, 1841-1916
PG22314	Religion	uploaded	Mysticism and its results	Delafield, John, 1812-1866
PG25447	Philosophy	uploaded	Mysticism and Logic and Other Essays	Russell, Bertrand, 1872-1970
PG75994	Religion	uploaded	Mystics of the Renaissance and their relation to modern thought, including Meister Eckhart, Tauler, Paracelsus, Jacob Boehme, Giordano Bruno, and others	Steiner, Rudolf, 1861-1925; Gysi, Max, 1874-1946 [Editor]; Keightley, Bertram, 1860-1944 [Translator]
PG17802	Fiction	uploaded	Myth and Science An Essay	Vignoli, Tito, 1828-1914
PG6147	Philosophy	uploaded	Narrative and Miscellaneous Papers — Volume 2	De Quincey, Thomas, 1785-1859
PG40766	Philosophy	uploaded	Nationalism	Tagore, Rabindranath, 1861-1941
PG5331	Poetry	uploaded	NATURAE	Dom
PG55988	Religion	uploaded	Natural History of Enthusiasm	Taylor, Isaac, 1787-1865
PG71558	Philosophy	uploaded	Natural history of intellect, and other papers	Emerson, Ralph Waldo, 1803-1882
PG23334	Religion	uploaded	Natural Law in the Spiritual World	Drummond, Henry, 1851-1897
PG43728	Religion	uploaded	Natural Man	Moss, Arthur B., 1855-
PG43791	Philosophy	uploaded	Natural Philosophy	Ostwald, Wilhelm, 1853-1932; Seltzer, Thomas, 1875?-1943 [Translator]
PG31794	Religion	uploaded	Naturalism and Religion	Otto, Rudolf, 1869-1937; Morrison, William Douglas, 1852-1943 [Editor]; Thomson, J. Arthur (John Arthur), 1861-1933 [Translator]; Thomson, Margaret R. [Translator]
PG29433	Religion	uploaded	Nature	Emerson, Ralph Waldo, 1803-1882
PG38022	Philosophy	uploaded	Nature and Culture	Rice, Harvey, 1800-1891
PG36271	Religion	uploaded	Nature and the Gods From "The Atheistic Platform", Twelve Lectures	Moss, Arthur B., 1855-
PG4273	Philosophy	split	Nature Cure: Philosophy & Practice Based on the Unity of Disease & Cure	Lindlahr, Henry, 1862-1924
PG18539	Religion	uploaded	Nature Mysticism	Mercer, John Edward, 1857?-1922
PG2990	Philosophy	uploaded	Never Again! A Protest and a Warning Addressed to the Peoples of Europe	Carpenter, Edward, 1844-1929
PG3257	Poetry	uploaded	New Thought Pastels	Wilcox, Ella Wheeler, 1850-1919
PG69879	Philosophy	uploaded	Newer ideals of peace	Addams, Jane, 1860-1935
PG53369	Philosophy	uploaded	Nietzsche and Art	Ludovici, Anthony M. (Anthony Mario), 1882-1971
PG48495	Philosophy	uploaded	Nietzsche and Other Exponents of Individualism	Carus, Paul, 1852-1919
PG53260	Philosophy	uploaded	Nietzsche: His Life and Works	Ludovici, Anthony M. (Anthony Mario), 1882-1971; Levy, Oscar, 1867-1946 [Author of introduction, etc.]
PG54715	Philosophy	uploaded	Nights with the Gods	Reich, Emil, 1854-1910
PG44628	Religion	deferred_repair	Nineteenth Century Questions	Clarke, James Freeman, 1810-1888
PG16624	Religion	uploaded	No and Yes	Eddy, Mary Baker, 1821-1910
PG24194	Religion	uploaded	No Compromise with Slavery An Address Delivered to the Broadway Tabernacle, New York	Garrison, William Lloyd, 1805-1879
PG19567	Religion	uploaded	No Refuge but in Truth	Smith, Goldwin, 1823-1910
PG36145	Philosophy	uploaded	No Treason, Vol. VI.: The Constitution of No Authority	Spooner, Lysander, 1808-1887
PG43466	Philosophy	uploaded	Not Guilty: A Defence of the Bottom Dog	Blatchford, Robert, 1851-1943
PG42984	Religion	uploaded	Not Paul, but Jesus	Bentham, Jeremy, 1748-1832; Crandall, John J., 1836-1922 [Editor]
PG6881	Philosophy	uploaded	Note Book of an English Opium-Eater	De Quincey, Thomas, 1785-1859
PG14485	Religion	split	Notes on the Apocalypse	Steele, David, 1803-1887
PG52430	Religion	uploaded	Nothing Between" The Special Doctrines Vindicated at the Reformation as Bearing upon the Spiritual Life of the Church	Hoare, Edward, 1812-1894
PG69764	Philosophy	uploaded	Novum organon renovatum Being the second part of the philosophy of the inductive sciences	Whewell, William, 1794-1866
PG45988	Philosophy	deferred_repair	Novum organum	Bacon, Francis, 1561-1626; Devey, Joseph, 1823-1897 [Editor]
PG45113	Psychology	uploaded	Nuggets of the New Thought: Several Things That Have Helped People	Atkinson, William Walker, 1862-1932
PG42988	Philosophy	uploaded	Nursing as Caring: A Model for Transforming Practice	Boykin, Anne, 1944-; Schoenhofer, Savina O'Bryan, 1940-; Pennell, Shawn [Illustrator]
PG61930	Religion	uploaded	Observations on the State of Religion and Literature in Spain	Bowring, John, 1792-1872
PG13285	Religion	uploaded	Occasional Thoughts in Reference to a Vertuous or Christian life	Masham, Damaris, Lady, 1658-1708
PG71252	Religion	uploaded	Occult science in medicine	Hartmann, Franz, 1838-1912
PG36730	Psychology	uploaded	Occultism and common-sense	Willson, Beckles, 1869-1942; Barrett, William, Sir, 1844-1925 [Author of introduction, etc.]
PG77108	Religion	uploaded	Occultists & mystics of all ages	Shirley, Ralph, 1865-1946
PG75391	Philosophy	uploaded	Ocellus Lucanus on the nature of the universe	Taylor, Thomas, 1758-1835 [Translator]; Firmicus Maternus, Julius; Proclus, 412-485; Tauros, 105?-; Okellos, ho Leukanos, active 6th century B.C. [Dubious author]
PG51038	Religion	uploaded	Of Ghostes and Spirites, Walking by Night And of Straunge Noyses, Crackes, and Sundrie Forewarnings, Which Commonly Happen Before the Death of Men: Great Slaughters, and Alterations of Kingdoms	Lavater, Ludwig, 1527-1586; Harrison, Robert, -1585? [Translator]
PG72786	Religion	uploaded	Of holy disobedience	Muste, A. J. (Abraham John), 1885-1967
PG26340	Religion	uploaded	Of Natural and Supernatural Things Also of the first Tincture, Root, and Spirit of Metals and Minerals, how the same are Conceived, Generated, Brought forth, Changed, and Augmented.	Basilius Valentinus; Cable, Daniel [Translator]
PG76773	Religion	uploaded	Of the importance of religious opinions	Necker, Jacques, 1732-1804; Wollstonecraft, Mary, 1759-1797 [Translator]
PG46060	Philosophy	uploaded	Of the Injustice of Counterfeiting Books From: Essays and Treaties on Moral, Political and various Philosophical Subjects	Kant, Immanuel, 1724-1804
PG45913	Philosophy	uploaded	Of Vulgarity	Ruskin, John, 1819-1900
PG46030	Philosophy	uploaded	Of Walks and Walking Tours: An Attempt to find a Philosophy and a Creed	Haultain, Arnold, 1857-1941
PG29971	Religion	uploaded	Old Groans and New Songs Being Meditations on the Book of Ecclesiastes	Jennings, Frederick Charles, 1847-1948
PG29917	Philosophy	uploaded	Old-Fashioned Ethics and Common-Sense Metaphysics With Some of Their Applications	Thornton, William Thomas, 1813-1880
PG76748	Philosophy	uploaded	On art and artists	Nordau, Max Simon, 1849-1923; Harvey, William Frederick, 1853- [Translator]
PG5068	Philosophy	uploaded	On Being Human	Wilson, Woodrow, 1856-1924
PG11557	Philosophy	split	On Compromise	Morley, John, 1838-1923
PG65244	Philosophy	uploaded	On criminal abortion in America	Storer, Horatio Robinson, 1830-1922
PG1091	Philosophy	uploaded	On Heroes, Hero-Worship, and the Heroic in History	Carlyle, Thomas, 1795-1881
PG34901	Philosophy	pending	On Liberty	Mill, John Stuart, 1806-1873
PG53720	Philosophy	deferred_repair	On Love	Stendhal, 1783-1842; Woolf, Cecil N. Sidney, 1887-1917 [Translator]; Woolf, Philip Sidney, 1889-1965 [Translator]
PG56721	Philosophy	uploaded	On Mr. Spencer's Data of Ethics	Guthrie, Malcolm (Writer on Herbert Spencer)
PG68066	Poetry	uploaded	On poetic interpretation of nature	Shairp, John Campbell, 1819-1885
PG57998	Psychology	uploaded	On Sameness and Identity: A Psychological Study Being a Contribution to the Foundations of a Theory of Knowledge	Fullerton, George Stuart, 1859-1925
PG2934	Philosophy	uploaded	On the Advisableness of Improving Natural Knowledge	Huxley, Thomas Henry, 1825-1895
PG49006	Religion	uploaded	On the apostolical succession Parochial lectures, second series	Irons, William J. (William Josiah), 1812-1883
PG71	Philosophy	needs_review	On the Duty of Civil Disobedience	Thoreau, Henry David, 1817-1862
PG48027	Philosophy	uploaded	On the Ethics of Naturalism	Sorley, W. R. (William Ritchie), 1855-1935
PG63689	Religion	uploaded	On the Eve of Redemption	Melamed, S. M., 1885-1938; Friedenwald, Harry, 1864-1950 [Author of introduction, etc.]
PG50966	Philosophy	uploaded	On the Fourfold Root of the Principle of Sufficient Reason, and On the Will in Nature: Two Essays (revised edition)	Schopenhauer, Arthur, 1788-1860; Hillebrand, Karl, Mme. [Translator]
PG28146	Philosophy	uploaded	On the Future of our Educational Institutions	Nietzsche, Friedrich Wilhelm, 1844-1900; Levy, Oscar, 1867-1946 [Editor]; Kennedy, J. M. (John McFarland) [Translator]
PG51580	Philosophy	uploaded	On the Future of our Educational Institutions; Homer and Classical Philology Complete Works, Volume Three	Nietzsche, Friedrich Wilhelm, 1844-1900; Levy, Oscar, 1867-1946 [Editor]; Kennedy, J. M. (John McFarland) [Translator]
PG20818	Religion	uploaded	On the Genesis of Species	Mivart, St. George Jackson, 1827-1900
PG1016	Religion	uploaded	On the Improvement of the Understanding	Spinoza, Benedictus de, 1632-1677; Elwes, R. H. M. (Robert Harvey Monro), 1853- [Translator]
PG2627	Philosophy	uploaded	On the Method of Zadig Essay #1 from "Science and Hebrew Tradition	Huxley, Thomas Henry, 1825-1895
PG785	Poetry	split	On the Nature of Things	Lucretius Carus, Titus, 95? BCE-50? BCE; Leonard, William Ellery, 1876-1944 [Translator]
PG31142	Philosophy	uploaded	On the Nature of Thought Or, The act of thinking and its connexion with a perspicuous sentence	Haslam, John, 1764-1844
PG51555	Philosophy	uploaded	On the Philosophy of Discovery, Chapters Historical and Critical	Whewell, William, 1794-1866
PG4004	Religion	uploaded	On the Prospects of Christianity Bernard Shaw's Preface to Androcles and the Lion	Shaw, Bernard, 1856-1950
PG2089	Religion	uploaded	On the Reception of the 'Origin of Species'	Huxley, Thomas Henry, 1825-1895
PG3631	Philosophy	split	On the Significance of Science and Art	Tolstoy, Leo, graf, 1828-1910; Hapgood, Isabel Florence, 1850-1928 [Translator]
PG17957	Philosophy	uploaded	On the Sublime	Longinus, active 1st century; Lang, Andrew, 1844-1912 [Author of introduction, etc.]; Havell, H. L. (Herbert Lord), -1913 [Translator]
PG74732	Philosophy	uploaded	On the theory of the infinite in modern thought	Jourdain, Eleanor F. (Eleanor Frances), 1863-1924; Jourdain, Philip E. B. (Philip Edward Bertrand), 1879-1919 [Contributor]
PG1946	Philosophy	needs_review	On War	Clausewitz, Carl von, 1780-1831; Graham, J. J. (James John) [Translator]
PG69311	Religion	uploaded	Onanism display'd being, I. an enquiry into the true nature of Onan's sin. II. of the modern Onanists. III. of self-pollution, its causes, and consequences; with three extraordinary cases, of two young gentlemen and a lady, who were very much addicted to this crime. IV. of nocturnal-pollutions natural and forc'd. V. the great sin of self-pollution, with the judgment of the most eminent divines upon this subject. VI. a dissertation concerning generation, with a curious description of the parts, and of their proper functions, &c. according to the latest, and most approv'd anatomical discoveries	Curll, Edmund, 1675-1747 [Publisher]
PG19281	Religion	uploaded	One Common Faith	Bahá'í International Community
PG35722	Philosophy	uploaded	Ontology, or the Theory of Being	Coffey, P. (Peter), 1876-1943
PG45959	Philosophy	uploaded	Open That Door!	Ingersoll, R. Sturgis (Robert Sturgis), 1891-
PG31622	Philosophy	uploaded	Optimism: An Essay	Keller, Helen, 1880-1968
PG62900	Fiction	deferred_repair	Opus 21 Descriptive Music for the Lower Kinsey Epoch of the Atomic Age, a Concerto for a One-man Band, Six Arias for Soap Operas, Fugues, Anthems & Barrelhouse	Wylie, Philip, 1902-1971
PG62784	Religion	uploaded	Oration: The American Mind	Lyons, Charles W., 1868-1939; Ernst, C. W. (Carl Wilhelm), 1845-1919 [Contributor]
PG69856	Philosophy	uploaded	Orpheus; or, The music of the future	Turner, W. J. (Walter James), 1884-1946
PG130	Religion	needs_review	Orthodoxy	Chesterton, G. K. (Gilbert Keith), 1874-1936
PG16769	Religion	split	Orthodoxy	Chesterton, G. K. (Gilbert Keith), 1874-1936
PG29054	Religion	uploaded	Orthodoxy: Its Truths And Errors	Clarke, James Freeman, 1810-1888
PG33689	Philosophy	uploaded	Oscar Wilde, Art and Morality: A Defence of "The Picture of Dorian Gray	Mason, Stuart, 1872-1927 [Editor]
PG53052	Economics	uploaded	Our Benevolent Feudalism	Ghent, William J. (William James), 1866-1942
PG67662	Philosophy	uploaded	Our Changing Morality: A Symposium	Kirchwey, Freda, 1893-1976 [Editor]
PG50399	Philosophy	uploaded	Our Eternity	Maeterlinck, Maurice, 1862-1949; Teixeira de Mattos, Alexander, 1865-1921 [Translator]
PG18214	Philosophy	uploaded	Our Friend the Dog	Maeterlinck, Maurice, 1862-1949; Aldin, Cecil, 1870-1935 [Illustrator]; Teixeira de Mattos, Alexander, 1865-1921 [Translator]
PG37090	Philosophy	uploaded	Our Knowledge of the External World as a Field for Scientific Method in Philosophy	Russell, Bertrand, 1872-1970
PG18578	Religion	uploaded	Our Unitarian Gospel	Savage, Minot J. (Minot Judson), 1841-1918
PG75418	Economics	uploaded	Ouroboros; or, the mechanical extension of mankind	Garrett, Garet, 1878-1954
PG74178	Philosophy	uploaded	Out from the heart	Allen, James, 1864-1912
PG60422	Philosophy	uploaded	Outlines of a Critical Theory of Ethics	Dewey, John, 1859-1952
PG38446	Psychology	uploaded	Outlines of a Philosophy of Religion based on Psychology and History	Sabatier, Auguste, 1839-1901
PG44905	Psychology	uploaded	Outlines of Educational Doctrine	Herbart, Johann Friedrich, 1776-1841; De Garmo, Charles, 1849-1934 [Annotator]; Lange, Alexis Frederick, 1862-1924 [Translator]
PG75283	Religion	deferred_repair	Outlines of Mahayana Buddhism	Suzuki, Daisetz Teitaro, 1870-1966
PG49357	Religion	uploaded	Outlines of Mormon Philosophy Or the Answers Given by the Gospel, as Revealed Through the Prophet Joseph Smith, to the Questions of Life	Wilson, Lycurgus A. (Lycurgus Arnold), 1856-1940
PG15249	Religion	deferred_repair	Outspoken Essays	Inge, William Ralph, 1860-1954
PG65293	Philosophy	uploaded	Owen's Moral Physiology; or, A Brief and Plain Treatise on the Population Question	Owen, Robert Dale, 1801-1877; Glover, Ralph [Editor]
PG1561	Fiction	deferred_repair	Pagan and Christian Creeds: Their Origin and Meaning	Carpenter, Edward, 1844-1929
PG53829	Religion	uploaded	Pagan Ideas of Immortality During the Early Roman Empire	Moore, Clifford Herschel, 1866-1931
PG11015	Religion	split	Pantheism, Its Story and Significance Religions Ancient and Modern	Picton, J. Allanson (James Allanson), 1832-1910
PG63459	Philosophy	uploaded	Paradise (to be) Regained	Thoreau, Henry David, 1817-1862
PG61783	Philosophy	uploaded	Paradoxes and Problemes With two characters and an essay of valour. Now for the first time reprinted from the editions of 1633 and 1652 with one additional probleme.	Donne, John, 1572-1631; Keynes, Geoffrey, 1887-1982 [Editor]
PG16309	Religion	uploaded	Paradoxes of Catholicism	Benson, Robert Hugh, 1871-1914
PG45971	Philosophy	uploaded	Parallel Paths: A Study in Biology, Ethics, and Art	Rolleston, T. W. (Thomas William), 1857-1920
PG42913	Philosophy	deferred_repair	Parenthood and Race Culture: An Outline of Eugenics	Saleeby, C. W. (Caleb Williams), 1878-1940
PG72445	Philosophy	deferred_repair	Parents and children	Mason, Charlotte M. (Charlotte Maria), 1842-1923
PG19284	Religion	uploaded	Paris Talks	ʻAbdu'l-Bahá, 1844-1921
PG1687	Philosophy	uploaded	Parmenides	Plato, 428? BCE-348? BCE; Jowett, Benjamin, 1817-1893 [Translator]
PG20264	Drama	uploaded	Parsifal: Story and Analysis of Wagner's Great Opera	Haweis, H. R. (Hugh Reginald), 1839-1901
PG26726	Religion	uploaded	Pascal	Tulloch, John, 1823-1886; Oliphant, Mrs. (Margaret), 1828-1897 [Editor]
PG18269	Religion	deferred_repair	Pascal's Pensées	Pascal, Blaise, 1623-1662; Eliot, T. S. (Thomas Stearns), 1888-1965 [Author of introduction, etc.]
PG13534	Philosophy	split	Past and Present	Carlyle, Thomas, 1795-1881
PG26159	Philosophy	uploaded	Past and Present Thomas Carlyle's Collected Works, Vol. XIII.	Carlyle, Thomas, 1795-1881
PG52587	Philosophy	uploaded	Pax mundi	Arnoldson, K. P. (Klas Pontus), 1844-1916
PG32192	Philosophy	uploaded	Peace with Mexico	Gallatin, Albert, 1761-1849
PG30661	Philosophy	deferred_repair	Pedagogics as a System	Rosenkranz, Karl, 1805-1879; Brackett, Anna C. (Anna Callender), 1836-1911 [Translator]
PG33338	Philosophy	uploaded	Per Amica Silentia Lunae	Yeats, W. B. (William Butler), 1865-1939
PG16872	Philosophy	uploaded	Percy Bysshe Shelley as a Philosopher and Reformer	Sotheran, Charles, 1847-1902; Frederickson, Charles William, 1823-1897 [Commentator]
PG50922	Philosophy	uploaded	Perpetual Peace: A Philosophical Essay	Kant, Immanuel, 1724-1804; Smith, Mary Campbell [Translator]
PG75874	Philosophy	uploaded	Personal rights	Caird, Mona, 1854-1932
PG22303	Philosophy	uploaded	Personality in Literature	Scott-James, R. A. (Rolfe Arnold), 1878-
PG51862	Religion	uploaded	Peter Abélard	McCabe, Joseph, 1867-1955
PG49450	Fiction	uploaded	Petrarch's Secret; or, the Soul's Conflict with Passion Three Dialogues Between Himself and S. Augustine	Petrarca, Francesco, 1304-1374; Draper, William H., 1855-1933 [Translator]
PG1658	Philosophy	uploaded	Phaedo	Plato, 428? BCE-348? BCE; Jowett, Benjamin, 1817-1893 [Translator]
PG1636	Philosophy	uploaded	Phaedrus	Plato, 428? BCE-348? BCE; Jowett, Benjamin, 1817-1893 [Translator]
PG11025	Religion	uploaded	Phaethon: Loose Thoughts for Loose Thinkers	Kingsley, Charles, 1819-1875
PG1744	Philosophy	uploaded	Philebus	Plato, 428? BCE-348? BCE; Jowett, Benjamin, 1817-1893 [Translator]
PG73718	Psychology	uploaded	Philistine and genius	Sidis, Boris, 1867-1923
PG14657	Religion	uploaded	Philo-Judæus of Alexandria	Bentwich, Norman, 1883-1971
PG46759	Philosophy	uploaded	Philosophic Nights in Paris Being selections from Promenades Philosophiques	Gourmont, Remy de, 1858-1915; Goldberg, Isaac, 1887-1938 [Translator]
PG6799	Philosophy	split	Philosophical Letters of Friedrich Schiller	Schiller, Friedrich, 1759-1805
PG53679	Philosophy	deferred_repair	Philosophical Letters: or, modest Reflections upon some Opinions in Natural Philosophy	Newcastle, Margaret Cavendish, Duchess of, 1624?-1674
PG50141	Philosophy	deferred_repair	Philosophical Studies	Moore, G. E. (George Edward), 1873-1958
PG53791	Philosophy	uploaded	Philosophical Works, v. 1 (of 4) Including All the Essays, and Exhibiting the More Important Alterations and Corrections in the Successive Editions Published by the Author	Hume, David, 1711-1776
PG53792	Psychology	deferred_repair	Philosophical Works, v. 2 (of 4) Including All the Essays, and Exhibiting the More Important Alterations and Corrections in the Successive Editions Published by the Author	Hume, David, 1711-1776
PG54870	Poetry	uploaded	Philosophies	Ross, Ronald, Sir, 1857-1932
PG65478	Religion	uploaded	Philosophumena; or, The refutation of all heresies, Volume I	Hippolytus, Antipope, 170?-236?; Origen, 185?-254? [Dubious author]; Legge, Francis, 1853-1922 [Translator]
PG67116	Religion	uploaded	Philosophumena; or, The refutation of all heresies, Volume II	Hippolytus, Antipope, 170?-236?; Origen, 185?-254? [Dubious author]; Legge, Francis, 1853-1922 [Translator]
PG72981	Psychology	uploaded	Philosophy	Russell, Bertrand, 1872-1970
PG21995	Religion	uploaded	Philosophy and Religion Six Lectures Delivered at Cambridge	Rashdall, Hastings, 1858-1924
PG42880	Philosophy	uploaded	Philosophy and the Social Problem	Durant, Will, 1885-1981
PG25864	Philosophy	uploaded	Philosophy of Osteopathy	Still, A. T. (Andrew Taylor), 1828-1917
PG44644	Religion	uploaded	Philosophy of the Plan of Salvation: A Book for the Times	Walker, James B. (James Barr), 1805-1887
PG65041	Philosophy	uploaded	Phrenology Examined	Flourens, P. (Pierre), 1794-1867; Meigs, Charles D. (Charles Delucena), 1792-1869 [Translator]
PG76392	Philosophy	uploaded	Physical science in the time of Nero	Seneca, Lucius Annaeus, 5? BCE-65; Geikie, Archibald, 1835-1924 [Contributor]; Clarke, John, 1858- [Translator]
PG75254	Religion	uploaded	Physico-theology	Derham, W. (William), 1657-1735
PG4350	Philosophy	uploaded	Physics and Politics, or, Thoughts on the application of the principles of "natural selection" and "inheritance" to political society	Bagehot, Walter, 1826-1877
PG39526	Philosophy	uploaded	Pioneers of Evolution from Thales to Huxley With an Intermediate Chapter on the Causes of Arrest of the Movement	Clodd, Edward, 1840-1930
PG8547	Religion	split	Pirke Avot: The Sayings of the Jewish Fathers	Gorfinkle, Joseph I. (Joseph Isaac), 1880- [Translator]
PG8548	Religion	split	Pirke Avot: The Sayings of the Jewish Fathers	Gorfinkle, Joseph I. (Joseph Isaac), 1880- [Translator]
PG4095	Philosophy	split	Plato and Platonism	Pater, Walter, 1839-1894
PG40435	Philosophy	uploaded	Plato and the Other Companions of Sokrates, 3rd ed. Volume 1	Grote, George, 1794-1871
PG40436	Philosophy	uploaded	Plato and the Other Companions of Sokrates, 3rd ed. Volume 2	Grote, George, 1794-1871
PG40437	Philosophy	uploaded	Plato and the Other Companions of Sokrates, 3rd ed. Volume 3	Grote, George, 1794-1871
PG40438	Philosophy	uploaded	Plato and the Other Companions of Sokrates, 3rd ed. Volume 4	Grote, George, 1794-1871
PG76595	Drama	uploaded	Plato's American Republic	Woodruff, Douglas, 1897-1978
PG40439	Philosophy	uploaded	Plato's Doctrine Respecting the Rotation of the Earth and Aristotle's Comment Upon That Doctrine	Grote, George, 1794-1871
PG13928	Drama	uploaded	Plays, Acting and Music: A Book Of Theory	Symons, Arthur, 1865-1945
PG42930	Philosophy	uploaded	Plotinos: Complete Works, v. 1 In Chronological Order, Grouped in Four Periods	Plotinus, 205?-270; Guthrie, Kenneth Sylvan, 1871-1940 [Translator]
PG42931	Philosophy	deferred_repair	Plotinos: Complete Works, v. 2 In Chronological Order, Grouped in Four Periods	Plotinus, 205?-270; Guthrie, Kenneth Sylvan, 1871-1940 [Translator]
PG42932	Philosophy	deferred_repair	Plotinos: Complete Works, v. 3 In Chronological Order, Grouped in Four Periods	Plotinus, 205?-270; Guthrie, Kenneth Sylvan, 1871-1940 [Translator]
PG42933	Philosophy	deferred_repair	Plotinos: Complete Works, v. 4 In Chronological Order, Grouped in Four Periods	Plotinus, 205?-270; Guthrie, Kenneth Sylvan, 1871-1940 [Translator]
PG66101	Philosophy	uploaded	Ploughshare and Pruning-Hook: Ten Lectures on Social Subjects	Housman, Laurence, 1865-1959
PG58567	Philosophy	uploaded	Plutarch on the Delay of the Divine Justice	Plutarch, 46-120?; Peabody, Andrew P. (Andrew Preston), 1811-1893 [Translator]
PG78134	Philosophy	pending	Plutarch's essays and miscellanies, Vol. 1 (of 5)	Plutarch, 46-120?; Goodwin, William Watson, 1831-1912 [Editor]
PG78147	Philosophy	pending	Plutarch's essays and miscellanies, Vol. 2 (of 5)	Plutarch, 46-120?; Goodwin, William Watson, 1831-1912 [Editor]
PG78000	Philosophy	pending	Plutarch's essays and miscellanies, Vol. 5 (of 5)	Plutarch, 46-120?; Goodwin, William Watson, 1831-1912 [Editor]
PG23639	Philosophy	deferred_repair	Plutarch's Morals	Plutarch, 46-120?; Shilleto, A. R. (Arthur Richard), 1848-1894 [Translator]
PG57513	Fiction	uploaded	Plutarch's Romane Questions With dissertations on Italian cults, myths, taboos, man-worship, aryan marriage, sympathetic magic and the eating of beans	Plutarch, 46-120?; Jevons, F. B. (Frank Byron), 1858-1936 [Editor]; Holland, Philemon, 1552-1637 [Translator]
PG59006	Philosophy	uploaded	Pogonologia; Or, A Philosophical and Historical Essay on Beards	Dulaure, J.-A. (Jacques-Antoine), 1755-1835
PG75184	Philosophy	uploaded	Political fragments of Archytas, Charondas, Zaleucus, and other ancient Pythagoreans, preserved by Stobæus	Taylor, Thomas, 1758-1835 [Translator]
PG4776	Economics	split	Political Ideals	Russell, Bertrand, 1872-1970
PG14735	Philosophy	split	Political thought in England from Locke to Bentham	Laski, Harold J. (Harold Joseph), 1893-1950
PG6762	Philosophy	split	Politics: A Treatise on Government	Aristotle, 385 BCE-323 BCE; Ellis, William, 1730-1801 [Translator]
PG5329	Philosophy	uploaded	PoPHILO: Popular Philosophy	Dom
PG39508	Philosophy	deferred_repair	Popular scientific lectures	Mach, Ernst, 1838-1916; McCormack, Thomas J. (Thomas Joseph), 1865-1932 [Translator]
PG65992	Philosophy	uploaded	Portraits and Speculations	Ransome, Arthur, 1884-1967
PG18788	Philosophy	uploaded	Post-Prandial Philosophy	Allen, Grant, 1848-1899
PG4337	Philosophy	uploaded	Power Through Repose	Call, Annie Payson, 1853-1940
PG66610	Philosophy	uploaded	Practical Agitation	Chapman, John Jay, 1862-1933
PG17522	Psychology	deferred_repair	Practical Essays	Bain, Alexander, 1818-1903
PG24372	Philosophy	uploaded	Practical Ethics	Hyde, William De Witt, 1858-1917
PG21774	Religion	uploaded	Practical Mysticism: A Little Book for Normal People	Underhill, Evelyn, 1875-1941
PG10970	Philosophy	split	Pragmatism	Murray, D. L. (David Leslie), 1888-1962; Schiller, F. C. S. (Ferdinand Canning Scott), 1864-1937 [Author of introduction, etc.]
PG72074	Philosophy	uploaded	Pragmatism and idealism	Caldwell, William, 1863-1942
PG5116	Philosophy	uploaded	Pragmatism: A New Name for Some Old Ways of Thinking	James, William, 1842-1910
PG3789	Philosophy	uploaded	Preface to Major Barbara: First Aid to Critics	Shaw, Bernard, 1856-1950
PG54897	Philosophy	uploaded	Preliminary Discourse on the Study of Natural Philosophy	Herschel, John F. W. (John Frederick William), 1792-1871
PG69444	Philosophy	uploaded	Present status and prospects of the Peace Movement	Suttner, Bertha von, 1843-1914
PG70458	Religion	deferred_repair	Primitive culture, vol. 1 (of 2)	Tylor, Edward B. (Edward Burnett), 1832-1917
PG53430	Philosophy	uploaded	Principia Ethica	Moore, G. E. (George Edward), 1873-1958
PG78050	Philosophy	pending	Principia mathematica, vol. 1 (of 3)	Whitehead, Alfred North, 1861-1947; Russell, Bertrand, 1872-1970
PG78255	Philosophy	pending	Principia mathematica, vol. 2 (of 3)	Whitehead, Alfred North, 1861-1947; Russell, Bertrand, 1872-1970
PG13132	Philosophy	split	Principles of Freedom	MacSwiney, Terence J. (Terence Joseph), 1879-1920
PG73827	Philosophy	uploaded	Principles of literary criticism	Richards, I. A. (Ivor Armstrong), 1893-1979
PG16857	Religion	uploaded	Probabilities : An aid to Faith	Tupper, Martin Farquhar, 1810-1889
PG5775	Philosophy	deferred_repair	Problems of Conduct: An Introductory Survey of Ethics	Drake, Durant, 1878-1933
PG21496	Religion	uploaded	Problems of Immanence: studies critical and constructive	Warschauer, Joseph, 1869-
PG19768	Philosophy	uploaded	Professor Royce's Libel A Public Appeal for Redress to the Corporation and Overseers of Harvard University	Abbot, Francis Ellingwood, 1836-1903
PG27948	Philosophy	uploaded	Progress and History	Marvin, Francis Sydney, 1863-1943 [Editor]
PG12035	Philosophy	split	Progressive Morality: An Essay in Ethics	Fowler, Thomas, 1832-1904
PG54992	Philosophy	uploaded	Prolegomena to the Study of Hegel's Philosophy, and Especially of His Logic	Wallace, William, 1844-1897
PG60914	Fiction	uploaded	Prometheus Illbound	Gide, André, 1869-1951; Rothermere, Mary Lilian Share Harmsworth, viscountess, -1937 [Translator]
PG68493	Philosophy	uploaded	Promoting good citizenship	Bryce, James Bryce, Viscount, 1838-1922
PG36111	Philosophy	uploaded	Prophets of Dissent : Essays on Maeterlinck, Strindberg, Nietzsche and Tolstoy	Heller, Otto, 1863-1941
PG690	Philosophy	split	Proposed Roads to Freedom	Russell, Bertrand, 1872-1970
PG1591	Philosophy	uploaded	Protagoras	Plato, 428? BCE-348? BCE; Jowett, Benjamin, 1817-1893 [Translator]
PG50436	Philosophy	deferred_repair	Protestantism and Catholicity compared in their effects on the civilization of Europe	Balmes, Jaime Luciano, 1810-1848
PG74416	Philosophy	uploaded	Proteus	Lee, Vernon, 1856-1935
PG50064	Poetry	deferred_repair	Proverbial Philosophy The First and Second Series	Tupper, Martin Farquhar, 1810-1889 [Compiler]
PG56504	Philosophy	uploaded	Proverbs and Their Lessons Being the Subject of Lectures Delivered to Young Men's Societies at Portsmouth and Elsewhere	Trench, Richard Chenevix, 1807-1886
PG71985	Philosophy	uploaded	Psyche's task	Frazer, James George, 1854-1941
PG66555	Religion	uploaded	Psyche: The Cult of Souls and Belief in Immortality among the Greeks	Rohde, Erwin, 1845-1898; Hillis, W. B. (William Bernard) [Translator]
PG31417	Psychology	uploaded	Psychic phenomena	Bennett, Edward T., 1831-1908; Lodge, Oliver, Sir, 1851-1940 [Author of introduction, etc.]
PG37565	Psychology	uploaded	Psychical Miscellanea Being Papers on Psychical Research, Telepathy, Hypnotism, Christian Science, etc.	Hill, J. Arthur (John Arthur), 1872-1951
PG61124	Psychology	uploaded	Psychoanalysis and Love	Tridon, André, 1877-1922
PG69219	Psychology	uploaded	Psychoanalysis and the unconscious	Lawrence, D. H. (David Herbert), 1885-1930
PG65903	Fiction	deferred_repair	Psychology of the Unconscious A Study of the Transformations and Symbolisms of the Libido. A Contribution to the History of the Evolution of Thought	Jung, C. G. (Carl Gustav), 1875-1961; Hinkle, Beatrice M., 1874-1953 [Translator]
PG61807	Religion	uploaded	Psychomancy: Spirit-Rappings and Table-Tippings Exposed	Page, Charles Grafton, 1812-1868
PG70850	Religion	uploaded	Ptolemy's Tetrabiblos	Ptolemy, 100?-170?; Proclus, 412-485 [Adapter]; Ranger, Philip, active 1615-1631 [Other]; Ashmand, J. M. [Translator]
PG23219	Fiction	uploaded	Putois 1907	France, Anatole, 1844-1924
PG76522	Religion	uploaded	Pythagoras and the Delphic mysteries	Schuré, Edouard, 1841-1929; Rothwell, Fred, 1869-1934 [Translator]
PG38929	Philosophy	uploaded	Quacks and Grafters	Anonymous; Strohbach, George, 1872- [Author of introduction, etc.]
PG63095	Poetry	uploaded	Quartz from the Uplands	Turner, Lewis McKenzie, 1863-1938
PG12813	Religion	split	Quit Your Worrying!	James, George Wharton, 1858-1923
PG73514	Philosophy	uploaded	Quo vadimus?	Fournier d'Albe, E. E. (Edmund Edward), 1868-1933
PG7539	Philosophy	uploaded	Quotes and Images from Chesterfield's Letters to His Son	Chesterfield, Philip Dormer Stanhope, Earl of, 1694-1773; Widger, David, 1932-2021? [Editor]
PG7555	Philosophy	uploaded	Quotes and Images From The Confessions of Jean Jacques Rousseau	Rousseau, Jean-Jacques, 1712-1778; Widger, David, 1932-2021? [Editor]
PG7538	Philosophy	uploaded	Quotes and Images from the Memoirs of Jacques Casanova de Seingalt	Casanova, Giacomo, 1725-1798; Widger, David, 1932-2021? [Editor]; Machen, Arthur, 1863-1947 [Translator]
PG7551	Philosophy	uploaded	Quotes and Images From The Works of Michel De Montaigne	Montaigne, Michel de, 1533-1592; Widger, David, 1932-2021? [Editor]
PG47976	Philosophy	uploaded	Race Improvement; or, Eugenics: A Little Book on a Great Subject	Baker, La Reine Helen McKenzie, 1882-1936
PG652	Fiction	split	Rasselas, Prince of Abyssinia	Johnson, Samuel, 1709-1784
PG31941	Religion	uploaded	Rationalism	Robertson, J. M. (John Mackinnon), 1856-1933
PG14058	Philosophy	uploaded	Readings on Fascism and National Socialism Selected by members of the department of philosophy, University of Colorado	Various
PG15563	Religion	uploaded	Reason and Faith; Their Claims and Conflicts From The Edinburgh Review, October 1849, Volume 90, No. CLXXXII. (Pages 293-356)	Rogers, Henry, 1806-1877
PG37694	Religion	uploaded	Reason, the Only Oracle of Man; Or, A Compendius System of Natural Religion	Allen, Ethan, 1738-1789
PG67455	Fiction	uploaded	Rebuttal	Curtis, Betsy, 1917-2002; Giunta, John, 1920-1970 [Illustrator]
PG15084	Philosophy	uploaded	Recent Developments in European Thought	Marvin, Francis Sydney, 1863-1943 [Editor]
PG12492	Philosophy	uploaded	Recent Tendencies in Ethics Three Lectures to Clergy Given at Cambridge	Sorley, W. R. (William Ritchie), 1855-1935
PG37744	Religion	uploaded	Recollections and Impressions, 1822-1890	Frothingham, Octavius Brooks, 1822-1895
PG40089	Philosophy	uploaded	Reconstruction in Philosophy	Dewey, John, 1859-1952
PG17956	Philosophy	uploaded	Recreation by Viscount Grey of Fallodon, K.G.	Grey of Fallodon, Edward Grey, Viscount, 1862-1933
PG73691	Philosophy	uploaded	Reflections on the death of a porcupine and other essays	Lawrence, D. H. (David Herbert), 1885-1930
PG28330	Philosophy	uploaded	Reflections on the Operation of the Present System of Education, 1853	Andrews, C. C. (Christopher Columbus), 1829-1922
PG61317	Philosophy	uploaded	Reflections on the painting and sculpture of the Greeks	Winckelmann, Johann Joachim, 1717-1768; Fuseli, Henry, 1741-1825 [Translator]
PG45592	Philosophy	uploaded	Reflections on the Rise and Fall of the Ancient Republicks Adapted to the Present State of Great Britain	Montagu, Edward Wortley, 1713-1776
PG35875	Psychology	uploaded	Reflections on War and Death	Freud, Sigmund, 1856-1939; Brill, A. A. (Abraham Arden), 1874-1948 [Translator]; Kuttner, Alfred B. (Alfred Booth), 1886- [Translator]
PG9105	Philosophy	uploaded	Reflections; or Sentences and Moral Maxims	La Rochefoucauld, François duc de, 1613-1680; Friswell, J. Hain (James Hain), 1825-1878 [Translator]; Willis Bund, J. W. (John William), 1843-1928 [Translator]
PG9596	Religion	uploaded	Reform and Politics Part 2 from The Works of John Greenleaf Whittier, Volume VII	Whittier, John Greenleaf, 1807-1892
PG52945	Philosophy	uploaded	Reformed Logic A System Based on Berkeley's Philosophy with an Entirely New Method of Dialectic	McLachlan, D. B.
PG76803	Philosophy	uploaded	Regeneration	Hake, A. Egmont (Alfred Egmont), 1849-1916; Butler, Nicholas Murray, 1862-1947 [Author of introduction, etc.]
PG26364	Religion	uploaded	Reincarnation and the Law of Karma A Study of the Old-New World-Doctrine of Rebirth, and Spiritual Cause and Effect	Atkinson, William Walker, 1862-1932
PG21533	Religion	uploaded	Reincarnation: A Study in Human Evolution	Pascal, Théophile, 1860-1909; Rothwell, Fred, 1869-1934 [Translator]
PG63028	Fiction	uploaded	Reinstern	Richberg, Eloise O. Randall
PG66145	Religion	uploaded	Religio Journalistici	Morley, Christopher, 1890-1957
PG586	Religion	split	Religio Medici, Hydriotaphia, and the Letter to a Friend	Browne, Thomas, Sir, 1605-1682
PG30306	Psychology	uploaded	Religion & Sex: Studies in the Pathology of Religious Development	Cohen, Chapman, 1868-1954
PG35772	Religion	uploaded	Religion and Science from Galileo to Bergson	Hardwick, J. C. (John Charlton), 1885-
PG36757	Religion	uploaded	Religion and the War	Yale University. Divinity School; Sneath, E. Hershey (Elias Hershey), 1857-1935 [Editor]
PG38375	Fiction	uploaded	Religion in the Heavens; Or, Mythology Unveiled in a Series of Lectures	Mitchell, Logan
PG32578	Psychology	uploaded	Religious Perplexities	Jacks, L. P. (Lawrence Pearsall), 1860-1955
PG6312	Philosophy	uploaded	Representative Men: Seven Lectures	Emerson, Ralph Waldo, 1803-1882
PG76531	Philosophy	uploaded	Resist not evil	Darrow, Clarence, 1857-1938
PG52958	Religion	uploaded	Revelations of Divine Love	Julian, of Norwich, 1343-; Warrack, G. (Grace Harriet), 1855-1932 [Editor]
PG12002	Philosophy	uploaded	Review of the Work of Mr John Stuart Mill Entitled, 'Examination of Sir William Hamilton's Philosophy.'	Grote, George, 1794-1871
PG58496	Philosophy	uploaded	Revolted Woman: Past, present, and to come	Harper, Charles G. (Charles George), 1863-1943
PG26108	Philosophy	uploaded	Revolutionist's Handbook and Pocket Companion	Shaw, Bernard, 1856-1950
PG10140	Poetry	split	Rhetoric and Poetry in the Renaissance A Study of Rhetorical Terms in English Renaissance Literary Criticism	Clark, Donald Lemen, 1888-1966
PG36695	Religion	uploaded	Right Living as a Fine Art A Study of Channing's Symphony as an Outline of the Ideal Life and Character	Hillis, Newell Dwight, 1858-1929; Channing, W. H. (William Henry), 1810-1884 [Contributor]
PG61130	Religion	uploaded	Ritual of the Order of the Eastern Star	Order of the Eastern Star. General Grand Chapter
PG64488	Religion	uploaded	Roman Stoicism being lectures on the history of the Stoic philosophy with special reference to its development within the Roman Empire	Arnold, Edward Vernon, 1857-1926
PG5794	Fiction	uploaded	Rosa Alchemica	Yeats, W. B. (William Butler), 1865-1939
PG14052	Philosophy	split	Rousseau (Volume 1 and 2)	Morley, John, 1838-1923
PG50235	Philosophy	uploaded	Rousseau and Romanticism	Babbitt, Irving, 1865-1933
PG19666	Religion	uploaded	Rudimental Divine Science	Eddy, Mary Baker, 1821-1910
PG14357	Religion	split	Rudolph Eucken : a philosophy of life	Jones, Abel J. (Abel John), 1878-1949
PG66820	Religion	uploaded	Ruysbroeck and the Mystics: with selections from Ruysbroeck	Maeterlinck, Maurice, 1862-1949; Ruusbroec, Jan van, 1293-1381 [Contributor]; Stoddart, Jane T., 1863-1944 [Translator]
PG12894	Religion	split	Sacred Books of the East	Wilson, Epiphanius, 1845-1916 [Editor]; Aśvaghosha, 80?-150? [Contributor]; Carlyle, Thomas, 1795-1881 [Contributor]; Beal, Samuel, 1825-1889 [Translator]; Darmesteter, James, 1849-1894 [Translator]; Müller, F. Max (Friedrich Max), 1823-1900 [Translator]; Sale, George, 1697?-1736 [Translator]
PG6842	Religion	uploaded	Sadhana : the realisation of life	Tagore, Rabindranath, 1861-1941
PG30173	Religion	uploaded	Saint Ursula: I. The Story of St. Ursula. II. The Dream of St. Ursula.	Ruskin, John, 1819-1900
PG50944	Philosophy	uploaded	Salmonia; Or, Days of Fly Fishing In a series of conversations. With some account of the habits of fishes belonging to the genus Salmo	Davy, Humphry, Sir, 1778-1829
PG20585	Fiction	deferred_repair	Sartor Resartus, and  On Heroes, Hero-Worship, and the Heroic in History	Carlyle, Thomas, 1795-1881
PG1051	Fiction	split	Sartor Resartus: The Life and Opinions of Herr Teufelsdröckh	Carlyle, Thomas, 1795-1881
PG39119	Religion	uploaded	Satires and Profanities	Thomson, James, 1834-1882; Foote, G. W. (George William), 1850-1915
PG56691	Religion	uploaded	Saturday Night Thoughts A Series of Dissertations on Spiritual, Historical, and Philosophic Themes	Whitney, Orson F. (Orson Ferguson), 1855-1931
PG60537	Fiction	uploaded	Scenes and Portraits	Manning, Frederic, 1882-1935
PG77188	Philosophy	uploaded	School education	Mason, Charlotte M. (Charlotte Maria), 1842-1923
PG38283	Philosophy	uploaded	Schopenhauer	Whittaker, Thomas, 1856-1935
PG47136	Philosophy	pending	Schopenhauer	Beer, Margrieta, 1871-1951
PG7150	Philosophy	uploaded	Science & Education: Essays	Huxley, Thomas Henry, 1825-1895
PG52344	Philosophy	deferred_repair	Science and Culture, and Other Essays	Huxley, Thomas Henry, 1825-1895
PG37157	Philosophy	pending	Science and hypothesis	Poincaré, Henri, 1854-1912; Larmor, Joseph, 1857-1942 [Author of introduction, etc.]; Greenstreet, W. J. (William John), 1861-1930 [Translator]
PG38943	Philosophy	uploaded	Science and Medieval Thought The Harveian Oration Delivered Before the Royal College of Physicians, October 18, 1900	Allbutt, T. Clifford (Thomas Clifford), 1836-1925
PG24684	Religion	uploaded	Science and Morals and Other Essays	Windle, Bertram Coghill Alan, Sir, 1858-1929
PG25931	Religion	uploaded	Science and the Infinite; or, Through a Window in the Blank Wall	Klein, Sydney T. (Sydney Turner), 1853-1934
PG68611	Religion	uploaded	Science and the modern world	Whitehead, Alfred North, 1861-1947
PG49289	Fiction	uploaded	Scientific Romances (First Series)	Hinton, Charles Howard, 1853-1907
PG70412	Religion	deferred_repair	Scripture texts illustrated by general literature	Jacox, Francis, 1825-1897
PG37613	Philosophy	uploaded	Search-Light Letters	Grant, Robert, 1852-1940
PG13444	Philosophy	deferred_repair	Searchlights on Health: The Science of Eugenics	Jefferis, B. G. (Benjamin Grant), 1851-; Nichols, J. L. (James Lawrence), -1895
PG26633	Psychology	uploaded	Second Sight: A Study of Natural and Induced Clairvoyance	Sepharial, 1864-1929
PG7370	Philosophy	needs_review	Second Treatise of Government	Locke, John, 1632-1704
PG64671	Philosophy	uploaded	Secret Diplomacy: How Far Can It Be Eliminated?	Reinsch, Paul S. (Paul Samuel), 1869-1923
PG14675	Religion	split	Secret Enemies of True Republicanism Most important developments regarding the inner life of man and the spirit world, in order to abolish revolutions and wars and to establish permanent peace on earth, also: the plan for redemption of nations from monarchical and other oppresive [sic] speculations and for the introduction of the promised new era of harmony, truth and righteousness on the whole globe	Smolnikar, Andrew B. (Andreas Bernardus), 1795-1869
PG13759	Religion	split	Secret Societies: A Discussion of Their Character and Claims	Macdill, David, 1826-1903; Beecher, Edward, 1803-1895; Blanchard, Jonathan, 1811-1892
PG10846	Religion	split	Seekers after God	Farrar, F. W. (Frederic William), 1831-1903
PG77014	Religion	deferred_repair	Select works of Porphyry	Porphyry, 234?-305?; Taylor, Thomas, 1758-1835 [Translator]
PG62618	Philosophy	deferred_repair	Selected Essays of Plutarch, Vol. I.	Plutarch, 46-120?; Tucker, T. G. (Thomas George), 1859-1946 [Translator]
PG62858	Philosophy	deferred_repair	Selected Essays of Plutarch, Vol. II.	Plutarch, 46-120?; Prickard, A. O. (Arthur Octavius), 1843-1939 [Translator]
PG43098	Philosophy	deferred_repair	Selected Works of Voltairine de Cleyre	De Cleyre, Voltairine, 1866-1912; Havel, Hippolyte, 1871-1950 [Contributor]; Berkman, Alexander, 1870-1936 [Editor]
PG19610	Philosophy	deferred_repair	Selections from Previous Works With Remarks on Romanes' Mental Evolution in Animals, and a Psalm of Montreal	Butler, Samuel, 1835-1902
PG4391	Philosophy	split	Selections from the Principles of Philosophy	Descartes, René, 1596-1650; Veitch, John, 1829-1894 [Translator]
PG41310	Religion	uploaded	Selections from the Prose Writings of John Henry Cardinal Newman For the Use of Schools	Newman, John Henry, 1801-1890
PG3286	Philosophy	deferred_repair	Selections from the Speeches and Writings of Edmund Burke	Burke, Edmund, 1729-1797
PG60333	Religion	uploaded	Selections from the Writings of Kierkegaard	Kierkegaard, Søren, 1813-1855; Hollander, Lee M. (Lee Milton), 1880-1972 [Translator]
PG19287	Religion	uploaded	Selections from the writings of ‘Abdu'l-Bahá	ʻAbdu'l-Bahá, 1844-1921
PG75928	Psychology	uploaded	Self and self-management	Bennett, Arnold, 1867-1931
PG935	Philosophy	split	Self Help; with Illustrations of Conduct and Perseverance	Smiles, Samuel, 1812-1904
PG47947	Philosophy	uploaded	Self Knowledge and Guide to Sex Instruction: Vital Facts of Life for All Ages	Shannon, Thomas W. (Thomas Washington), 1866-
PG51469	Philosophy	uploaded	Self-Control, Its Kingship and Majesty	Jordan, William George, 1864-1928
PG13142	Psychology	uploaded	Self-Development and the Way to Power	Rogers, L. W. (Louis William), 1859-1953
PG56075	Philosophy	uploaded	Seneca's Morals of a Happy Life, Benefits, Anger and Clemency	Seneca, Lucius Annaeus, 5? BCE-65; L'Estrange, Roger, Sir, 1616-1704 [Translator]
PG1432	Fiction	split	Seraphita	Balzac, Honoré de, 1799-1850; Wormeley, Katharine Prescott, 1830-1908 [Translator]
PG10274	Religion	uploaded	Sermons on Evil-Speaking	Barrow, Isaac, 1630-1677; Morley, Henry, 1822-1894 [Editor]
PG15031	Religion	deferred_repair	Sermons on Various Important Subjects Written Partly on Sundry of the More Difficult Passages in the Sacred Volume	Lee, Andrew, 1745-1832
PG16645	Religion	deferred_repair	Sermons Preached at Brighton Third Series	Robertson, Frederick William, 1816-1853
PG1293	Philosophy	uploaded	Sesame and Lilies	Ruskin, John, 1819-1900
PG49336	Philosophy	uploaded	Seventy Years Among Savages	Salt, Henry S., 1851-1939
PG61729	Psychology	uploaded	Sex & Character Authorised Translation from the Sixth German Edition	Weininger, Otto, 1880-1903
PG11965	Philosophy	uploaded	Sex and Common-Sense	Royden, A. Maude (Agnes Maude), 1876-1956
PG29896	Religion	uploaded	Sex--The Unknown Quantity: The Spiritual Function of Sex	McIvor-Tyndall, Alexander J. (Alexander James), -1940
PG37356	Philosophy	uploaded	Sex-Love, and Its Place in a Free Society	Carpenter, Edward, 1844-1929
PG17556	Philosophy	pending	Sextus Empiricus and Greek Scepticism	Patrick, Mary Mills, 1850-1940
PG71898	Psychology	uploaded	Sexual ethics	Forel, Auguste, 1848-1931; Saleeby, C. W. (Caleb Williams), 1878-1940 [Author of introduction, etc.]; Dukes, Ashley, 1885-1959 [Translator]
PG8139	Drama	uploaded	Shakspere and Montaigne An Endeavour to Explain the Tendency of 'Hamlet' from Allusions in Contemporary Works	Feis, Jacob, 1842-1900
PG34085	Philosophy	uploaded	Shelley and the Marriage Question	Todhunter, John, 1839-1916
PG43439	Religion	uploaded	Short Studies in Ethics: An Elementary Text-Book for Schools	Miller, John Ormsby, 1861-
PG20755	Religion	deferred_repair	Short Studies on Great Subjects	Froude, James Anthony, 1818-1894
PG76731	Psychology	uploaded	Sibylla	Mace, C. A. (Cecil Alec), 1894-1971
PG2500	Fiction	uploaded	Siddhartha	Hesse, Hermann, 1877-1962
PG58344	Fiction	uploaded	Siddhartha: A Poem of India	Hesse, Hermann, 1877-1962; Wyllie, David (Translator) [Translator]
PG12892	Religion	split	Simon Magus An Essay on the Founder of Simonianism Based on the Ancient Sources With a Re-Evaluation of His Philosophy and Teachings	Mead, G. R. S. (George Robert Stow), 1863-1933
PG16359	Religion	uploaded	Sir Thomas Browne and his 'Religio Medici': An Appreciation	Whyte, Alexander, 1836-1921
PG4243	Philosophy	uploaded	Sir Thomas More, or, Colloquies on the Progress and Prospects of Society	Southey, Robert, 1774-1843; Morley, Henry, 1822-1894 [Editor]
PG41203	Religion	deferred_repair	Six Discourses on the Miracles of Our Saviour, and Defences of His Discourses	Woolston, Thomas, 1670-1733
PG46809	Drama	uploaded	Six Major Prophets	Slosson, Edwin E. (Edwin Emery), 1865-1929
PG70091	Philosophy	uploaded	Six metaphysical meditations	Descartes, René, 1596-1650; Hobbes, Thomas, 1588-1679 [Contributor]; Molyneux, William, 1656-1698 [Translator]
PG31799	Philosophy	uploaded	Sketch of a New Esthetic of Music	Busoni, Ferruccio, 1866-1924; Baker, Theodore, 1851-1934 [Translator]
PG58363	Philosophy	uploaded	Sketches of Indian Character Being a Brief Survey of the Principal Features of Character Exhibited by the North American Indians; Illustrating the Aphorism of the Socialists, that "Man is the creature of circumstances	Bailey, James Napier
PG51371	Philosophy	uploaded	Slaveholding Weighed in the Balance of Truth, and Its Comparative Guilt Illustrated	Fitch, Charles, 1805-1844
PG44736	Religion	uploaded	Slavery	Channing, William Ellery, 1780-1842
PG38716	Religion	uploaded	Slavery and the Constitution	Bowditch, William I. (William Ingersoll), 1819-1909
PG70681	Philosophy	deferred_repair	Slavery: letters and speeches	Mann, Horace, 1796-1859
PG50289	Philosophy	uploaded	Social Environment and Moral Progress	Wallace, Alfred Russel, 1823-1913
PG29393	Economics	uploaded	Social Justice Without Socialism	Clark, John Bates, 1847-1938
PG45724	Philosophy	uploaded	Social Origins and Primal Law	Lang, Andrew, 1844-1912; Atkinson, J. J. (James Jasper), -1899
PG28901	Philosophy	uploaded	Social Rights And Duties: Addresses to Ethical Societies. Vol 1 [of 2]	Stephen, Leslie, 1832-1904
PG36957	Philosophy	uploaded	Social Rights And Duties: Addresses to Ethical Societies. Vol 2 [of 2]	Stephen, Leslie, 1832-1904
PG38138	Economics	uploaded	Socialism	Mill, John Stuart, 1806-1873
PG18397	Philosophy	uploaded	Socialism and Modern Science (Darwin, Spencer, Marx)	Ferri, Enrico, 1856-1929; La Monte, Robert Rives [Translator]
PG62506	Religion	uploaded	Socialism Exposed	Mather, Joseph
PG39257	Philosophy	uploaded	Socialism, Utopian and Scientific	Engels, Friedrich, 1820-1895; Aveling, Edward B., 1849-1898 [Translator]
PG23574	Philosophy	uploaded	Socialism: Positive and Negative	La Monte, Robert Rives
PG69258	Philosophy	uploaded	Society and solitude: Twelve chapters	Emerson, Ralph Waldo, 1803-1882
PG4683	Drama	uploaded	Socrates	Voltaire, 1694-1778; Morlock, Frank J. [Translator]
PG48429	Philosophy	deferred_repair	Soliloquies in England, and Later Soliloquies	Santayana, George, 1863-1952
PG55898	Philosophy	uploaded	Solitude With the Life of the Author. In Two Parts	Zimmermann, Johann Georg, 1728-1795
PG41042	Philosophy	uploaded	Solomon Maimon: An Autobiography.	Maimon, Solomon, 1754-1800; Murray, John Clark, 1836-1917 [Translator]
PG19289	Religion	uploaded	Some Answered Questions	ʻAbdu'l-Bahá, 1844-1921
PG3113	Philosophy	uploaded	Some Causes of the Prevailing Discontent	Warner, Charles Dudley, 1829-1900
PG62209	Philosophy	uploaded	Some Observations Upon the Civilization of the Western Barbarians, Particularly of the English made during the residence of some years in those parts.	Swazey, John B.; Smythe, John Yester [Other]
PG61143	Philosophy	uploaded	Some Reflections Upon Marriage. With additions.	Astell, Mary, 1666-1731
PG73140	Religion	uploaded	Some religious and moral teachings of Al-Ghazzali	Ghazzali, 1058-1111; Widgery, Alban G. (Alban Gregory), 1887-1968 [Author of introduction, etc.]; Nawab Ali, Syed [Translator]
PG20801	Religion	uploaded	Some Remains (hitherto unpublished) of Joseph Butler, LL.D.	Butler, Joseph, 1692-1752; Steere, Edward, 1828-1882 [Editor]
PG16712	Philosophy	uploaded	Some Turns of Thought in Modern Philosophy: Five Essays	Santayana, George, 1863-1952
PG32608	Philosophy	uploaded	Some War-time Lessons The Soldier's Standards of Conduct; The War As a Practical Test of American Scholarship; What Have We Learned?	Keppel, Frederick P. (Frederick Paul), 1875-1943
PG1735	Philosophy	uploaded	Sophist	Plato, 428? BCE-348? BCE; Jowett, Benjamin, 1817-1893 [Translator]
PG30768	Religion	uploaded	Sowing and Reaping	Moody, Dwight Lyman, 1837-1899
PG8489	Poetry	deferred_repair	Specimens of the Table Talk of Samuel Taylor Coleridge	Coleridge, Samuel Taylor, 1772-1834; Coleridge, Henry Nelson, 1798-1843 [Editor]
PG13987	Philosophy	uploaded	Speech of John Hossack, Convicted of a Violation of the Fugitive Slave Law Before Judge Drummond, Of The United States District Court, Chicago, Ill.	Hossack, John, 1806-1891
PG34573	Religion	uploaded	Speeches, Addresses, and Occasional Sermons, Volume 1 (of 3)	Parker, Theodore, 1810-1860
PG34688	Religion	deferred_repair	Speeches, Addresses, and Occasional Sermons, Volume 3 (of 3)	Parker, Theodore, 1810-1860
PG37513	Philosophy	uploaded	Spencer's Philosophy of Science The Herbert Spencer Lecture Delivered at the Museum 7 November, 1913	Morgan, C. Lloyd (Conwy Lloyd), 1852-1936
PG21542	Religion	uploaded	Spirit and Music	Hunt, H. Ernest (Harry Ernest)
PG61871	Psychology	uploaded	Spirit Slate Writing and Kindred Phenomena	Soo, Chung Ling, 1861-1918
PG61004	Religion	uploaded	Spiritual Energies in Daily Life	Jones, Rufus M. (Rufus Matthew), 1863-1948
PG14026	Religion	uploaded	Spiritual Life and the Word of God	Swedenborg, Emanuel, 1688-1772
PG24934	Religion	uploaded	Spiritual Reformers in the 16th & 17th Centuries	Jones, Rufus M. (Rufus Matthew), 1863-1948
PG67019	Religion	uploaded	Sree Krishna, the Lord of Love	Premananda Bharati, Baba, 1857-1914
PG49917	Religion	uploaded	St John Damascene on Holy Images (πρὸς τοὺς διαβάλλοντας τᾶς ἁγίας εἰκόνας). Followed by Three Sermons on the Assumption (κοίμησις)	John of Damascus, Saint, 676?-749; Allies, Mary H. (Mary Helen), 1852-1927 [Translator]
PG54793	Religion	uploaded	St. Paul and Protestantism, with an Essay on Puritanism and the Church of England	Arnold, Matthew, 1822-1888
PG1738	Philosophy	uploaded	Statesman	Plato, 428? BCE-348? BCE; Jowett, Benjamin, 1817-1893 [Translator]
PG74748	Philosophy	uploaded	Straws and prayer-books; dizain des diversions	Cabell, James Branch, 1879-1958
PG2901	Philosophy	uploaded	Studies and Essays: Censorship and Art	Galsworthy, John, 1867-1933
PG59590	Philosophy	uploaded	Studies and Exercises in Formal Logic	Keynes, John Neville, 1852-1949
PG60228	Religion	uploaded	Studies in Life from Jewish Proverbs	Elmslie, W. A. L. (William Alexander Leslie)
PG40665	Psychology	uploaded	Studies in Logical Theory	Dewey, John, 1859-1952
PG57573	Psychology	deferred_repair	Studies in the Evolutionary Psychology of Feeling	Stanley, Hiram Miner
PG46572	Religion	deferred_repair	Studies in the History and Method of Science, vol. 1 (of 2)	Singer, Charles, 1876-1960 [Editor]; Osler, William, Sir, 1849-1919 [Author of introduction, etc.]
PG35855	Psychology	uploaded	Studies in the Out-Lying Fields of Psychic Science	Tuttle, Hudson, 1836-1910
PG47849	Philosophy	deferred_repair	Studies in the Theory of Descent (Volumes 1 and 2)	Weismann, August, 1834-1914; Darwin, Charles, 1809-1882 [Author of introduction, etc.]; Meldola, Raphael, 1849-1915 [Translator]
PG47847	Philosophy	uploaded	Studies in the Theory of Descent, Volume I	Weismann, August, 1834-1914; Darwin, Charles, 1809-1882 [Author of introduction, etc.]; Meldola, Raphael, 1849-1915 [Translator]
PG47848	Philosophy	uploaded	Studies in the Theory of Descent, Volume II	Weismann, August, 1834-1914; Darwin, Charles, 1809-1882 [Author of introduction, etc.]; Meldola, Raphael, 1849-1915 [Translator]
PG40387	Religion	deferred_repair	Studies of Christianity; Or, Timely Thoughts for Religious Thinkers	Martineau, James, 1805-1900; Alger, William Rounseville, 1822-1905 [Editor]
PG53004	Poetry	deferred_repair	Studies on Homer and the Homeric Age, Vol. 3 of 3 I. Agorè: Polities of the Homeric Age. II. Ilios: Trojans and Greeks Compared. III. Thalassa: The Outer Geography. IV. Aoidos: Some Points of the Poetry of Homer.	Gladstone, W. E. (William Ewart), 1809-1898
PG49140	Religion	deferred_repair	Studies on Slavery, in Easy Lessons	Fletcher, John, 1791-1862
PG26097	Religion	uploaded	Submission to Divine Providence in the Death of Children Recommended and inforced, in a sermon preached at Northampton, on the death of a very amiable and hopeful child, about five years old	Doddridge, Philip, 1702-1751
PG63735	Religion	uploaded	Subscription the disgrace of the English Church [2nd edition]	Wodehouse, C. N. (Charles Nourse), 1790-1870
PG58766	Psychology	uploaded	Suicide: Its History, Literature, Jurisprudence, Causation, and Prevention	Westcott, W. Wynn (William Wynn), 1848-1925
PG17611	Religion	deferred_repair	Summa Theologica, Part I (Prima Pars) From the Complete American Edition	Thomas, Aquinas, Saint, 1225?-1274
PG17897	Religion	deferred_repair	Summa Theologica, Part I-II (Pars Prima Secundae) From the Complete American Edition	Thomas, Aquinas, Saint, 1225?-1274
PG18755	Religion	deferred_repair	Summa Theologica, Part II-II (Secunda Secundae) Translated by Fathers of the English Dominican Province	Thomas, Aquinas, Saint, 1225?-1274
PG19950	Religion	deferred_repair	Summa Theologica, Part III (Tertia Pars) From the Complete American Edition	Thomas, Aquinas, Saint, 1225?-1274
PG66706	Philosophy	split	Sun Tzŭ on the Art of War: The Oldest Military Treatise in the World	Sunzi, active 6th century B.C.; Giles, Lionel, 1875-1958 [Translator]
PG37972	Fiction	uploaded	Sunshine Jane	Warner, Anne, 1869-1913; Richards, Harriet Roosevelt, -1932 [Illustrator]
PG37231	Religion	uploaded	Supernatural Religion, Vol. 1 (of 3) An Inquiry into the Reality of Divine Revelation	Cassels, Walter Richard, 1826-1907
PG37233	Religion	uploaded	Supernatural Religion, Vol. 3 (of 3) An Inquiry into the Reality of Divine Revelation	Cassels, Walter Richard, 1826-1907
PG17607	Religion	pending	Superstition in all ages	Holbach, Paul Henri Thiry, baron d', 1723-1789; Voltaire, 1694-1778 [Commentator]; Knoop, Anna, -1889 [Translator]; Meslier, Jean, 1664-1729 [Unknown role]
PG44744	Religion	uploaded	Superstition in Medicine	Magnus, Hugo, 1842-1907; Salinger, Julius L. (Julius Lincoln) [Translator]
PG15696	Religion	uploaded	Superstition unveiled	Southwell, Charles, 1814-1860
PG28696	Philosophy	uploaded	Symbolic Logic	Carroll, Lewis, 1832-1898
PG1600	Philosophy	uploaded	Symposium	Plato, 428? BCE-348? BCE; Jowett, Benjamin, 1817-1893 [Translator]
PG444	Economics	split	System of Economical Contradictions; Or, The Philosophy of Misery	Proudhon, P.-J. (Pierre-Joseph), 1809-1865
PG44555	Religion	deferred_repair	Systematic Theology (Volume 2 of 3)	Strong, Augustus Hopkins, 1836-1921
PG36825	Philosophy	uploaded	Tablets	Alcott, Amos Bronson, 1799-1888
PG62420	Religion	uploaded	Talk about Socialism with an old shopmate	Anonymous
PG65159	Philosophy	uploaded	Talks with Tolstoi	Golʹdenveĭzer, Aleksandr Borisovich, 1875-1961; Koteliansky, S. S. (Samuel Solomonovitch), 1880-1955 [Translator]; Woolf, Virginia, 1882-1941 [Translator]
PG72381	Philosophy	uploaded	Tantalus	Schiller, F. C. S. (Ferdinand Canning Scott), 1864-1937
PG37203	Psychology	uploaded	Telepathy and the Subliminal Self	Mason, R. Osgood (Rufus Osgood), 1830-1903
PG6921	Fiction	split	Temporal Power: A Study in Supremacy	Corelli, Marie, 1855-1924
PG14674	Religion	split	Ten Great Religions: An Essay in Comparative Theology	Clarke, James Freeman, 1810-1888
PG926	Psychology	deferred_repair	Ten Thousand Dreams Interpreted; Or, What's in a Dream A Scientific and Practical Exposition	Miller, Gustavus Hindman, 1857-1929
PG61764	Poetry	uploaded	Tennyson	Chesterton, G. K. (Gilbert Keith), 1874-1936; Garnett, Richard, 1835-1906
PG76559	Philosophy	uploaded	Terpander; or, Music and the future	Dent, Edward J. (Edward Joseph), 1876-1957
PG10088	Fiction	split	Thaumaturgia; Or, Elucidations of the Marvellous	Oxonian
PG13104	Religion	uploaded	The Abominations of Modern Society	Talmage, T. De Witt (Thomas De Witt), 1832-1902
PG29247	Philosophy	deferred_repair	The Academic Questions, Treatise De Finibus, and Tusculan Disputations, of M.T. Cicero, With a Sketch of the Greek Philosophers Mentioned by Cicero	Cicero, Marcus Tullius, 107 BCE-44 BCE; Yonge, Charles Duke, 1812-1891 [Translator]
PG33741	Economics	uploaded	The Acquisitive Society	Tawney, R. H. (Richard Henry), 1880-1962
PG5500	Philosophy	uploaded	The Advancement of Learning	Bacon, Francis, 1561-1626; Morley, Henry, 1822-1894 [Editor]
PG16538	Psychology	uploaded	The Alleged Haunting of B—— House Including a Journal Kept During the Tenancy of Colonel Lemesurier Taylor	Goodrich-Freer, A. (Ada), 1865-1931 [Editor]; Bute, John Patrick Crichton-Stuart, Marquess of, 1847-1900 [Editor]
PG1341	Philosophy	uploaded	The Altruist in Politics	Cardozo, Benjamin N. (Benjamin Nathan), 1870-1938
PG2053	Philosophy	split	The American Republic: Its Constitution, Tendencies, and Destiny	Brownson, Orestes Augustus, 1803-1876
PG11192	Philosophy	uploaded	The Americanism of Washington	Van Dyke, Henry, 1852-1933
PG56376	Philosophy	deferred_repair	The Americans	Münsterberg, Hugo, 1863-1916; Holt, Edwin B. (Edwin Bissell), 1873-1946 [Translator]
PG3330	Religion	uploaded	The Analects of Confucius (from the Chinese Classics)	Confucius, 552 BCE-480 BCE; Legge, James, 1815-1897 [Translator]
PG53346	Religion	uploaded	The Analogy of Religion to the Constitution and Course of Nature To which are added two brief dissertations: I. On personal identity. II. On the nature of virtue.	Butler, Joseph, 1692-1752; Malcolm, Howard, 1799-1879 [Editor]
PG51459	Philosophy	uploaded	The Analysis of Beauty Written with a view of fixing the fluctuating ideas of taste	Hogarth, William, 1697-1764
PG77427	Philosophy	pending	The analysis of matter	Russell, Bertrand, 1872-1970
PG2529	Psychology	deferred_repair	The Analysis of Mind	Russell, Bertrand, 1872-1970
PG10800	Psychology	deferred_repair	The Anatomy of Melancholy	Burton, Robert, 1577-1640
PG50907	Psychology	uploaded	The Anatomy of Suicide	Winslow, Forbes, 1810-1874
PG40571	Fiction	uploaded	The Angel	Thorne, Guy, 1875-1923
PG11275	Religion	deferred_repair	The Anti-Slavery Examiner, Omnibus	American Anti-Slavery Society
PG11274	Philosophy	uploaded	The Anti-Slavery Examiner, Part 4 of 4	American Anti-Slavery Society
PG19322	Religion	uploaded	The Antichrist	Nietzsche, Friedrich Wilhelm, 1844-1900; Mencken, H. L. (Henry Louis), 1880-1956 [Translator]
PG26294	Philosophy	uploaded	The Apologia and Florida of Apuleius of Madaura	Apuleius; Butler, Harold Edgeworth, 1878-1951 [Translator]
PG1171	Philosophy	uploaded	The Apology	Xenophon, 432 BCE-351? BCE; Dakyns, Henry Graham, 1838-1911 [Translator]
PG6744	Religion	deferred_repair	The Apology of the Augsburg Confession	Melanchthon, Philipp, 1497-1560
PG11605	Philosophy	uploaded	The Appetite of Tyranny: Including Letters to an Old Garibaldian	Chesterton, G. K. (Gilbert Keith), 1874-1936
PG25110	Philosophy	uploaded	The Approach to Philosophy	Perry, Ralph Barton, 1876-1957
PG44073	Fiction	uploaded	The Aquarian Gospel of Jesus the Christ The Philosophic and Practical Basis of the Religion of the Aquarian Age of the World and of The Church Universal	Levi, 1844-1911
PG33646	Philosophy	uploaded	The Arena, Volume 18, No. 93, August, 1897	Various; Ridpath, John Clark, 1840-1900 [Editor]
PG19603	Poetry	uploaded	The Arena, Volume 4, No. 20, July, 1891	Various; Flower, B. O. (Benjamin Orange), 1858-1918 [Editor]
PG22419	Religion	uploaded	The Arena, Volume 4, No. 22, September, 1891	Various; Flower, B. O. (Benjamin Orange), 1858-1918 [Editor]
PG56869	Philosophy	uploaded	The Art of Being Happy In a Series of Letters from a Father to His Children: with Observations and Comments	Droz, Joseph, 1773-1850; Flint, Timothy, 1780-1840 [Translator]
PG47076	Philosophy	uploaded	The Art of Drinking: A Historical Sketch	Gervinus, Georg Gottfried, 1805-1871
PG41838	Philosophy	uploaded	The Art of Logical Thinking; Or, The Laws of Reasoning	Atkinson, William Walker, 1862-1932
PG70326	Poetry	uploaded	The art of preserving health: A poem	Armstrong, John, 1709-1779
PG57042	Philosophy	uploaded	The art of taking a wife	Mantegazza, Paolo, 1831-1910
PG16307	Religion	uploaded	The Ascent of the Soul	Bradford, Amory H. (Amory Howe), 1846-1911
PG66022	Religion	uploaded	The Astral World—Higher Occult Powers Clairvoyance, Spiritism, Mediumship, and Spirit-Healing Fully Explained	Tiffany, Joel, 1811-1893
PG19995	Philosophy	uploaded	The Atlantic Monthly, Volume 05, No. 28, February, 1860 A Magazine of Literature, Art, and Politics	Various
PG9472	Psychology	split	The Atlantic Monthly, Volume 05, No. 31, May, 1860 A Magazine of Literature, Art, and Politics	Various
PG12097	Philosophy	split	The Atlantic Monthly, Volume 09, No. 54, April, 1862 A Magazine of Literature, Art, and Politics	Various
PG12107	Philosophy	uploaded	The Atlantic Monthly, Volume 09, No. 55, May, 1862 A Magazine of Literature, Art, and Politics	Various
PG21273	Philosophy	uploaded	The Atlantic Monthly, Volume 2, No. 14, December 1858 A Magazine of Literature, Art, and Politics	Various
PG24757	Religion	uploaded	The Atonement and the Modern Mind	Denney, James, 1856-1917
PG275	Religion	uploaded	The Augsburg Confession The confession of faith, which was submitted to His Imperial Majesty Charles V at the diet of Augsburg in the year 1530	Melanchthon, Philipp, 1497-1560
PG34572	Fiction	uploaded	The Awakening of the Soul	Ibn Tufayl, Muhammad ibn 'Abd al-Malik, 1105?-1185; Brönnle, Paul, 1867- [Translator]
PG59399	Religion	uploaded	The Ayenbite of Inwyt (Remorse of Conscience) A Translation of Parts into Modern English	Michel, Dan, active 14th century; Laurent, d'Orléans, active 1279; Wyatt, A. J. (Alfred John), 1858-1935 [Translator]
PG5265	Fiction	uploaded	The Ball and the Cross	Chesterton, G. K. (Gilbert Keith), 1874-1936
PG12867	Philosophy	split	The Banquet (Il Convito)	Dante Alighieri, 1265-1321; Morley, Henry, 1822-1894 [Author of introduction, etc.]; Sayer, Elizabeth Price [Translator]
PG57083	Philosophy	uploaded	The Barbarity of Circumcision as a Remedy for Congenital Abnormality	Snow, Herbert, 1847-1930
PG24328	Religion	uploaded	The Basis of Early Christian Theism	Cole, Lawrence Thomas, 1869-1955
PG15545	Philosophy	needs_review	The Basis of Morality	Besant, Annie, 1847-1933
PG44929	Philosophy	uploaded	The Basis of Morality	Schopenhauer, Arthur, 1788-1860; Bullock, Arthur Brodrick, 1860- [Translator]
PG28274	Philosophy	uploaded	The Beauties of Nature, and the Wonders of the World We Live In	Lubbock, John, Sir, 1834-1913
PG12648	Philosophy	uploaded	The Beautiful Necessity Seven Essays on Theosophy and Architecture	Bragdon, Claude Fayette, 1866-1946
PG26942	Psychology	uploaded	The Beautiful: An Introduction to Psychological Aesthetics	Lee, Vernon, 1856-1935
PG51140	Religion	uploaded	The Bible and Polygamy: Does the Bible Sanction Polygamy?	Pratt, Orson, 1811-1881; Cannon, George Q. (George Quayle), 1827-1901; Newman, John Philip, 1826-1899; Smith, George Albert, 1817-1875
PG43550	Religion	uploaded	The Bible of Bibles; Or, Twenty-Seven "Divine" Revelations	Graves, Kersey, 1813-1883; Graves, Lydia M.
PG72134	Religion	uploaded	The Bible of nature	Oswald, Felix L. (Felix Leopold), 1845-1906
PG45475	Religion	uploaded	The Bible Unveiled	Mangasarian, M. M. (Mangasar Mugurditch), 1859-1943
PG8322	Religion	uploaded	The Bible, Douay-Rheims, Book 22: Proverbs The Challoner Revision	
PG8323	Religion	uploaded	The Bible, Douay-Rheims, Book 23: Ecclesiastes The Challoner Revision	
PG8325	Poetry	uploaded	The Bible, Douay-Rheims, Book 25: Wisdom The Challoner Revision	
PG8326	Religion	uploaded	The Bible, Douay-Rheims, Book 26: Ecclesiasticus The Challoner Revision	
PG8020	Religion	uploaded	The Bible, King James version, Book 20: Proverbs	Anonymous
PG8021	Religion	uploaded	The Bible, King James version, Book 21: Ecclesiastes	Anonymous
PG46737	Religion	uploaded	The Bible: I. Authenticity II. Credibility III. Morality	Remsburg, John E. (John Eleazer), 1848-1919
PG36266	Religion	uploaded	The Bible: What It Is!	Bradlaugh, Charles, 1833-1891
PG51549	Fiction	uploaded	The Big Engine	Leiber, Fritz, 1910-1992
PG51356	Drama	uploaded	The Birth of Tragedy; or, Hellenism and Pessimism	Nietzsche, Friedrich Wilhelm, 1844-1900; Levy, Oscar, 1867-1946 [Editor]; Haussmann, William A. [Translator]
PG49263	Philosophy	uploaded	The Blight of Respectability An Anatomy of the Disease and a Theory of Curative Treatment	Mortimer, Geoffrey, 1861-1946
PG65739	Religion	deferred_repair	The Bloudy Tenent of Persecution for Cause of Conscience Discussed and Mr. Cotton's Letter Examined and Answered	Williams, Roger, 1604?-1683; Underhill, Edward Bean, 1813-1901 [Editor]
PG32438	Philosophy	uploaded	The Book of Courage	Faris, John T. (John Thomson), 1871-1949
PG75878	Fiction	uploaded	The book of filial duty	Confucius, 552 BCE-480 BCE; Zengzi, 506 BCE-437? BCE; Cranmer-Byng, L. (Launcelot), 1872-1945 [Editor]; Kapadia, S. A. (Shaporji Aspaniarji), 1857-1941 [Editor]; Chên, Ivan [Translator]
PG38092	Religion	uploaded	The Book of God : In the Light of the Higher Criticism With Special Reference to Dean Farrar's New Apology	Foote, G. W. (George William), 1850-1915
PG33501	Fiction	uploaded	The Book of Gud	Hastings, Milo, 1884-1957; Hersey, Harold, 1893-1956
PG75778	Poetry	uploaded	The Book of Job	Anonymous; Chesterton, G. K. (Gilbert Keith), 1874-1936 [Author of introduction, etc.]; Tongue, C. Mary [Illustrator]
PG29257	Fiction	uploaded	The Book of Khalid	Rihani, Ameen Fares, 1876-1940
PG38117	Philosophy	uploaded	The Book of Life	Sinclair, Upton, 1878-1968
PG769	Religion	uploaded	The Book of Tea	Okakura, Kakuzo, 1862-1913
PG22472	Philosophy	deferred_repair	The Book of the Damned	Fort, Charles, 1874-1932
PG60704	Poetry	uploaded	The Book of the Lover and the Beloved Translated from the Catalan of Ramón Lull with an Introductory Essay by E. Allison Peers	Llull, Ramon, 1232?-1316; Peers, E. Allison (Edgar Allison), 1891-1952 [Translator]
PG44024	Philosophy	uploaded	The Book of War: The Military Classic of the Far East The Articles of Suntzu; The Sayings of Wutzu	Sunzi, active 6th century B.C.; Wu, Qi, 441 BCE-382 BCE; Calthrop, Everard Ferguson, 1876-1915 [Translator]
PG14586	Psychology	uploaded	The Brain, A Decoded Enigma	Moisa, Dorin Teodor
PG18335	Philosophy	uploaded	The Breath of Life	Burroughs, John, 1837-1921
PG35185	Religion	uploaded	The Buddha's Path of Virtue: A Translation of the Dhammapada	Woodward, F. L. (Frank Lee), 1871?-1952 [Translator]
PG30216	Religion	uploaded	The Buddhist Catechism	Olcott, Henry Steel, 1832-1907
PG43365	Philosophy	uploaded	The Buke of the Order of Knyghthood Translated from the French by Sir Gilbert Hay, Knight	Llull, Ramon, 1232?-1316; Botfield, Beriah, 1807-1863 [Editor]; Hay, Gilbert,‏ ‎Sir,‏ active 1456 [Translator]
PG19711	Philosophy	uploaded	The Buried Temple	Maeterlinck, Maurice, 1862-1949; Sutro, Alfred, 1863-1933 [Translator]
PG29641	Philosophy	uploaded	The business career in its public relations	Shaw, Albert, 1857-1947
PG60471	Poetry	uploaded	The Bustan of Sadi Translated from the Persian with an introduction	Sadi; Edwards, A. Hart [Translator]
PG9469	Philosophy	uploaded	The Call of the Twentieth Century, an Address to Young Men	Jordan, David Starr, 1851-1931
PG60379	Philosophy	uploaded	The Camel and the Needle's Eye	Ponsonby, Arthur Ponsonby, Baron, 1871-1946
PG35948	Fiction	deferred_repair	The Campaner Thal, and Other Writings	Jean Paul, 1763-1825; Bauer, Juliette [Translator]; Carlyle, Thomas, 1795-1881 [Translator]; De Quincey, Thomas, 1785-1859 [Translator]
PG68574	Philosophy	deferred_repair	The case against evolution	O'Toole, George Barry, 1886-1944
PG52166	Philosophy	uploaded	The Case of Wagner Complete Works, Volume 8	Nietzsche, Friedrich Wilhelm, 1844-1900; Levy, Oscar, 1867-1946 [Editor]; Kennedy, J. M. (John McFarland) [Translator]; Ludovici, Anthony M. (Anthony Mario), 1882-1971 [Translator]
PG25012	Philosophy	uploaded	The Case of Wagner, Nietzsche Contra Wagner, and Selected Aphorisms.	Nietzsche, Friedrich Wilhelm, 1844-1900
PG2412	Philosophy	uploaded	The Categories	Aristotle, 385 BCE-323 BCE; Edghill, E. M. [Translator]
PG65136	Poetry	uploaded	The Cathedral	Lowell, James Russell, 1819-1891
PG43032	Religion	deferred_repair	The Catholic World, Vol. 04, October, 1866 to March, 1867	Various
PG53935	Religion	deferred_repair	The Catholic World, Vol. 05, April 1867 to September 1867	Various
PG43524	Religion	deferred_repair	The Catholic World, Vol. 10, October, 1869 to March, 1870	Various
PG48790	Religion	uploaded	The Catholic World, Vol. 15, Nos. 85-90, April 1872-September 1872 A Monthly Magazine	Various
PG53571	Poetry	deferred_repair	The Catholic World, Vol. 19, April 1874‐September 1874	Various
PG56022	Poetry	deferred_repair	The Catholic World, Vol. 20, October 1874‐March 1875	Various
PG59364	Religion	deferred_repair	The Catholic World, Vol. 26, October, 1877, to March, 1878	Various
PG4544	Religion	uploaded	The Cell of Self-Knowledge : seven early English mystical treatises printed by Henry Pepwell in 1521	Pepwell, Henry, -1540? [Compiler]; Gardner, Edmund G., 1869-1935 [Editor]
PG3540	Philosophy	uploaded	The Census in Moscow	Tolstoy, Leo, graf, 1828-1910; Hapgood, Isabel Florence, 1850-1928 [Translator]
PG57283	Philosophy	uploaded	The Century of the Child	Key, Ellen, 1849-1926; Maro, Francis, 1870-1941 [Translator]
PG57667	Religion	uploaded	The changing world, and lectures to theosophical students. Fifteen lectures delivered in London during May, June, and July, 1909	Besant, Annie, 1847-1933
PG38377	Religion	uploaded	The Character of a Priest	Carlile, Richard, 1790-1843
PG38372	Religion	uploaded	The Character of the Jew Books Being, a Defence of the Natural Innocence of Man, Against Kings and Priests or Tyrants and Impostors	Carlile, Richard, 1790-1843
PG51196	Philosophy	deferred_repair	The Chautauquan, Vol. 04, October 1883	Chautauqua Literary and Scientific Circle; Chautauqua Institution; Flood, Theodore L., 1842- [Editor]
PG55061	Philosophy	uploaded	The Chautauquan, Vol. 05, April 1885	Chautauqua Literary and Scientific Circle; Chautauqua Institution; Flood, Theodore L., 1842- [Editor]
PG55053	Philosophy	uploaded	The Chautauquan, Vol. 05, February 1885	Chautauqua Literary and Scientific Circle; Chautauqua Institution; Flood, Theodore L., 1842- [Editor]
PG55394	Philosophy	uploaded	The Chautauquan, Vol. 05, June 1885, No. 9	Chautauqua Literary and Scientific Circle; Chautauqua Institution; Flood, Theodore L., 1842- [Editor]
PG22371	Religion	uploaded	The Chief End of Man	Merriam, George Spring, 1843-1914
PG29259	Philosophy	uploaded	The Child and the Curriculum	Dewey, John, 1859-1952
PG15964	Fiction	uploaded	The Child of the Dawn	Benson, Arthur Christopher, 1862-1925
PG2941	Religion	split	The Chinese Classics — Prolegomena	Legge, James, 1815-1897 [Translator]
PG45540	Religion	uploaded	The Christ Myth	Drews, Arthur, 1865-1935; Burns, C. Delisle, 1879-1942 [Translator]
PG46986	Religion	uploaded	The Christ: A Critical Review and Analysis of the Evidences of His Existence	Remsburg, John E. (John Eleazer), 1848-1919
PG39118	Religion	uploaded	The Christian Creed; or, What it is Blasphemy to Deny	Besant, Annie, 1847-1933
PG40207	Psychology	uploaded	The Christian Doctrine of Hell	Wheeler, J. M. (Joseph Mazzini), 1850-1898
PG40060	Religion	uploaded	The Christian Faith Under Modern Searchlights	Johnson, William Hallock, 1865-1963; Patton, Francis L. (Francis Landey), 1843-1932 [Author of introduction, etc.]
PG28126	Religion	uploaded	The Christian Foundation, Or, Scientific and Religious Journal, April, 1880	Various; Walker, Aaron, 1826- [Editor]
PG28066	Religion	uploaded	The Christian Foundation, Or, Scientific and Religious Journal, February, 1880	Various; Walker, Aaron, 1826- [Editor]
PG28075	Religion	uploaded	The Christian Foundation, Or, Scientific and Religious Journal, March, 1880	Various; Walker, Aaron, 1826- [Editor]
PG28297	Religion	uploaded	The Christian Foundation, Or, Scientific and Religious Journal, May, 1880	Various; Walker, Aaron, 1826- [Editor]
PG28710	Religion	uploaded	The Christian Foundation, Or, Scientific and Religious Journal, Volume 1, Index, 1880	Various; Walker, Aaron, 1826- [Editor]
PG26278	Religion	uploaded	The Christian Foundation, Or, Scientific and Religious Journal, Volume 1, January, 1880	Various; Walker, Aaron, 1826- [Editor]
PG28668	Religion	uploaded	The Christian Foundation, Or, Scientific and Religious Journal, Volume I, No. 7, July, 1880	Various; Walker, Aaron, 1826- [Editor]
PG28672	Religion	uploaded	The Christian Foundation, Or, Scientific and Religious Journal, Volume I, No. 9. September, 1880	Various; Walker, Aaron, 1826- [Editor]
PG38093	Religion	uploaded	The Christian Religion: An Enquiry	Ingersoll, Robert Green, 1833-1899
PG62004	Religion	uploaded	The Church Rate: A Dialogue Between a Churchman and a Dissenter	Richings, B. (Benjamin), 1788?-1872
PG30126	Religion	uploaded	The Church, the Schools and Evolution	Conant, J. E. (Judson Eber), 1867-1955
PG45053	Religion	uploaded	The Churches and Modern Thought An inquiry into the grounds of unbelief and an appeal for candour	Phelips, Vivian, 1860-
PG45304	Religion	deferred_repair	The City of God, Volume I	Augustine, of Hippo, Saint, 354-430; Dods, Marcus, 1834-1909 [Editor]
PG45305	Religion	deferred_repair	The City of God, Volume II	Augustine, of Hippo, Saint, 354-430; Dods, Marcus, 1834-1909 [Editor]
PG2816	Philosophy	uploaded	The City of the Sun	Campanella, Tommaso, 1568-1639
PG30238	Philosophy	uploaded	The Claims of Labour: An essay on the duties of the employers to the employed	Helps, Arthur, Sir, 1813-1875
PG6085	Philosophy	split	The Code of Honor Or, Rules for the Government of Principals and Seconds in Duelling	Wilson, John Lyde, 1784-1849
PG61763	Economics	deferred_repair	The collected works of William Hazlitt, Vol. 04 (of 12)	Hazlitt, William, 1778-1830; Glover, Arnold, 1865-1905 [Editor]; Waller, A. R. (Alfred Rayney), 1867-1922 [Editor]
PG72168	Philosophy	deferred_repair	The collected works of William Hazlitt, Vol. 11 (of 12)	Hazlitt, William, 1778-1830; Glover, Arnold, 1865-1905 [Editor]; Waller, A. R. (Alfred Rayney), 1867-1922 [Editor]
PG2801	Philosophy	uploaded	The Commonwealth of Oceana	Harrington, James, 1611-1677
PG61	Economics	needs_review	The Communist Manifesto	Marx, Karl, 1818-1883; Engels, Friedrich, 1820-1895
PG683	Philosophy	split	The Compleat Angler	Walton, Izaak, 1593-1683
PG48136	Philosophy	deferred_repair	The Complete Works in Philosophy, Politics and Morals of the late Dr. Benjamin Franklin, Vol. 1 [of 3]	Franklin, Benjamin, 1706-1790
PG48137	Philosophy	deferred_repair	The Complete Works in Philosophy, Politics and Morals of the late Dr. Benjamin Franklin, Vol. 2 [of 3]	Franklin, Benjamin, 1706-1790
PG48138	Philosophy	deferred_repair	The Complete Works in Philosophy, Politics and Morals of the late Dr. Benjamin Franklin, Vol. 3 [of 3]	Franklin, Benjamin, 1706-1790
PG21668	Philosophy	uploaded	The Complex Vision	Powys, John Cowper, 1872-1963
PG18835	Philosophy	uploaded	The Concept of Nature The Tarner Lectures Delivered in Trinity College, November 1919	Whitehead, Alfred North, 1861-1947
PG39827	Philosophy	uploaded	The Conduct of Life	Emerson, Ralph Waldo, 1803-1882
PG58977	Religion	uploaded	The Confessions of Al Ghazzali	Ghazzali, 1058-1111; Cranmer-Byng, L. (Launcelot), 1872-1945 [Editor]; Kapadia, S. A. (Shaporji Aspaniarji), 1857-1941 [Editor]; Field, Claud, 1863-1941 [Translator]
PG3913	Philosophy	split	The Confessions of Jean Jacques Rousseau — Complete	Rousseau, Jean-Jacques, 1712-1778
PG3901	Philosophy	split	The Confessions of Jean Jacques Rousseau — Volume 01	Rousseau, Jean-Jacques, 1712-1778
PG3902	Philosophy	uploaded	The Confessions of Jean Jacques Rousseau — Volume 02	Rousseau, Jean-Jacques, 1712-1778
PG3903	Philosophy	split	The Confessions of Jean Jacques Rousseau — Volume 03	Rousseau, Jean-Jacques, 1712-1778
PG3905	Philosophy	uploaded	The Confessions of Jean Jacques Rousseau — Volume 05	Rousseau, Jean-Jacques, 1712-1778
PG3906	Philosophy	uploaded	The Confessions of Jean Jacques Rousseau — Volume 06	Rousseau, Jean-Jacques, 1712-1778
PG3907	Philosophy	uploaded	The Confessions of Jean Jacques Rousseau — Volume 07	Rousseau, Jean-Jacques, 1712-1778
PG3909	Philosophy	uploaded	The Confessions of Jean Jacques Rousseau — Volume 09	Rousseau, Jean-Jacques, 1712-1778
PG3296	Religion	split	The Confessions of St. Augustine	Augustine, of Hippo, Saint, 354-430; Pusey, E. B. (Edward Bouverie), 1800-1882 [Translator]
PG9595	Philosophy	uploaded	The Conflict with Slavery Part 1 from The Works of John Greenleaf Whittier, Volume VII	Whittier, John Greenleaf, 1807-1892
PG40845	Religion	uploaded	The Connexion Between Taste and Morals: Two lectures	Hopkins, Mark, 1802-1887
PG23428	Philosophy	uploaded	The Conquest of Bread	Kropotkin, Petr Alekseevich, kniaz, 1842-1921
PG9944	Psychology	split	The Conquest of Fear	King, Basil, 1859-1928; Link, Henry C. (Henry Charles), 1889-1952 [Author of introduction, etc.]
PG74319	Philosophy	uploaded	The conscience of a Conservative	Goldwater, Barry M. (Barry Morris), 1909-1998
PG31254	Philosophy	uploaded	The Conservation of Races The American Negro Academy. Occasional Papers No. 2	Du Bois, W. E. B. (William Edward Burghardt), 1868-1963
PG14328	Religion	split	The Consolation of Philosophy	Boethius, 480-525?; James, H. R. (Henry Rosher), 1862-1931 [Translator]
PG39517	Philosophy	deferred_repair	The Contemporary Review, Volume 36, November 1879	Various
PG5123	Philosophy	uploaded	The Contest in America	Mill, John Stuart, 1806-1873
PG18820	Religion	uploaded	The Continental Monthly, Vol. 5, No. 4, April, 1864	Various
PG59651	Religion	uploaded	The Creation of God	Hartmann, Jacob
PG10361	Religion	split	The Creative Process in the Individual	Troward, T. (Thomas), 1847-1916
PG70115	Religion	uploaded	The Creator, and what we may know of the method of creation	Dallinger, W. H. (William Henry), 1842-1909
PG14587	Philosophy	deferred_repair	The Crest-Wave of Evolution A Course of Lectures in History, Given to the Graduates' Class in the Raja-Yoga College, Point Loma, in the College-Year 1918-19	Morris, Kenneth, 1879-1937
PG60553	Religion	uploaded	The Criticism of the Fourth Gospel Eight Lectures on the Morse Foundation, Delivered in the Union Seminary, New York in October and November 1904	Sanday, W. (William), 1843-1920
PG5683	Philosophy	split	The Critique of Practical Reason	Kant, Immanuel, 1724-1804; Abbott, Thomas Kingsmill, 1829-1913 [Translator]
PG4280	Philosophy	split	The Critique of Pure Reason	Kant, Immanuel, 1724-1804; Meiklejohn, J. M. D. (John Miller Dow), 1830-1902 [Translator]
PG42656	Poetry	uploaded	The Cross and Crown	Curtis, T. D. (Thomas Day)
PG26716	Economics	uploaded	The Crown of Wild Olive also Munera Pulveris; Pre-Raphaelitism; Aratra Pentelici; The Ethics of the Dust; Fiction, Fair and Foul; The Elements of Drawing	Ruskin, John, 1819-1900
PG27368	Philosophy	uploaded	The cult of incompetence	Faguet, Émile, 1847-1916; Barstow, Beatrice [Translator]
PG33737	Religion	uploaded	The Curtezan unmasked; or, The Whoredomes of Jezebel Painted to the Life With Antidotes against them, or Heavenly Julips to cool Men in the Fever of Lust.	Anonymous
PG63275	Religion	deferred_repair	The Dabistán, or School of manners, Volume 1 (of 3) translated from the original Persian, with notes and illustrations	Fani, Muhsin, -1672? [Dubious author]; Shea, David, 1777-1836 [Translator]; Troyer, Anthony, -1865 [Translator]
PG63276	Religion	uploaded	The Dabistán, or School of manners, Volume 2 (of 3) translated from the original Persian, with notes and illustrations	Fani, Muhsin, -1672? [Dubious author]; Shea, David, 1777-1836 [Translator]; Troyer, Anthony, -1865 [Translator]
PG20718	Fiction	uploaded	The Damsel and the Sage: A Woman's Whimsies	Glyn, Elinor, 1864-1943
PG65714	Religion	deferred_repair	The Dance of Life	Ellis, Havelock, 1859-1939
PG58808	Philosophy	uploaded	The Dances of Death Through the Various Stages of Human Life: Wherein the Capriciousness of that Tyrant is Exhibited	Holbein, Hans, 1497-1543 [Illustrator]; Deuchar, David, 1743-1808 [Engraver]
PG2927	Philosophy	uploaded	The Darwinian Hypothesis	Huxley, Thomas Henry, 1825-1895
PG46129	Philosophy	uploaded	The Data of Ethics	Spencer, Herbert, 1820-1903
PG39955	Philosophy	uploaded	The Dawn of Day	Nietzsche, Friedrich Wilhelm, 1844-1900; Kennedy, J. M. (John McFarland) [Translator]
PG55230	Religion	uploaded	The Day After Death; Or, Our Future Life According to Science (New Edition)	Figuier, Louis, 1819-1894
PG41490	Fiction	uploaded	The Decadent: Being the Gospel of Inaction Wherein Are Set Forth in Romance Form Certain Reflections Touching the Curious Characteristics of These Ultimate Years, and the Divers Causes Thereof	Cram, Ralph Adams, 1863-1942
PG75958	Philosophy	uploaded	The decay and the restoration of civilization	Schweitzer, Albert, 1875-1965; Campion, C. T. (Charles Thomas), 1861-1938 [Translator]
PG1	Philosophy	needs_review	The Declaration of Independence of the United States of America	Jefferson, Thomas, 1743-1826
PG72344	Philosophy	deferred_repair	The decline of the West	Spengler, Oswald, 1880-1936; Atkinson, Charles Francis, 1880-1960 [Translator]
PG65023	Philosophy	uploaded	The Deipnosophists; or, Banquet of the Learned of Athenæus, Vol. 2 (of 3)	Athenaeus, of Naucratis; Yonge, Charles Duke, 1812-1891 [Translator]
PG66508	Philosophy	uploaded	The Deipnosophists; or, Banquet of the Learned of Athenæus, Vol. 3 (of 3)	Athenaeus, of Naucratis; Yonge, Charles Duke, 1812-1891 [Translator]
PG11248	Religion	deferred_repair	The Delights of Wisdom Pertaining to Conjugial Love To Which is Added The Pleasures of Insanity Pertaining To Scortatory Love	Swedenborg, Emanuel, 1688-1772
PG58222	Religion	uploaded	The Destinies of the Stars	Arrhenius, Svante, 1859-1927; Fries, Joens Elias, 1876-1932 [Translator]
PG17239	Religion	pending	The Destiny of Man, Viewed in the Light of His Origin	Fiske, John, 1842-1901
PG19082	Religion	uploaded	The Destiny of the Soul: A Critical History of the Doctrine of a Future Life	Alger, William Rounseville, 1822-1905
PG41707	Philosophy	uploaded	The Development of Metaphysics in Persia A Contribution to the History of Muslim Philosophy	Iqbal, Muhammad, Sir, 1877-1938
PG76464	Philosophy	deferred_repair	The dialogues of Plato in five volumes, Vol. 2 (of 5)	Plato, 428? BCE-348? BCE; Jowett, Benjamin, 1817-1893 [Translator]
PG64623	Religion	uploaded	The Diamond Sutra (Chin-Kang-Ching) or Prajna-Paramita	Unknown; Gemmell, William [Translator]; Kumarajiva, -412? [Translator]
PG73638	Fiction	uploaded	The disciple	Bourget, Paul, 1852-1935
PG16979	Religion	uploaded	The Discipline of War Nine Addresses on the Lessons of the War in Connection with Lent	Potter, John Hasloch, 1847-1935
PG60766	Religion	deferred_repair	The Discoverie of Witchcraft	Scot, Reginald, 1538?-1599; Nicholson, Brinsley, 1824-1892 [Editor]
PG19103	Fiction	uploaded	The discovery of a world in the moone	Wilkins, John, 1614-1672
PG44867	Philosophy	uploaded	The Discovery of the Future	Wells, H. G. (Herbert George), 1866-1946
PG72654	Religion	deferred_repair	The displaying of supposed witchcraft	Webster, John, 1611-1682
PG62203	Religion	uploaded	The Divided Sabbath remarks concerning the Crystal Palace now erecting at Sydenham	Jowett, William, 1787-1855
PG13086	Poetry	uploaded	The Diwan of Abu'l-Ala	Abu al-Ala al-Maarri, 973-1057; Baerlein, Henry, 1875-1960 [Editor]
PG5069	Philosophy	uploaded	The Doctor's Dilemma: Preface on Doctors	Shaw, Bernard, 1856-1950
PG72540	Philosophy	uploaded	The doctor, &c., vol. 6 (of 7)	Southey, Robert, 1774-1843; Warter, John Wood, 1806-1878 [Editor]
PG73470	Religion	uploaded	The doctor, &c., vol. 7 (of 7)	Southey, Robert, 1774-1843; Warter, John Wood, 1806-1878 [Editor]
PG13300	Religion	uploaded	The Doctrine and Practice of Yoga Including the Practices and Exercises of Concentration, both Objective and Subjective, and Active and Passive Mentation, an Elucidation of Maya, Guru Worship, and the Worship of the Terrible, also the Mystery of Will-Force	Mukerji, A. P., swámi
PG1398	Religion	uploaded	The Doré Lectures Being Sunday addresses at the Doré Gallery, London, given in connection with the Higher Thought Centre	Troward, T. (Thomas), 1847-1916
PG61771	Religion	uploaded	The Double Search: Studies in Atonement and Prayer	Jones, Rufus M. (Rufus Matthew), 1863-1948
PG40981	Religion	uploaded	The Doubts of Infidels Or, Queries Relative to Scriptural Inconsistencies & Contradictions	Nicholson, William, 1753-1815
PG44883	Philosophy	uploaded	The Drama of Love and Death: A Study of Human Evolution and Transfiguration	Carpenter, Edward, 1844-1929
PG66009	Fiction	uploaded	The Dream-God, or, A Singular Evolvement of Thought in Sleep	Cuningham, John
PG42917	Philosophy	uploaded	The Eagle's Nest Ten Lectures on the Relation of Natural Science to Art, Given Before the University of Oxford, in Lent Term, 1872	Ruskin, John, 1819-1900
PG16866	Religion	deferred_repair	The Eclipse of Faith; Or, A Visit to a Religious Sceptic	Rogers, Henry, 1806-1877
PG31768	Psychology	uploaded	The Economic Functions of Vice	McElroy, John, 1846-1929
PG1173	Philosophy	uploaded	The Economist	Xenophon, 432 BCE-351? BCE; Dakyns, Henry Graham, 1838-1911 [Translator]
PG10390	Psychology	uploaded	The Edinburgh Lectures on Mental Science	Troward, T. (Thomas), 1847-1916
PG28338	Philosophy	uploaded	The Education of Children	Erasmus, Desiderius, 1469-1536; Sherry, Richard, 1506?-1555? [Translator]
PG55586	Religion	uploaded	The Education of Children from the Standpoint of Theosophy	Steiner, Rudolf, 1861-1925; Gysi, Max, 1874-1946 [Editor]
PG988	Psychology	uploaded	The Education of the Child	Key, Ellen, 1849-1926
PG34580	Philosophy	uploaded	The Ego and His Own	Stirner, Max, 1806-1856; Byington, Steven T. (Steven Tracy), 1868-1957 [Translator]
PG41360	Religion	uploaded	The Elementary Forms of the Religious Life	Durkheim, Émile, 1858-1917; Swain, Joseph Ward, 1891- [Translator]
PG8450	Philosophy	uploaded	The elements of character	Ware, Mary G. (Mary Greene), 1818-1907
PG39268	Religion	uploaded	The Eliminator; or, Skeleton Keys to Sacerdotal Secrets	Westbrook, Richard B. (Richard Brodhead)
PG1215	Fiction	uploaded	The Elixir of Life	Balzac, Honoré de, 1799-1850; Bell, Clara, 1834-1927 [Translator]; Waring, James [Translator]
PG19134	Religion	uploaded	The Empire of Love	Dawson, W. J. (William James), 1854-1928
PG45109	Philosophy	uploaded	The Enchiridion	Epictetus, 55-135; Higginson, Thomas Wentworth, 1823-1911 [Translator]
PG27597	Philosophy	uploaded	The English Utilitarians, Volume 1 (of 3)	Stephen, Leslie, 1832-1904
PG25788	Philosophy	uploaded	The English Utilitarians, Volume 2 (of 3) James Mill	Stephen, Leslie, 1832-1904
PG73877	Philosophy	deferred_repair	The English works of Thomas Hobbes of Malmesbury, Volume 01 (of 11)	Hobbes, Thomas, 1588-1679; Molesworth, William, Sir, 1810-1855 [Editor]
PG73906	Philosophy	deferred_repair	The English works of Thomas Hobbes of Malmesbury, Volume 02 (of 11)	Hobbes, Thomas, 1588-1679; Molesworth, William, Sir, 1810-1855 [Editor]
PG73957	Philosophy	deferred_repair	The English works of Thomas Hobbes of Malmesbury, Volume 03 (of 11)	Hobbes, Thomas, 1588-1679; Molesworth, William, Sir, 1810-1855 [Editor]
PG74236	Philosophy	deferred_repair	The English works of Thomas Hobbes of Malmesbury, Volume 04 (of 11)	Hobbes, Thomas, 1588-1679; Molesworth, William, Sir, 1810-1855 [Editor]
PG76650	Religion	deferred_repair	The English works of Thomas Hobbes of Malmesbury, Volume 05 (of 11)	Hobbes, Thomas, 1588-1679; Molesworth, William, Sir, 1810-1855 [Editor]
PG77338	Philosophy	deferred_repair	The English works of Thomas Hobbes of Malmesbury, Volume 06 (of 11)	Hobbes, Thomas, 1588-1679; Molesworth, William, Sir, 1810-1855 [Editor]
PG27194	Philosophy	uploaded	The Enjoyment of Art	Noyes, Carleton Eldredge, 1872-1950
PG49332	Fiction	uploaded	The Epicurean: A Tale	Moore, Thomas, 1779-1852
PG60567	Fiction	uploaded	The epistle of Othea to Hector; or, The boke of knyghthode	Christine, de Pisan, 1364?-1431?; Warner, George F. (George Frederic), Sir, 1845-1936 [Editor]; Scrope, Stephen, -1472 [Translator]
PG58559	Philosophy	deferred_repair	The Essays of Adam Smith	Smith, Adam, 1723-1790; Black, Joseph, 1728-1799 [Editor]; Hutton, James, 1726-1797 [Editor]
PG10741	Philosophy	split	The Essays of Arthur Schopenhauer: the Wisdom of Life	Schopenhauer, Arthur, 1788-1860; Saunders, T. Bailey (Thomas Bailey), 1860-1928 [Translator]
PG10715	Philosophy	split	The Essays of Arthur Schopenhauer; Counsels and Maxims	Schopenhauer, Arthur, 1788-1860; Saunders, T. Bailey (Thomas Bailey), 1860-1928 [Translator]
PG10739	Philosophy	uploaded	The Essays of Arthur Schopenhauer; On Human Nature	Schopenhauer, Arthur, 1788-1860; Saunders, T. Bailey (Thomas Bailey), 1860-1928 [Translator]
PG10833	Religion	uploaded	The Essays of Arthur Schopenhauer; Religion, a Dialogue, Etc.	Schopenhauer, Arthur, 1788-1860; Saunders, T. Bailey (Thomas Bailey), 1860-1928 [Translator]
PG10732	Philosophy	uploaded	The Essays of Arthur Schopenhauer; Studies in Pessimism	Schopenhauer, Arthur, 1788-1860; Saunders, T. Bailey (Thomas Bailey), 1860-1928 [Translator]
PG10731	Philosophy	uploaded	The Essays of Arthur Schopenhauer; the Art of Controversy	Schopenhauer, Arthur, 1788-1860; Saunders, T. Bailey (Thomas Bailey), 1860-1928 [Translator]
PG10714	Philosophy	uploaded	The Essays of Arthur Schopenhauer; The Art of Literature	Schopenhauer, Arthur, 1788-1860; Saunders, T. Bailey (Thomas Bailey), 1860-1928 [Translator]
PG575	Philosophy	uploaded	The Essays or Counsels, Civil and Moral	Bacon, Francis, 1561-1626
PG18223	Religion	uploaded	The Essence of Buddhism	Bowden, Ernest M., 1859-1904 [Compiler]; Arnold, Edwin, Sir, 1832-1904 [Author of introduction, etc.]; Haldeman-Julius, E. (Emanuel), 1888-1951 [Editor]
PG47025	Religion	uploaded	The Essence of Christianity Translated from the second German edition	Feuerbach, Ludwig, 1804-1872; Eliot, George, 1819-1880 [Translator]
PG63598	Philosophy	uploaded	The Essentials of Logic, Being Ten Lectures on Judgment and Inference	Bosanquet, Bernard, 1848-1923
PG21981	Religion	uploaded	The Essentials of Spirituality	Adler, Felix, 1851-1933
PG31962	Fiction	uploaded	The Ethical Way	Farrell, Joseph; Johnson [Illustrator]
PG8438	Philosophy	split	The Ethics of Aristotle	Aristotle, 385 BCE-323 BCE
PG29508	Philosophy	uploaded	The Ethics of Coöperation	Tufts, James Hayden, 1862-1942
PG55785	Philosophy	deferred_repair	The Ethics of Diet A Catena of Authorities Deprecatory of the Practice of Flesh Eating	Williams, Howard, 1837-1931
PG13365	Philosophy	deferred_repair	The Ethics of Drink and Other Social Questions; Or, Joints In Our Social Armour	Runciman, James, 1852-1891
PG70666	Philosophy	uploaded	The ethics of Hercules	Givler, Robert Chenault, 1884-1975
PG42764	Religion	uploaded	The Ethics of Medical Homicide and Mutilation	O'Malley, Austin, 1858-1932
PG68421	Philosophy	uploaded	The ethics of rhetoric	Weaver, Richard M., 1910-1963
PG4701	Philosophy	uploaded	The Ethics of the Dust	Ruskin, John, 1819-1900
PG10010	Poetry	uploaded	The Eulogies of Howard: A Vision	Hayley, William, 1745-1820
PG65688	Religion	uploaded	The Everlasting Man	Chesterton, G. K. (Gilbert Keith), 1874-1936
PG31457	Philosophy	uploaded	The Evidence in the Case A Discussion of the Moral Responsibility for the War of 1914, as Disclosed by the Diplomatic Records of England, Germany, Russia	Beck, James M. (James Montgomery), 1861-1936; Choate, Joseph Hodges, 1832-1917 [Author of introduction, etc.]
PG17699	Psychology	uploaded	The Evolution of Love	Lucka, Emil, 1877-1941; Schleussner, Ellie [Translator]
PG8508	Religion	uploaded	The Evolution of Man Scientifically Disproved in 50 Arguments	Williams, William A. (William Asbury), 1854-1938
PG57581	Religion	uploaded	The Evolution of the Idea of God: An Inquiry Into the Origins of Religions	Allen, Grant, 1848-1899
PG41316	Philosophy	uploaded	The Exiles of Florida or, The crimes committed by our government against the Maroons, who fled from South Carolina and other slave states, seeking protection under Spanish laws.	Giddings, Joshua R. (Joshua Reed), 1795-1864
PG53527	Religion	deferred_repair	The Existence and Attributes of God, Volumes 1 and 2	Charnock, Stephen, 1628-1680; Symington, William, 1795-1862 [Contributor]
PG11044	Religion	uploaded	The Existence of God	Fénelon, François de Salignac de La Mothe-, 1651-1715; Morley, Henry, 1822-1894 [Editor]
PG42189	Religion	deferred_repair	The Expositor's Bible: The Book of Proverbs	Horton, Robert F. (Robert Forman), 1855-1934; Nicoll, W. Robertson (William Robertson), Sir, 1851-1923 [Editor]
PG57260	Philosophy	deferred_repair	The Fable of the Bees; Or, Private Vices, Public Benefits	Mandeville, Bernard, 1670-1733
PG10139	Religion	uploaded	The Faith of the Millions (2nd series)	Tyrrell, George, 1861-1909
PG15822	Religion	split	The faithful steward	Clark, Sereno D. (Sereno Dickenson), 1809-1887
PG8654	Fiction	uploaded	The Fallen Star, or, the History of a False Religion by E.L. Bulwer; And, A Dissertation on the Origin of Evil by Lord Brougham	Lytton, Edward Bulwer Lytton, Baron, 1803-1873; Brougham and Vaux, Henry Brougham, Baron, 1778-1868
PG76859	Philosophy	uploaded	The false assumptions of "democracy	Ludovici, Anthony M. (Anthony Mario), 1882-1971; Willoughby de Broke, Richard Greville Verney, baron, 1869-1923 [Author of introduction, etc.]
PG14653	Religion	uploaded	The Feast of St. Friend	Bennett, Arnold, 1867-1931
PG9660	Religion	uploaded	The First Blast of the Trumpet against the monstrous regiment of Women	Knox, John, 1514?-1572; Arber, Edward, 1836-1912 [Editor]
PG31550	Philosophy	uploaded	The first essay on the political rights of women	Condorcet, Jean-Antoine-Nicolas de Caritat, marquis de, 1743-1794; Vickery, Alice Drysdale, 1844-1929 [Translator]
PG40153	Religion	uploaded	The First True Gentleman: A Study of the Human Nature of Our Lord	Anonymous; Hale, Edward Everett, 1822-1909 [Author of introduction, etc.]
PG39065	Philosophy	uploaded	The Five Great Philosophies of Life	Hyde, William De Witt, 1858-1917
PG60377	Religion	uploaded	The Following of Christ, in Four Books Translated from the Original Latin of Thomas a Kempis	Thomas, à Kempis, 1380-1471; Challoner, Richard, 1691-1781 [Translator]
PG59813	Philosophy	uploaded	The Footpath Way: An Anthology for Walkers	Smith, Sydney, 1771-1845 [Contributor]; Belloc, Hilaire, 1870-1953 [Author of introduction, etc.]; Borrow, George, 1803-1881 [Contributor]; Brown, John, 1810-1882 [Contributor]; Burroughs, John, 1837-1921 [Contributor]; De Quincey, Thomas, 1785-1859 [Contributor]; Dickens, Charles, 1812-1870 [Contributor]; Hazlitt, William, 1778-1830 [Contributor]; Scott, Walter, 1771-1832 [Contributor]; Stephen, Leslie, 1832-1904 [Contributor]; Stevenson, Robert Louis, 1850-1894 [Contributor]; Thoreau, Henry David, 1817-1862 [Contributor]; Walton, Izaak, 1593-1683 [Contributor]; Whitman, Walt, 1819-1892 [Contributor]; Wordsworth, William, 1770-1850 [Contributor]
PG54580	Poetry	uploaded	The Forerunner, His Parables and Poems	Gibran, Kahlil, 1883-1931
PG65161	Fiction	uploaded	The Forest Giant	Le Corbeau, Adrien, 1886-1932; Lawrence, T. E. (Thomas Edward), 1888-1935 [Translator]
PG13138	Religion	uploaded	The Forgotten Threshold: A Journal of Arthur Middleton	O'Brien, Edward J. (Edward Joseph), 1890-1941
PG39713	Philosophy	uploaded	The Foundations of Science: Science and Hypothesis, The Value of Science, Science and Method	Poincaré, Henri, 1854-1912; Royce, Josiah, 1855-1916 [Author of introduction, etc.]; Halsted, George Bruce, 1853-1922 [Translator]
PG22728	Philosophy	uploaded	The Foundations of the Origin of Species Two Essays written in 1842 and 1844	Darwin, Charles, 1809-1882; Darwin, Francis, Sir, 1848-1925 [Editor]
PG67153	Philosophy	uploaded	The Fourth Dimension	Hinton, Charles Howard, 1853-1907
PG12010	Philosophy	uploaded	The Fourth-Dimensional Reaches of the Exposition: San Francisco, 1915	Williams, Cora Lenore, 1865-1937
PG4338	Psychology	uploaded	The Freedom of Life	Call, Annie Payson, 1853-1940
PG40342	Religion	uploaded	The Freedom of Science	Donat, Josef, 1868-1946
PG75962	Philosophy	uploaded	The freedom of the seas	Grotius, Hugo, 1583-1645; Scott, James Brown, 1866-1943 [Editor]; Magoffin, Ralph Van Deman, 1874-1942 [Translator]
PG68053	Philosophy	uploaded	The Frugal Life: A Paradox	Landi, Ortensio, 1512?-1553?; Axon, William E. A. (William Edward Armytage), 1846-1913 [Author of introduction, etc.]
PG56484	Philosophy	uploaded	The Future in America: A Search After Realities	Wells, H. G. (Herbert George), 1866-1946
PG76774	Psychology	uploaded	The future of an illusion	Freud, Sigmund, 1856-1939; Jones, Ernest, 1879-1958 [Editor]; Robson-Scott, W. D. (William Douglas), 1903-1981 [Translator]
PG74878	Religion	uploaded	The game of life and how to play it	Shinn, Florence Scovel, 1871-1940
PG4763	Philosophy	split	The Game of Logic	Carroll, Lewis, 1832-1898
PG27183	Philosophy	uploaded	The Gate of Appreciation: Studies in the Relation of Art to Life	Noyes, Carleton Eldredge, 1872-1950
PG52319	Philosophy	uploaded	The Genealogy of Morals The Complete Works, Volume Thirteen, edited by Dr. Oscar Levy.	Nietzsche, Friedrich Wilhelm, 1844-1900; Levy, Oscar, 1867-1946 [Editor]; Kennedy, J. M. (John McFarland) [Translator]; Samuel, Horace Barnett, 1883-1950 [Translator]
PG12888	Philosophy	split	The German Classics of the Nineteenth and Twentieth Centuries, Volume 05 Masterpieces of German Literature Translated into English	Francke, Kuno, 1855-1930 [Editor]
PG12351	Poetry	split	The German Classics of the Nineteenth and Twentieth Centuries, Volume 07 Masterpieces of German Literature Translated into English. in Twenty Volumes	Francke, Kuno, 1855-1930 [Editor]
PG30208	Religion	uploaded	The Ghosts, and Other Lectures	Ingersoll, Robert Green, 1833-1899
PG35735	Religion	uploaded	The Gnostic Crucifixion	Mead, G. R. S. (George Robert Stow), 1863-1933
PG30799	Religion	uploaded	The Gnôsis of the Light	Lamplugh, F.
PG38107	Religion	uploaded	The Gods From 'The Gods and Other Lectures'	Ingersoll, Robert Green, 1833-1899
PG26209	Philosophy	uploaded	The Golden Age Cook Book	Dwight, Henrietta Latham
PG42661	Religion	deferred_repair	The Golden Bough: A Study in Magic and Religion (Third Edition, Vol. 09 of 12)	Frazer, James George, 1854-1941
PG14641	Philosophy	uploaded	The Golden Calf, Which the World Adores, and Desires In Which Is Handled the Most Rare and Incomparable Wonder of Nature, in Transmuting Metals; viz. How the Intire Substance of Lead, Was in One Moment Transmuted in Gold-Obrizon, with an Exceeding Small Particle of the True Philosophick Stone	Helvetius, Johann Friedrich, -1709
PG55555	Philosophy	uploaded	The Golden Rule Cook Book: Six hundred recipes for meatless dishes	Sharpe, M. R. L. (Maud Russell Lorraine), 1867-1949
PG871	Religion	uploaded	The Golden Sayings of Epictetus, with the Hymn of Cleanthes	Epictetus, 55-135; Crossley, Hastings, 1846-1926 [Translator]
PG69174	Poetry	deferred_repair	The golden verses of Pythagoras	Fabre d'Olivet, Antoine, 1767-1825; Pythagoras, 571? BCE-496? BCE; Redfield, Nayán Louise [Translator]
PG35895	Religion	uploaded	The Gospel of Buddha, Compiled from Ancient Records	Carus, Paul, 1852-1919; Kopetzky, O. (Olga) [Illustrator]
PG36270	Religion	uploaded	The Gospel of Evolution From "The Atheistic Platform", Twelve Lectures	Aveling, Edward B., 1849-1898
PG25826	Religion	uploaded	The Gospel of the Hereafter	Smyth, J. Paterson (John Paterson), 1852-1932
PG44941	Religion	uploaded	The Government of God	Taylor, John, 1808-1887
PG8578	Fiction	uploaded	The Grand Inquisitor	Dostoyevsky, Fyodor, 1821-1881; Blavatsky, H. P. (Helena Petrovna), 1831-1891 [Translator]
PG78218	Philosophy	pending	The great betrayal (La trahison des clercs)	Benda, Julien, 1867-1956; Aldington, Richard, 1892-1962 [Translator]
PG33635	Religion	uploaded	The Great Discovery	Maclean, Norman, 1869-1952
PG6038	Religion	uploaded	The Great Doctrines of the Bible	Evans, William, 1870-1950
PG73231	Fiction	uploaded	The Great Implication	Lee, Stanley R., -1997; Finlay, Virgil, 1914-1971 [Illustrator]
PG57126	Philosophy	uploaded	The Greek Philosophers, Vol. 1 (of 2)	Benn, Alfred William, 1843-1915
PG58224	Philosophy	uploaded	The Greek Philosophers, Vol. 2 (of 2)	Benn, Alfred William, 1843-1915
PG6200	Fiction	split	The Greek View of Life	Dickinson, G. Lowes (Goldsworthy Lowes), 1862-1932
PG15968	Religion	split	The Grounds of Christianity Examined by Comparing The New Testament with the Old	English, George Bethune, 1787-1828
PG18202	Religion	uploaded	The Growth of Thought as Affecting the Progress of Society	Withington, William
PG73584	Religion	uploaded	The guide for the perplexed	Maimonides, Moses, 1135-1204; Friedländer, M. (Michael), 1833-1910 [Translator]
PG9226	Fiction	uploaded	The Hall of Fantasy (From "Mosses from an Old Manse")	Hawthorne, Nathaniel, 1804-1864
PG51328	Philosophy	uploaded	The Hand Phrenologically Considered Being a Glimpse at the Relation of the Mind with the Organisation of the Body	Anonymous
PG51808	Economics	uploaded	The Harvest of Ruskin	Graham, John W. (John William), 1859-1932
PG27213	Philosophy	uploaded	The Heart of Nature; or, The Quest for Natural Beauty	Younghusband, Francis Edward, Sir, 1863-1942
PG30256	Religion	uploaded	The Heart of the New Thought	Wilcox, Ella Wheeler, 1850-1919
PG66564	Philosophy	uploaded	The Heart's Domain	Duhamel, Georges, 1884-1966; Brooks, Eleanor Stimson [Translator]
PG36772	Fiction	uploaded	The Hearts of Men	Fielding, H. (Harold), 1859-1917
PG18168	Religion	uploaded	The Heavenly Father: Lectures on Modern Atheism	Naville, Ernest, 1816-1909; Downton, Henry, 1818-1885 [Translator]
PG75243	Philosophy	uploaded	The hell bomb	Laurence, William L. (William Leonard), 1888-1977
PG36912	Religion	uploaded	The Hero in Man	Russell, George William, 1867-1935; Bax, Clifford, 1886-1962 [Author of introduction, etc.]
PG19817	Poetry	uploaded	The Heroic Enthusiasts (Gli Eroici Furori) Part the First An Ethical Poem	Bruno, Giordano, 1548-1600; Williams, L. [Translator]
PG19833	Poetry	uploaded	The Heroic Enthusiasts (Gli Eroici Furori) Part the Second An Ethical Poem	Bruno, Giordano, 1548-1600; Williams, L. [Translator]
PG25638	Religion	uploaded	The Hidden Power, and Other Papers upon Mental Science	Troward, T. (Thomas), 1847-1916
PG28163	Religion	uploaded	The Higher Powers of Mind and Spirit	Trine, Ralph Waldo, 1866-1958
PG40472	Philosophy	uploaded	The History of Creation, Vol. 1 (of 2) Or the Development of the Earth and its Inhabitants by the Action of Natural Causes	Haeckel, Ernst, 1834-1919; Lankester, E. Ray (Edwin Ray), Sir, 1847-1929 [Editor]; Schmitz, L. Dora [Translator]
PG31278	Philosophy	uploaded	The History of Freedom, and Other Essays	Acton, John Emerich Edward Dalberg Acton, Baron, 1834-1902
PG70033	Religion	deferred_repair	The history of magic	Lévi, Éliphas, 1810-1875; Waite, Arthur Edward, 1857-1942 [Translator]
PG66566	Religion	uploaded	The History of Philosophy in Islam	Boer, T. J. de (Tjitze J.), 1866-1942; Jones, Edward R. [Translator]
PG31053	Philosophy	deferred_repair	The History of the Devil, As Well Ancient as Modern: In Two Parts	Defoe, Daniel, 1661?-1731
PG36799	Philosophy	uploaded	The History of the Last Trial by Jury for Atheism in England A Fragment of Autobiography Submitted for the Perusal of Her Majesty's Attorney-General and the British Clergy	Holyoake, George Jacob, 1817-1906
PG44208	Religion	uploaded	The Hive	Comfort, Will Levington, 1878-1932
PG33178	Religion	uploaded	The Holy Earth	Bailey, L. H. (Liberty Hyde), 1858-1954
PG53827	Philosophy	uploaded	The Hospital Bulletin, Vol. V, No. 2, April 15, 1909	Various
PG7448	Drama	uploaded	The Hour Glass	Yeats, W. B. (William Butler), 1865-1939
PG22739	Religion	uploaded	The Human Aura: Astral Colors and Thought Forms	Atkinson, William Walker, 1862-1932
PG1669	Drama	uploaded	The Human Drift	London, Jack, 1876-1916
PG12811	Psychology	uploaded	The Human Machine	Bennett, Arnold, 1867-1931
PG19850	Philosophy	uploaded	The Human Side of Animals	Dixon, Royal, 1885-1962
PG24526	Religion	deferred_repair	The Idea of a University Defined and Illustrated In Nine Discourses Delivered to the Catholics of Dublin	Newman, John Henry, 1801-1890
PG46476	Religion	uploaded	The Idea of God as Affected by Modern Knowledge	Fiske, John, 1842-1901
PG25338	Religion	uploaded	The Idea of God in Early Religions	Jevons, F. B. (Frank Byron), 1858-1936
PG4557	Philosophy	split	The Idea of Progress: An Inquiry into Its Origin and Growth	Bury, J. B. (John Bagnell), 1861-1927
PG8908	Religion	split	The Ignatian Epistles Entirely Spurious: A Reply to the Right Rev. Dr. Lightfoot	Killen, W. D. (William Dool), 1806-1902
PG43548	Religion	uploaded	The Illustrated Key to the Tarot: The Veil of Divination	De Laurence, L. W. (Lauron William), 1868-1936; Smith, Pamela Colman, 1878-1951 [Illustrator]
PG1653	Religion	split	The Imitation of Christ	Thomas, à Kempis, 1380-1471; Benham, William, 1831-1910 [Translator]
PG45827	Philosophy	uploaded	The Impossibilities of Anarchism	Shaw, Bernard, 1856-1950
PG16831	Fiction	uploaded	The Improvement of Human Reason Exhibited in the Life of Hai Ebn Yokdhan	Ibn Tufayl, Muhammad ibn 'Abd al-Malik, 1105?-1185
PG47747	Religion	uploaded	The Incarnate Purpose: Essays on the Spiritual Unity of Life	Percival, G. H.
PG69751	Philosophy	uploaded	The inequality of human races	Gobineau, Arthur, comte de, 1816-1882; Levy, Oscar, 1867-1946 [Author of introduction, etc.]; Collins, Adrian [Translator]
PG56041	Religion	uploaded	The Inevitable Crimes of Celibacy The Vices of Convents and Monasteries, Priests and Nuns	Watson, Thomas E. (Thomas Edward), 1856-1922
PG12414	Fiction	split	The Inferno	Barbusse, Henri, 1873-1935; O'Brien, Edward J. (Edward Joseph), 1890-1941 [Translator]
PG51525	Philosophy	uploaded	The Influence of Darwin on Philosophy, and other essays in contemporary thought	Dewey, John, 1859-1952
PG72255	Religion	deferred_repair	The influence of Greek ideas and usages upon the Christian church	Hatch, Edwin, 1835-1889; Fairbairn, A. M. (Andrew Martin), 1838-1912 [Editor]
PG55687	Fiction	uploaded	The Initiates of the Flame	Hall, Manly P. (Manly Palmer), 1901-1990
PG34910	Philosophy	uploaded	The Inner Beauty	Maeterlinck, Maurice, 1862-1949
PG41319	Religion	uploaded	The Inner Consciousness: How to Awaken and Direct It	Prakashananda, Swami, 1874-1927
PG61078	Religion	uploaded	The Inner Life	Jones, Rufus M. (Rufus Matthew), 1863-1948
PG9597	Religion	uploaded	The Inner Life Part 3 from The Works of John Greenleaf Whittier, Volume VII	Whittier, John Greenleaf, 1807-1892
PG69888	Philosophy	uploaded	The instinct of workmanship, and the state of industrial arts	Veblen, Thorstein, 1857-1929
PG30508	Philosophy	uploaded	The Instruction of Ptah-Hotep and the Instruction of Ke'Gemni The Oldest Books in the World	Ptahhotep; Kagemna; Gunn, Battiscombe G. (Battiscombe George), 1883-1950 [Translator]
PG32151	Philosophy	uploaded	The Intellectual Life	Hamerton, Philip Gilbert, 1834-1894
PG32479	Philosophy	uploaded	The Intelligence of Woman	George, Walter Lionel, 1882-1926
PG2630	Religion	uploaded	The Interpreters of Genesis and the Interpreters of Nature Essay #4 from "Science and Hebrew Tradition	Huxley, Thomas Henry, 1825-1895
PG46330	Philosophy	uploaded	The Introduction to Hegel's Philosophy of Fine Arts Translated from the German with Notes and Prefatory Essay	Hegel, Georg Wilhelm Friedrich, 1770-1831; Bosanquet, Bernard, 1848-1923 [Translator]
PG17274	Philosophy	pending	The Investment of Influence: A Study of Social Sympathy and Service	Hillis, Newell Dwight, 1858-1929
PG33170	Economics	pending	The Itching Palm: A Study of the Habit of Tipping in America	Scott, William R. (William Rufus), 1886-
PG34341	Religion	uploaded	The Japanese Spirit	Okakura, Yoshisaburo, 1868-1936; Meredith, George, 1828-1909 [Author of introduction, etc.]
PG13816	Religion	uploaded	The Jericho Road	Adkins, W. Bion (Walter Bion), 1858-1925
PG3270	Religion	uploaded	The Jerusalem Sinner Saved; or, Good News for the Vilest of Men	Bunyan, John, 1628-1688
PG46272	Religion	deferred_repair	The Journal of Leo Tolstoi (First Volume—1895-1899)	Tolstoy, Leo, graf, 1828-1910; Chertkov, V. G. (Vladimir Grigorevich), 1854-1936 [Annotator]; Shokor-Trotsky, Constantine [Contributor]; Strunsky, Rose [Translator]
PG70838	Philosophy	uploaded	The journal of Montaigne's travels in Italy by way of Switzerland and Germany in 1580 and 1581, Volume 1 (of 3)	Montaigne, Michel de, 1533-1592; Waters, W. G. (William George), 1844-1928 [Translator]
PG65097	Philosophy	deferred_repair	The Journal of Speculative Philosophy, Vol. I, Nos. 1-4, 1867	Various; Harris, William Torrey, 1835-1909 [Editor]
PG19696	Psychology	uploaded	The Joyful Heart	Schauffler, Robert Haven, 1879-1964
PG52881	Philosophy	deferred_repair	The Joyful Wisdom ("La Gaya Scienza")	Nietzsche, Friedrich Wilhelm, 1844-1900; Levy, Oscar, 1867-1946 [Editor]; Cohn, Paul V. (Paul Victor) [Translator]; Common, Thomas, 1850-1919 [Translator]; Petre, Maude Dominica, 1863-1942 [Translator]
PG52124	Philosophy	deferred_repair	The Joyful Wisdom ("La Gaya Scienza") Complete Works, Volume Ten	Nietzsche, Friedrich Wilhelm, 1844-1900; Levy, Oscar, 1867-1946 [Editor]; Cohn, Paul V. (Paul Victor) [Translator]; Common, Thomas, 1850-1919 [Translator]; Petre, Maude Dominica, 1863-1942 [Translator]
PG69243	Religion	uploaded	The Kabbalah: its doctrines, development, and literature	Ginsburg, Christian D. (Christian David), 1831-1914
PG27827	Fiction	uploaded	The Kama Sutra of Vatsyayana Translated From the Sanscrit in Seven Parts With Preface, Introduction and Concluding Remarks	Vatsyayana; Bhide, Shivaram Parashuram [Translator]; Burton, Richard Francis, Sir, 1821-1890 [Translator]; Indrajit, Bhagavanlal [Translator]
PG6036	Poetry	uploaded	The Kasîdah of Hâjî Abdû El-Yezdî	Burton, Richard Francis, Sir, 1821-1890
PG63510	Religion	deferred_repair	The Kernel and the Husk: Letters on Spiritual Christianity	Abbott, Edwin Abbott, 1838-1926
PG55618	Religion	deferred_repair	The Key to Theosophy Being a Clear Exposition, in the Form of Question and Answer, of the Ethics, Science and Philosophy for the Study of Which the Theosophical Society Has Been Founded	Blavatsky, H. P. (Helena Petrovna), 1831-1891
PG61264	Philosophy	deferred_repair	The King's Mirror (Speculum regale-Konungs skuggsjá)	Larson, Laurence Marcellus, 1868-1938 [Translator]
PG43372	Religion	deferred_repair	The Kingdom of God is Within You / Christianity and Patriotism / Miscellanies	Tolstoy, Leo, graf, 1828-1910; Wiener, Leo, 1862-1939 [Translator]
PG4602	Religion	split	The Kingdom of God Is Within You" Christianity Not as a Mystic Religion but as a New Theory of Life	Tolstoy, Leo, graf, 1828-1910; Garnett, Constance, 1861-1946 [Translator]
PG43302	Religion	pending	The Kingdom of God Is Within You" Christianity Not as a Mystic Religion but as a New Theory of Life	Tolstoy, Leo, graf, 1828-1910; Garnett, Constance, 1861-1946 [Translator]
PG43409	Religion	uploaded	The Kingdom of God is Within You; What is Art?	Tolstoy, Leo, graf, 1828-1910; Delano, Aline, 1845-1928 [Translator]
PG51856	Philosophy	uploaded	The kiss and its history	Nyrop, Kristoffer, 1858-1931; Harvey, William Frederick, 1853- [Translator]
PG20444	Poetry	uploaded	The Knickerbocker, or New-York Monthly Magazine, March 1844 Volume 23, Number 3	Various; Clark, Lewis Gaylord, 1808-1873 [Editor]
PG14209	Religion	split	The Kybalion A Study of The Hermetic Philosophy of Ancient Egypt and Greece	Three Initiates, 1862-1932
PG70258	Religion	uploaded	The last age of the church	Wycliffe, John‏, -1384; Todd, James Henthorn, 1805-1869 [Editor]
PG42640	Fiction	uploaded	The Last Christmas Tree: An Idyl of Immortality	Allen, James Lane, 1849-1925
PG18903	Philosophy	uploaded	The Last Harvest	Burroughs, John, 1837-1921
PG44800	Philosophy	uploaded	The Law	Bastiat, Frédéric, 1801-1850
PG15568	Religion	split	The Law and the Word	Troward, T. (Thomas), 1847-1916
PG44908	Philosophy	uploaded	The Law of Civilization and Decay: An Essay on History	Adams, Brooks, 1848-1927
PG54665	Psychology	uploaded	The Law of Psychic Phenomena A working hypothesis for the systematic study of hypnotism, spiritism, mental therapeutics, etc.	Hudson, Thomson Jay, 1834-1903
PG56684	Religion	uploaded	The Lectures on Faith	Smith, Joseph, Jr., 1805-1844
PG22259	Philosophy	deferred_repair	The Legacy of Greece Essays By: Gilbert Murray, W. R. Inge, J. Burnet, Sir T. L. Heath, D'arcy W. Thompson, Charles Singer, R. W. Livingston, A. Toynbee, A. E. Zimmern, Percy Gardner, Sir Reginald Blomfield	Livingstone, Richard Winn, Sir, 1880-1960 [Editor]
PG27863	Religion	uploaded	The Legacy of Ignorantism	Pardo de Tavera, T. H. (Trinidad Hermenegildo), 1857-1925
PG38091	Psychology	uploaded	The Letters of William James, Vol. 2	James, William, 1842-1910; James, Henry, 1879-1947 [Editor]
PG53620	Philosophy	uploaded	The life of Friedrich Nietzsche	Halévy, Daniel, 1872-1962; Kettle, Tom, 1880-1916 [Author of introduction, etc.]; Hone, Joseph M. (Joseph Maunsell), 1882-1959 [Translator]
PG64037	Religion	uploaded	The Life of Jesus Critically Examined (4th ed.)	Strauss, David Friedrich, 1808-1874; Pfleiderer, Otto, 1839-1908 [Author of introduction, etc.]; Eliot, George, 1819-1880 [Translator]
PG13076	Philosophy	split	The Life of John Ruskin	Collingwood, W. G. (William Gershom), 1854-1932
PG15000	Philosophy	split	The Life of Reason: The Phases of Human Progress	Santayana, George, 1863-1952
PG4511	Philosophy	uploaded	The Life of the Bee	Maeterlinck, Maurice, 1862-1949; Sutro, Alfred, 1863-1933 [Translator]
PG15082	Psychology	split	The Life of the Spirit and the Life of To-day	Underhill, Evelyn, 1875-1941
PG23820	Religion	uploaded	The Life Radiant	Whiting, Lilian, 1847-1942
PG2632	Religion	uploaded	The Lights of the Church and the Light of Science Essay #6 from "Science and Hebrew Tradition	Huxley, Thomas Henry, 1825-1895
PG36798	Religion	uploaded	The Limits of Atheism; Or, Why Should Sceptics Be Outlaws?	Holyoake, George Jacob, 1817-1906
PG8956	Religion	split	The Literary Remains of Samuel Taylor Coleridge, Volume 3	Coleridge, Samuel Taylor, 1772-1834; Coleridge, Henry Nelson, 1798-1843 [Editor]
PG10801	Religion	split	The Literary Remains of Samuel Taylor Coleridge, Volume 4	Coleridge, Samuel Taylor, 1772-1834; Coleridge, Henry Nelson, 1798-1843 [Editor]
PG57342	Philosophy	uploaded	The Lives and Opinions of Eminent Philosophers	Diogenes Laertius; Yonge, Charles Duke, 1812-1891 [Translator]
PG57359	Philosophy	uploaded	The Logic of Chance, 3rd edition An Essay on the Foundations and Province of the Theory of Probability, With Especial Reference to Its Logical Bearings and Its Application to Moral and Social Science and to Statistics	Venn, John, 1834-1923
PG55108	Philosophy	uploaded	The Logic of Hegel	Hegel, Georg Wilhelm Friedrich, 1770-1831; Wallace, William, 1844-1897 [Translator]
PG70620	Philosophy	uploaded	The logic of modern physics	Bridgman, P. W. (Percy Williams), 1882-1961
PG49949	Philosophy	uploaded	The Logic of Vegetarianism: Essays and Dialogues	Salt, Henry S., 1851-1939
PG43328	Religion	uploaded	The Lost Faith, and Difficulties of the Bible, as Tested by the Laws of Evidence	Childs, Thomas S. (Thomas Spencer), 1825-1914
PG626	Philosophy	split	The Love of Books: The Philobiblon of Richard de Bury	Bury, Richard de, 1287-1345; Thomas, Ernest Chester, 1850-1892 [Translator]
PG50457	Poetry	uploaded	The Luzumiyat of Abu'l-Ala Selected from his Luzum ma la Yalzam and Suct us-Zand	Abu al-Ala al-Maarri, 973-1057; Rihani, Ameen Fares, 1876-1940 [Translator]
PG57980	Religion	deferred_repair	The Magic and Science of Jewels and Stones	Kozminsky, Isidore, 1870-
PG60872	Philosophy	uploaded	The Magical Chance	Sharp, Dallas Lore, 1870-1929
PG6911	Philosophy	uploaded	The Majesty of Calmness; individual problems and posibilities	Jordan, William George, 1864-1928
PG65545	Religion	uploaded	The Making of a Man	Lee, James W. (James Wideman), 1849-1919
PG59480	Philosophy	uploaded	The Malthusian Handbook Designed to Induce Married People to Limit Their Families Within Their Means.	Anonymous
PG56979	Fiction	uploaded	The Man from Mars: His Morals, Politics and Religion	Simpson, William, 1828-1910
PG50539	Psychology	uploaded	The Man of Genius	Lombroso, Cesare, 1835-1909
PG1695	Fiction	split	The Man Who Was Thursday: A Nightmare	Chesterton, G. K. (Gilbert Keith), 1874-1936
PG38312	Fiction	uploaded	The Mansion	Van Dyke, Henry, 1852-1933; Elliott, Elizabeth Shippen Green, 1871-1954 [Illustrator]
PG26334	Philosophy	uploaded	The Map of Life Conduct and Character	Lecky, William Edward Hartpole, 1838-1903
PG45315	Poetry	uploaded	The Marriage of Heaven and Hell	Blake, William, 1757-1827
PG39414	Religion	uploaded	The Masculine Cross A History of Ancient and Modern Crosses and Their Connection with the Mysteries of Sex Worship; Also an Account of the Kindred Phases of Phallic Faiths and Practices	Anonymous
PG30174	Philosophy	pending	The Mathematical-Historical Principles and the Evolution of Liberty	Fernández Bolívar, Víctor José, 1923-; Ferrer de Domínguez, Asunción [Translator]
PG22062	Philosophy	uploaded	The Mathematicall Praeface to Elements of Geometrie of Euclid of Megara	Dee, John, 1527-1608
PG75711	Philosophy	uploaded	The meaning of a liberal education	Martin, Everett Dean, 1880-1941
PG12508	Philosophy	split	The Meaning of Good—A Dialogue	Dickinson, G. Lowes (Goldsworthy Lowes), 1862-1932
PG17111	Philosophy	pending	The Meaning of the War: Life & Matter in Conflict	Bergson, Henri, 1859-1941; Carr, Herbert Wildon, 1857-1931 [Commentator]
PG5117	Philosophy	uploaded	The Meaning of Truth	James, William, 1842-1910
PG43880	Philosophy	uploaded	The Mediaeval Mind (Volume 1 of 2) A History of the Development of Thought and Emotion in the Middle Ages	Taylor, Henry Osborn, 1856-1941
PG43881	Religion	uploaded	The Mediaeval Mind (Volume 2 of 2) A History of the Development of Thought and Emotion in the Middle Ages	Taylor, Henry Osborn, 1856-1941
PG55317	Philosophy	uploaded	The Meditations of the Emperor Marcus Aurelius Antoninus A new rendering based on the Foulis translation of 1742	Marcus Aurelius, Emperor of Rome, 121-180; Chrystal, George W. (George William), 1880-1944 [Translator]
PG1177	Philosophy	split	The Memorabilia	Xenophon, 432 BCE-351? BCE; Dakyns, Henry Graham, 1838-1911 [Translator]
PG17490	Philosophy	pending	The Memorable Thoughts of Socrates	Xenophon, 432 BCE-351? BCE; Morley, Henry, 1822-1894 [Editor]; Bysshe, Edward, active 1702-1712 [Translator]
PG61724	Poetry	uploaded	The Mesnevi	Jalal al-Din Rumi, Maulana, 1207-1273; Redhouse, James W. (James William), Sir, 1811-1892 [Translator]
PG48028	Religion	uploaded	The Metaphysic of Christianity and Buddhism: A Symphony	Strong, D. M. (Dawsonne Melanchthon), 1841-1903
PG5684	Philosophy	uploaded	The Metaphysical Elements of Ethics	Kant, Immanuel, 1724-1804; Abbott, Thomas Kingsmill, 1829-1913 [Translator]
PG2923	Philosophy	uploaded	The Method by Which the Causes of the Present and Past Conditions of Organic Nature Are to Be Discovered; the Origination of Living Beings Lecture III. (of VI.), "Lectures to Working Men", at the Museum of Practical Geology, 1863, on Darwin's Work: "Origin of Species	Huxley, Thomas Henry, 1825-1895
PG46743	Philosophy	uploaded	The Methods of Ethics	Sidgwick, Henry, 1838-1900
PG21077	Psychology	uploaded	The Mind and the Brain Being the Authorised Translation of L'Âme et le Corps	Binet, Alfred, 1857-1911
PG8077	Psychology	uploaded	The Mind in the Making: The Relation of Intelligence to Social Reform	Robinson, James Harvey, 1863-1936
PG40982	Religion	uploaded	The Miraculous Conception Or, The Divinity of Jesus Christ Considered as the Foundation of the Christian Religion	Annet, Peter, 1693-1769
PG58393	Philosophy	uploaded	The Mirror of Alchimy	Bacon, Roger, 1214?-1294
PG11539	Philosophy	uploaded	The Mirror of Literature, Amusement, and Instruction. Volume 19, No. 535, February 25, 1832	Various
PG77481	Psychology	uploaded	The misbehaviorists	Wickham, Harvey, 1872-1930
PG22955	Religion	uploaded	The Mistakes of Jesus	Floyd, William
PG6336	Philosophy	split	The Misuse of Mind	Stephen, Karin, 1889-1953
PG56634	Psychology	deferred_repair	The Monist, Vol. 1, 1890-1891	Various; Carus, Paul, 1852-1919 [Editor]; Hegeler, Edward C, 1835-1910 [Editor]
PG76880	Philosophy	deferred_repair	The Monist, Vol. 2, 1891-1892	Various; Carus, Paul, 1852-1919 [Editor]
PG76881	Psychology	deferred_repair	The Monist, Vol. 3, 1892-1893	Various; Carus, Paul, 1852-1919 [Editor]
PG37115	Philosophy	uploaded	The Moral and Intellectual Diversity of Races With Particular Reference to Their Respective Influence in the Civil and Political History of Mankind	Gobineau, Arthur, comte de, 1816-1882; Hotz, H. [Contributor]; Nott, Josiah Clark, 1804-1873 [Contributor]
PG22135	Philosophy	uploaded	The Moral Economy	Perry, Ralph Barton, 1876-1957
PG38730	Philosophy	uploaded	The Moral Instruction of Children	Adler, Felix, 1851-1933
PG34267	Philosophy	uploaded	The Morality of Woman, and Other Essays	Key, Ellen, 1849-1926; Borthwick, Mamah Bouton, 1869-1914 [Translator]
PG44636	Religion	uploaded	The Mosaic History of the Creation of the World Illustrated by Discoveries and Experiments Derived from the Present Enlightened State of Science; With Reflections, Intended to Promote Vital and Practical Religion	Wood, Thomas, -1826; Durbin, John P. (John Price), 1800-1876 [Editor]
PG73570	Religion	uploaded	The mutual influence of Christianity and the Stoic school	Bryant, James Henry
PG36650	Philosophy	uploaded	The Mystery of Francis Bacon	Smedley, William T. (William Thomas), 1851-
PG45691	Psychology	deferred_repair	The mystery of space	Browne, Robert T.
PG17749	Psychology	uploaded	The Mystic Will A Method of Developing and Strengthening the Faculties of the Mind, through the Awakened Will, by a Simple, Scientific Process Possible to Any Person of Ordinary Intelligence	Leland, Charles Godfrey, 1824-1903
PG50205	Religion	uploaded	The Mystical Element of Religion, as studied in Saint Catherine of Genoa and her friends, Volume 1 (of 2)	Hügel, Friedrich, Freiherr von, 1852-1925
PG67388	Religion	uploaded	The Mystics of Islam	Nicholson, Reynold Alleyne, 1868-1945
PG42760	Philosophy	uploaded	The Myth in Marriage	Hubbard, Alice, 1861-1915
PG8104	Philosophy	uploaded	The National Being: Some Thoughts on an Irish Polity	Russell, George William, 1867-1935
PG46428	Psychology	uploaded	The Natural Philosophy of Love	Gourmont, Remy de, 1858-1915; Pound, Ezra, 1885-1972 [Translator]
PG6101	Philosophy	split	The Nature of Goodness	Palmer, George Herbert, 1842-1933
PG75505	Philosophy	deferred_repair	The nature of man	Metchnikoff, Elie, 1845-1916; Mitchell, P. Chalmers (Peter Chalmers), Sir, 1864-1945 [Translator]
PG72963	Philosophy	pending	The nature of the physical world	Eddington, Arthur Stanley, Sir, 1882-1944
PG20248	Religion	uploaded	The Necessity of Atheism	Brooks, David Marshall, 1902-1994
PG26893	Psychology	uploaded	The New Avatar and The Destiny of the Soul The Findings of Natural Science Reduced to Practical Studies in Psychology	Buck, J. D. (Jirah Dewey), 1838-1916
PG41559	Religion	uploaded	The New Christianity; or, The Religion of the New Age	Bland, Salem Goldworth, 1859-1950
PG51888	Religion	uploaded	The New Eschatology Showing the Indestructibility of the Earth and the Wide Difference Between the Letter and Spirit of Holy Scripture.	Pegg, J. G. Broughton
PG13301	Religion	uploaded	The New Ideal in Education An Address Given Before the League of the Empire on July 16th, 1916	Velimirović, Nikolaj, 1880-1956
PG13468	Religion	split	The New Jerusalem	Chesterton, G. K. (Gilbert Keith), 1874-1936
PG54840	Philosophy	uploaded	The New Optimism	Stacpoole, H. De Vere (Henry De Vere), 1863-1951
PG37651	Fiction	uploaded	The New Paul and Virginia; Or, Positivism on an Island	Mallock, W. H. (William Hurrell), 1849-1923
PG15207	Philosophy	split	The New Physics and Its Evolution	Poincaré, Lucien, 1862-1920
PG1638	Religion	split	The New Revelation	Doyle, Arthur Conan, 1859-1930
PG20936	Philosophy	uploaded	The New Society	Rathenau, Walther, 1867-1922; Windham, Arthur [Translator]
PG55878	Philosophy	uploaded	The New Spirit Third Edition	Ellis, Havelock, 1859-1939
PG27500	Religion	uploaded	The New Theology	Campbell, R. J. (Reginald John), 1867-1956
PG16702	Philosophy	deferred_repair	The New York Times Current History of the European War, Vol. 1, January 9, 1915 What Americans Say to Europe	Various
PG31920	Religion	uploaded	The Next Step in Religion: An Essay toward the Coming Renaissance	Sellars, Roy Wood, 1880-1973
PG54532	Psychology	deferred_repair	The Night-Side of Nature; Or, Ghosts and Ghost-Seers	Crowe, Catherine, 1790-1876
PG47421	Religion	uploaded	The Non-religion of the Future: A Sociological Study	Guyau, Jean-Marie, 1854-1888
PG6173	Philosophy	deferred_repair	The Note-Books of Samuel Butler	Butler, Samuel, 1835-1902; Jones, Henry Festing, 1851-1928 [Editor]
PG4998	Philosophy	split	The Notebooks of Leonardo Da Vinci — Volume 1	Leonardo, da Vinci, 1452-1519; Richter, Jean Paul, 1847-1937 [Translator]
PG54268	Religion	uploaded	The Ocean of Theosophy	Judge, William Quan, 1851-1896
PG48994	Philosophy	uploaded	The Old Humanities and the New Science	Osler, William, Sir, 1849-1919; Cushing, Harvey, 1869-1939 [Author of introduction, etc.]
PG33859	Religion	uploaded	The Old Riddle and the Newest Answer	Gerard, John, 1840-1912
PG75786	Religion	uploaded	The open conspiracy	Wells, H. G. (Herbert George), 1866-1946
PG74713	Fiction	uploaded	The opinions of Jérôme Coignard	France, Anatole, 1844-1924; Jackson, Emilie, 1873-1963 [Translator]
PG77011	Philosophy	uploaded	The organisation of thought, educational and scientific	Whitehead, Alfred North, 1861-1947
PG52106	Psychology	uploaded	The origin and development of the moral ideas	Westermarck, Edward, 1862-1939
PG8566	Religion	split	The Origin and Permanent Value of the Old Testament	Kent, Charles Foster, 1867-1925
PG46884	Philosophy	uploaded	The Origin of Man and of His Superstitions	Read, Carveth, 1848-1931
PG33111	Philosophy	uploaded	The origin of the family, private property, and the state	Engels, Friedrich, 1820-1895; Untermann, Gerhard Ernest, 1864-1956 [Translator]
PG49228	Philosophy	uploaded	The Origin of the Knowledge of Right and Wrong	Brentano, Franz, 1838-1917; Hague, Cecil [Translator]
PG64834	Philosophy	deferred_repair	The Origin of Thought and Speech	Moncalm, M.; Whitmarsh, G. S. [Translator]
PG66869	Psychology	deferred_repair	The origins of art; a psychological & sociological inquiry	Hirn, Y. (Yrjö), 1870-1952
PG44479	Religion	uploaded	The Other Side of Evolution: Its Effects and Fallacy	Patterson, Alexander
PG67732	Fiction	uploaded	The Overman	Sinclair, Upton, 1878-1968
PG64495	Philosophy	uploaded	The Palace of Glass and the Gathering of the People: A Book for the Exhibition	Stoughton, John, 1807-1897
PG29499	Economics	uploaded	The Paper Moneys of Europe: Their Moral and Economic Significance	Hirst, Francis W. (Francis Wrigley), 1873-1953
PG59038	Religion	deferred_repair	The Path, Vol. I.—1886-'7. A Magazine Devoted to the Brotherhood of Humanity, Theosophy in America, and the Study of Occult Science, Philosophy, and Aryan Literature.	Various; Judge, William Quan, 1851-1896 [Editor]
PG68018	Religion	uploaded	The Peak in Darien, With Some Other Inquiries Touching Concerns of the Soul and the Body An Octave of Essays	Cobbe, Frances Power, 1822-1904
PG77090	Philosophy	uploaded	The pedigree of fascism	Lion, Aline
PG35081	Religion	uploaded	The People's Idea of God: Its Effect On Health And Christianity	Eddy, Mary Baker, 1821-1910
PG1487	Philosophy	uploaded	The Perfect Wagnerite: A Commentary on the Niblung's Ring	Shaw, Bernard, 1856-1950
PG45158	Poetry	uploaded	The Persian Mystics: Jámí	Jami, 1414-1492; Davis, F. Hadland (Frederick Hadland), 1882-1956 [Editor]
PG76966	Philosophy	uploaded	The phantom public	Lippmann, Walter, 1889-1974
PG29412	Religion	uploaded	The Phantom World; or, The philosophy of spirits, apparitions, &c, &c.	Calmet, Augustin, 1672-1757; Christmas, Henry, 1811-1868 [Editor]
PG3548	Religion	uploaded	The Pharisee and the Publican	Bunyan, John, 1628-1688
PG868	Fiction	uploaded	The Philosopher's Joke	Jerome, Jerome K. (Jerome Klapka), 1859-1927
PG36646	Philosophy	uploaded	The Philosophic Grammar of American Languages, as Set Forth by Wilhelm von Humboldt With the Translation of an Unpublished Memoir by Him on the American Verb	Brinton, Daniel G. (Daniel Garrison), 1837-1899
PG74253	Philosophy	deferred_repair	The philosophical and mathematical commentaries of Proclus on the first book of Euclid's elements (Vol. 1 of 2)	Proclus, 412-485; Taylor, Thomas, 1758-1835 [Translator]
PG63249	Philosophy	uploaded	The Philosophical Theory of the State	Bosanquet, Bernard, 1848-1923
PG65708	Religion	uploaded	The Philosophy and Theology of Averroes	Averroës, 1126-1198; Muhammad Jamil al-Rahman [Translator]
PG52980	Philosophy	uploaded	The Philosophy of Art	Taine, Hippolyte, 1828-1893; Durand, John, 1822-1908 [Translator]
PG56517	Philosophy	uploaded	The Philosophy of Auguste Comte	Lévy-Bruhl, Lucien, 1857-1939; Harrison, Frederic, 1831-1923 [Author of introduction, etc.]; Klein, Kathleen Mary de Beaumont, 1876-1974 [Translator]
PG60009	Philosophy	uploaded	The Philosophy of Beards A Lecture Physiological, Artistic & Historical	Gowing, Thomas S.
PG61663	Philosophy	uploaded	The philosophy of biology	Johnstone, James, 1870-1932
PG4754	Philosophy	uploaded	The Philosophy of Despair	Jordan, David Starr, 1851-1931
PG40079	Philosophy	uploaded	The Philosophy of Disenchantment	Saltus, Edgar, 1855-1921
PG63322	Religion	uploaded	The Philosophy of Earthquakes, Natural and Religious or, An Inquiry Into Their Cause, and Their Purpose	Stukeley, William, 1687-1765
PG70579	Philosophy	uploaded	The philosophy of Elbert Hubbard	Hubbard, Elbert, 1856-1915; Hoyle, John T. (John Thomas), 1873- [Compiler]
PG30743	Religion	uploaded	The Philosophy of Evolution Together With a Preliminary Essay on The Metaphysical Basis of Science	Carpenter, Stephen H. (Stephen Haskins), 1831-1878
PG55334	Philosophy	uploaded	The Philosophy of Fine Art, volume 1 (of 4) Hegel's Aesthetik	Hegel, Georg Wilhelm Friedrich, 1770-1831; Osmaston, Francis Plumptre Beresford, 1857-1925 [Translator]
PG55445	Philosophy	uploaded	The Philosophy of Fine Art, volume 2 (of 4) Hegel's Aesthetik	Hegel, Georg Wilhelm Friedrich, 1770-1831; Osmaston, Francis Plumptre Beresford, 1857-1925 [Translator]
PG55623	Philosophy	uploaded	The Philosophy of Fine Art, volume 3 (of 4) Hegel's Aesthetik	Hegel, Georg Wilhelm Friedrich, 1770-1831; Osmaston, Francis Plumptre Beresford, 1857-1925 [Translator]
PG55731	Poetry	deferred_repair	The Philosophy of Fine Art, volume 4 (of 4) Hegel's Aesthetik	Hegel, Georg Wilhelm Friedrich, 1770-1831; Osmaston, Francis Plumptre Beresford, 1857-1925 [Translator]
PG49316	Philosophy	uploaded	The Philosophy of Friedrich Nietzsche	Mencken, H. L. (Henry Louis), 1880-1956
PG52814	Philosophy	uploaded	The Philosophy of Giambattista Vico	Croce, Benedetto, 1866-1952; Collingwood, R. G. (Robin George), 1889-1943 [Translator]
PG60773	Philosophy	uploaded	The Philosophy of Health; Volume 1 (of 2) or, an exposition of the physical and mental constitution of man	Smith, Southwood, 1788-1861
PG38365	Philosophy	deferred_repair	The Philosophy of History, Vol. 1 of 2	Schlegel, Friedrich von, 1772-1829; Robertson, James Burton, 1800-1877 [Translator]
PG48275	Philosophy	uploaded	The Philosophy of History, Vol. 2 of 2	Schlegel, Friedrich von, 1772-1829; Robertson, James Burton, 1800-1877 [Translator]
PG47880	Philosophy	uploaded	The Philosophy of Immanuel Kant	Lindsay, A. D. (Alexander Dunlop), 1879-1952
PG74444	Philosophy	uploaded	The philosophy of Jake Haiden (late Jacob K. Huff)	Huff, Jacob K., 1851-1910; Shoemaker, Henry W. (Henry Wharton), 1880-1958 [Contributor]
PG43544	Philosophy	deferred_repair	The philosophy of life, and philosophy of language, in a course of lectures	Schlegel, Friedrich von, 1772-1829; Morrison, A. J. W. (Alexander James William), 1806-1865 [Translator]
PG39702	Philosophy	uploaded	The philosophy of mathematics	Comte, Auguste, 1798-1857; Gillespie, W. M. (William Mitchell), 1816-1868 [Translator]
PG38430	Philosophy	uploaded	The philosophy of Mr. B*rtr*nd R*ss*ll	Jourdain, Philip E. B. (Philip Edward Bertrand), 1879-1919 [Editor]
PG56822	Psychology	deferred_repair	The Philosophy of Mystery	Dendy, Walter Cooper, 1794-1871
PG47314	Religion	uploaded	The Philosophy of Natural Theology An Essay in confutation of the scepticism of the present day	Jackson, William, 1817?-1891?
PG31205	Philosophy	uploaded	The Philosophy of Spinoza	Spinoza, Benedictus de, 1632-1677; Ratner, Joseph, 1901- [Editor]
PG55761	Religion	uploaded	The Philosophy of Spiritual Activity A Modern Philosophy of Life Developed by Scientific Methods	Steiner, Rudolf, 1861-1925; Collison, Harry, 1868-1945 [Editor]; Hoernlé, Reinhold Friedrich Alfred, 1880-1943 [Translator]; Hoernlé, Winifred, 1885-1960 [Translator]
PG5849	Philosophy	uploaded	The Philosophy of Style	Spencer, Herbert, 1820-1903
PG30296	Philosophy	uploaded	The Philosophy of Teaching The Teacher, The Pupil, The School	Sands, Nathaniel
PG28484	Religion	uploaded	The Philosophy of the Conditioned	Mansel, Henry Longueville, 1820-1871
PG22364	Religion	uploaded	The Philosophy of the Moral Feelings	Abercrombie, John, 1780-1844
PG8207	Drama	split	The Philosophy of the Plays of Shakspere Unfolded	Bacon, Delia Salter, 1811-1859; Hawthorne, Nathaniel, 1804-1864 [Author of introduction, etc.]
PG54938	Economics	uploaded	The Philosophy of the Practical: Economic and Ethic	Croce, Benedetto, 1866-1952; Ainslie, Douglas, 1865-1948 [Translator]
PG50170	Philosophy	uploaded	The Philosophy Which Shows the Physiology of Mesmerism and Explains the Phenomenon of Clairvoyance	Pasley, T. H.
PG60212	Psychology	uploaded	The Physical Basis of Mind Being the Second Series of Problems of Life and Mind.	Lewes, George Henry, 1817-1878
PG5704	Philosophy	uploaded	The Physiology of Marriage, Part 1	Balzac, Honoré de, 1799-1850
PG5958	Philosophy	uploaded	The Physiology of Marriage, Part 3	Balzac, Honoré de, 1799-1850
PG5434	Philosophy	uploaded	The Physiology of Taste; Or, Transcendental Gastronomy	Brillat-Savarin, 1755-1826; Robinson, Fayette, -1859 [Translator]
PG174	Fiction	split	The Picture of Dorian Gray	Wilde, Oscar, 1854-1900
PG4078	Fiction	split	The Picture of Dorian Gray	Wilde, Oscar, 1854-1900
PG26740	Fiction	pending	The Picture of Dorian Gray	Wilde, Oscar, 1854-1900
PG31104	Philosophy	uploaded	The place of anarchism in socialistic evolution	Kropotkin, Petr Alekseevich, kniaz, 1842-1921; Glasse, Henry [Translator]
PG65720	Religion	deferred_repair	The Place of Animals in Human Thought	Martinengo-Cesaresco, Evelyn Lilian Hazeldine Carrington, contessa, 1852-1931
PG39949	Economics	deferred_repair	The Place of Science in Modern Civilisation, and Other Essays	Veblen, Thorstein, 1857-1929
PG71418	Philosophy	uploaded	The place of the individual in society	Goldman, Emma, 1869-1940
PG563	Fiction	split	The Planet Mars and Its Inhabitants, a Psychic Revelation	Kennon, J. L.
PG7952	Philosophy	split	The Pleasures of Life	Lubbock, John, Sir, 1834-1913
PG70009	Philosophy	uploaded	The plurality of the human race	Pouchet, G. (Georges), 1833-1894; Beavan, Hugh J. C. [Translator]
PG36288	Religion	uploaded	The Plurality of Worlds	Whewell, William, 1794-1866; Hitchcock, Edward, 1793-1864 [Author of introduction, etc.]
PG57030	Psychology	uploaded	The Pocket Lavater; or, The Science of Physiognomy To which is added an inquiry into the analogy existing between brute and human physiognomy	Lavater, Johann Caspar, 1741-1801; Porta, Giambattista della, 1535?-1615
PG1974	Poetry	uploaded	The Poetics of Aristotle	Aristotle, 385 BCE-323 BCE; Butcher, S. H. (Samuel Henry), 1850-1910 [Translator]
PG17774	Philosophy	uploaded	The Poetry of Architecture Or, the Architecture of the Nations of Europe Considered in its Association with Natural Scenery and National Character	Ruskin, John, 1819-1900
PG51897	Philosophy	uploaded	The Poetry of Science; or, Studies of the Physical Phenomena of Nature	Hunt, Robert, 1807-1887
PG39964	Philosophy	uploaded	The positive outcome of philosophy	Dietzgen, Joseph, 1828-1888; Pannekoek, Anton, 1873-1960 [Author of introduction, etc.]; Dietzgen, Eugen, 1862-1929 [Editor]; Dietzgen, Joseph, Jr. [Editor]; Untermann, Gerhard Ernest, 1864-1956 [Translator]
PG23788	Philosophy	deferred_repair	The Posthumous Works of Thomas De Quincey,  Vol. 1	De Quincey, Thomas, 1785-1859; Japp, Alexander H. (Alexander Hay), 1839-1905 [Editor]
PG56020	Philosophy	uploaded	The Power of Truth: Individual Problems and Possibilities	Jordan, William George, 1864-1928
PG17350	Religion	pending	The Practice and Theory of Bolshevism	Russell, Bertrand, 1872-1970
PG13871	Religion	uploaded	The Practice of the Presence of God the Best Rule of a Holy Life	Lawrence, of the Resurrection, Brother, 1611-1691
PG37552	Philosophy	uploaded	The pragmatic theory of truth as developed by Peirce, James, and Dewey	Geyer, Denton Loring, 1884-
PG9371	Philosophy	uploaded	The Praise of Folly	Erasmus, Desiderius, 1469-1536; Wilson, John, 1626-1696 [Translator]
PG29547	Poetry	uploaded	The Preface to Aristotle's Art of Poetry	Dacier, André, 1651-1722; Monk, Samuel Holt [Editor]
PG24406	Religion	uploaded	The Price of a Soul	Bryan, William Jennings, 1860-1925
PG1232	Philosophy	split	The Prince	Machiavelli, Niccolò, 1469-1527; Marriott, W. K. (William Kenaz), -1927 [Translator]
PG57037	Philosophy	pending	The Prince	Machiavelli, Niccolò, 1469-1527; Ricci, Luigi, 1842-1915 [Translator]
PG6366	Philosophy	split	The Principles of Aesthetics	Parker, De Witt H. (De Witt Henry), 1885-1949
PG57628	Psychology	uploaded	The Principles of Psychology, Volume 1 (of 2)	James, William, 1842-1910
PG74864	Philosophy	uploaded	The principles of science	Jevons, William Stanley, 1835-1882
PG36797	Religion	uploaded	The Principles of Secularism	Holyoake, George Jacob, 1817-1906
PG58685	Psychology	uploaded	The privilege of pain	Everett, Leo, Mrs., -1921; Wiggin, Kate Douglas Smith, 1856-1923 [Author of introduction, etc.]
PG13940	Philosophy	split	The Problem of China	Russell, Bertrand, 1872-1970
PG40043	Philosophy	uploaded	The Problem of Foreign Policy A Consideration of Present Dangers and the Best Methods for Meeting Them	Murray, Gilbert, 1866-1957
PG47658	Philosophy	uploaded	The Problem of Truth	Carr, Herbert Wildon, 1857-1931
PG5827	Philosophy	split	The Problems of Philosophy	Russell, Bertrand, 1872-1970
PG68241	Philosophy	uploaded	The profanity of paint	Kiddier, William, 1859-1934
PG16470	Religion	deferred_repair	The Profits of Religion, Fifth Edition	Sinclair, Upton, 1878-1968
PG29441	Philosophy	uploaded	The Project Gutenberg Works of Plato: An Index	Plato, 428? BCE-348? BCE; Widger, David, 1932-2021? [Editor]
PG19286	Religion	uploaded	The Promise of World Peace	Universal House of Justice
PG67151	Religion	uploaded	The Proofs of Christ's Resurrection; from a Lawyer's Standpoint	Morrison, Charles R. (Charles Robert), 1819-1893
PG58585	Poetry	uploaded	The Prophet	Gibran, Kahlil, 1883-1931
PG52757	Religion	uploaded	The Proportions of Truth	Hoare, Edward, 1812-1894
PG37158	Philosophy	uploaded	The Pros and Cons of Vivisection	Richet, Charles, 1850-1935; Halliburton, W. D. (William Dobinson), 1860-1931 [Commentator]
PG19283	Religion	uploaded	The Prosperity of Humankind	Bahá'í International Community
PG41421	Religion	uploaded	The Protestants Plea for a Socinian Justifying His Doctrine from Being Opposite to Scripture or Church Authority; and Him from Being Guilty of Heresie, or Schism	R. H., 1609-1678
PG73959	Religion	deferred_repair	The provincial letters of Blaise Pascal	Pascal, Blaise, 1623-1662; M'Crie, Thomas, 1797-1875 [Translator]
PG3751	Psychology	uploaded	The Psychology of Beauty	Howes, Ethel Puffer, 1872-1950
PG20814	Psychology	uploaded	The Psychology of Nations A Contribution to the Philosophy of History	Partridge, G. E. (George Everett), 1870-
PG71000	Philosophy	uploaded	The public and its problems	Dewey, John, 1859-1952
PG57689	Philosophy	uploaded	The Punishment of Children	Adler, Felix, 1851-1933
PG58179	Philosophy	uploaded	The Purpose of History	Woodbridge, Frederick James Eugene, 1867-1940
PG57071	Philosophy	uploaded	The Pursuit of Happiness: A Book of Studies and Strowings	Brinton, Daniel G. (Daniel Garrison), 1837-1899
PG12641	Fiction	uploaded	The Queen of the Air: Being a Study of the Greek Myths of Cloud and Storm	Ruskin, John, 1819-1900
PG4543	Economics	split	The Querist Containing Several Queries Proposed to the Consideration of the Public	Berkeley, George, 1685-1753
PG45422	Religion	deferred_repair	The quest of the historical Jesus	Schweitzer, Albert, 1875-1965; Montgomery, W. (William), 1871-1930 [Translator]
PG17246	Philosophy	pending	The Quest of the Simple Life	Dawson, W. J. (William James), 1854-1928
PG40458	Religion	uploaded	The Real Jesus of the Four Gospels	Atwater, John Birdseye, 1855-1921
PG44200	Philosophy	uploaded	The Reality of War: A Companion to Clausewitz	Murray, Stewart Lygon, 1863-1930; Atteridge, A. Hilliard (Andrew Hilliard), -1941 [Editor]
PG7995	Religion	split	The Reconciliation of Races and Religions	Cheyne, T. K. (Thomas Kelly), 1841-1915
PG57598	Drama	uploaded	The Red Light of Mars; or, A Day in the Life of the Devil A Philosophical Comedy	Bronson-Howard, George, 1884-1922
PG36762	Philosophy	uploaded	The Reform of Education	Gentile, Giovanni, 1875-1944; Croce, Benedetto, 1866-1952 [Author of introduction, etc.]; Bigongiari, Dino, 1879-1965 [Translator]
PG15199	Religion	uploaded	The Reformed Librarie-Keeper (1650)	Dury, John, 1596-1680
PG53477	Philosophy	uploaded	The Relation of Art to Nature	Beatty, John W. (John Wesley), 1851-1924
PG3117	Philosophy	uploaded	The Relation of Literature to Life	Warner, Charles Dudley, 1829-1900
PG17194	Religion	pending	The Relations Between Religion and Science Eight Lectures Preached Before the University of Oxford in the Year 1884	Temple, Frederick, 1821-1902
PG37370	Religion	uploaded	The Relations of Science and Religion The Morse Lecture, 1880	Calderwood, Henry, 1830-1897
PG72730	Religion	uploaded	The religion of Plutarch	Oakesmith, John
PG31490	Religion	uploaded	The Religion of Politics A Sermon Delivered Before His Excellency John Davis, Governor, His Honor George Hull, Lieutenant Governor, The Honorable Council, And The Legislature Of Massachusetts, At The Annual Election, January 5, 1842.	Gannett, Ezra S. (Ezra Stiles), 1801-1871
PG5173	Religion	split	The Religion of the Samurai A Study of Zen Philosophy and Discipline in China and Japan	Nukariya, Kaiten
PG30061	Psychology	uploaded	The Religious Sentiment Its Source and Aim: A Contribution to the Science and Philosophy of Religion	Brinton, Daniel G. (Daniel Garrison), 1837-1899
PG19568	Religion	uploaded	The Religious Situation	Smith, Goldwin, 1823-1910
PG13388	Religion	uploaded	The Religious Spirit of the Slavs Three Lectures Given in Lent, 1916	Velimirović, Nikolaj, 1880-1956
PG54406	Religion	uploaded	The Religious Thought of the Greeks, from Homer to the Triumph of Christianity	Moore, Clifford Herschel, 1866-1931
PG150	Philosophy	split	The Republic	Plato, 428? BCE-348? BCE; Jowett, Benjamin, 1817-1893 [Translator]
PG1497	Philosophy	split	The Republic	Plato, 428? BCE-348? BCE; Jowett, Benjamin, 1817-1893 [Translator]
PG54161	Philosophy	uploaded	The republic of Cicero Translated from the Latin; and Accompanied With a Critical and Historical Introduction.	Cicero, Marcus Tullius, 107 BCE-44 BCE; Featherstonhaugh, George William, 1780-1866 [Translator]
PG55201	Philosophy	deferred_repair	The Republic of Plato	Plato, 428? BCE-348? BCE; Jowett, Benjamin, 1817-1893 [Translator]
PG42968	Religion	uploaded	The Riddle of the Universe at the close of the nineteenth century	Haeckel, Ernst, 1834-1919; McCabe, Joseph, 1867-1955 [Translator]
PG25277	Philosophy	uploaded	The Right of American Slavery	Hoit, T. W. (True Worthy), 1815-
PG52984	Philosophy	uploaded	The right to be lazy, and other studies	Lafargue, Paul, 1842-1911; Kerr, Charles H., 1860-1944 [Translator]
PG34649	Philosophy	uploaded	The Right to Ignore the State	Spencer, Herbert, 1820-1903
PG46564	Philosophy	uploaded	The Rights of War and Peace	Grotius, Hugo, 1583-1645; Hill, David Jayne, 1850-1932 [Author of introduction, etc.]; Campbell, A. C. (Archibald Colin) [Translator]
PG59019	Philosophy	uploaded	The Road Away from Revolution	Wilson, Woodrow, 1856-1924
PG705	Fiction	split	The Roadmender	Fairless, Michael, 1869-1901
PG46830	Fiction	pending	The Roadmender	Fairless, Michael, 1869-1901; Taylor, Will F. [Illustrator]
PG3821	Philosophy	deferred_repair	The Roman and the Teuton A Series of Lectures delivered before the University of Cambridge	Kingsley, Charles, 1819-1875; Müller, F. Max (Friedrich Max), 1823-1900 [Editor]
PG29855	Religion	uploaded	The Rosicrucian Mysteries: An Elementary Exposition of Their Secret Teachings	Heindel, Max, 1865-1919
PG58058	Religion	uploaded	The Royal Exchange and the Palace of Industry; or, The Possible Future of Europe and the World	Binney, Thomas, 1798-1874
PG246	Poetry	uploaded	The Rubaiyat of Omar Khayyam	Omar Khayyam, 1048-1122; FitzGerald, Edward, 1809-1883 [Translator]
PG1397	Religion	split	The Ruins; Or, Meditation on the Revolutions of Empires and the Law of Nature	Volney, C.-F. (Constantin-François), 1757-1820
PG48759	Philosophy	uploaded	The Rural Magazine, and Literary Evening Fire-Side, Vol. 1 No. 05 (1820)	Various
PG53934	Religion	uploaded	The Sabbath and the Crystal Palace	Anonymous
PG62202	Religion	uploaded	The Sabbath, the Crystal Palace, and the People	Brown, James Baldwin, 1820-1884
PG55674	Fiction	deferred_repair	The Sacred Books and Early Literature of the East, Volume 6 (of 14) Medieval Arabic, Moorish, and Turkish	Horne, Charles F. (Charles Francis), 1870-1942 [Editor]
PG75644	Religion	deferred_repair	The sacred theory of the Earth, Volume 1 (of 2)	Burnet, Thomas, 1635?-1715
PG76101	Religion	deferred_repair	The sacred theory of the Earth, Volume 2 (of 2)	Burnet, Thomas, 1635?-1715
PG33889	Philosophy	uploaded	The Salvaging of Civilization	Wells, H. G. (Herbert George), 1866-1946
PG34125	Religion	uploaded	The Sarva-Darsana-Samgraha Or, Review of the Different Systems of Hindu Philosophy	Madhava, -1386; Cowell, Edward B. (Edward Byles), 1826-1903 [Translator]; Gough, Archibald Edward, 1845- [Translator]
PG24055	Religion	uploaded	The Sayings of Confucius	Confucius, 552 BCE-480 BCE; Lyall, Leonard Arthur, 1867- [Translator]
PG46389	Religion	uploaded	The Sayings of Confucius A New Translation of the Greater Part of the Confucian Analects	Confucius, 552 BCE-480 BCE; Giles, Lionel, 1875-1958 [Translator]
PG22914	Philosophy	deferred_repair	The Sceptical Chymist or Chymico-Physical Doubts & Paradoxes, Touching the Spagyrist's Principles Commonly call'd Hypostatical; As they are wont to be Propos'd and Defended by the Generality of Alchymists. Whereunto is præmis'd Part of another Discourse relating to the same Subject.	Boyle, Robert, 1627-1691
PG8193	Religion	split	The Sceptics of the Old Testament: Job - Koheleth - Agur	Dillon, Emile Joseph, 1855-1933
PG74376	Philosophy	uploaded	The school and society	Dewey, John, 1859-1952
PG53910	Psychology	uploaded	The School and Society Being three lectures	Dewey, John, 1859-1952
PG44388	Philosophy	uploaded	The Science and Philosophy of the Organism	Driesch, Hans, 1867-1941
PG75399	Philosophy	uploaded	The science of beauty, as developed in nature and applied in art	Hay, D. R. (David Ramsay), 1798-1866
PG50189	Philosophy	uploaded	The Scientific Basis of Morals, and Other Essays Viz.: Right and Wrong, The Ethics of Belief, The Ethics of Religion	Clifford, William Kingdon, 1845-1879
PG34771	Philosophy	uploaded	The Scientific Basis of National Progress, Including that of Morality	Gore, George, 1826-1909
PG64021	Religion	uploaded	The Scientific Spirit of the Age, and Other Pleas and Discussions	Cobbe, Frances Power, 1822-1904
PG42845	Philosophy	uploaded	The Sea (La Mer)	Michelet, Jules, 1798-1874
PG54254	Fiction	uploaded	The Search After Hapiness [sic]: A Tale	Brontë, Charlotte, 1816-1855 [Adapter]
PG254	Philosophy	uploaded	The Second Story of Meno A Continuation of Socrates' Dialogue with Meno in Which the Boy Proves Root 2 is Irrational	Unknown
PG54824	Religion	deferred_repair	The Secret Doctrine, Vol. 1 of 4 The Synthesis of Science, Religion, and Philosophy	Blavatsky, H. P. (Helena Petrovna), 1831-1891
PG54488	Fiction	deferred_repair	The Secret Doctrine, Vol. 2 of 4 The Synthesis of Science, Religion, and Philosophy	Blavatsky, H. P. (Helena Petrovna), 1831-1891
PG56880	Religion	deferred_repair	The Secret Doctrine, Vol. 3 of 4 The Synthesis of Science, Religion, and Philosophy	Blavatsky, H. P. (Helena Petrovna), 1831-1891
PG61626	Religion	deferred_repair	The Secret Doctrine, Vol. 4 of 4 The Synthesis of Science, Religion, and Philosophy	Blavatsky, H. P. (Helena Petrovna), 1831-1891
PG46084	Philosophy	uploaded	The Secret Life: Being the Book of a Heretic	Bisland, Elizabeth, 1861-1929
PG19237	Religion	uploaded	The Secret of Divine Civilization	ʻAbdu'l-Bahá, 1844-1921
PG13137	Psychology	uploaded	The Secret of Dreams	Raizizun, Yacki, 1892-1966
PG57668	Religion	uploaded	The Secret of Life, Death and Immortality A startling proposition, with a chapter devoted to mental therapeutics and instructions for self healing	Fleetwood, Henry
PG21610	Fiction	uploaded	The Secret of the Creation	Pollyen, Howard D.
PG57317	Poetry	uploaded	The Secrets of the Self (Asrar-i Khudi) — A Philosophical Poem	Iqbal, Muhammad, Sir, 1877-1938; Nicholson, Reynold Alleyne, 1868-1945 [Translator]
PG52660	Religion	uploaded	The Seekers	Sampter, Jessie E. (Jessie Ethel), 1883-1938; Royce, Josiah, 1855-1916 [Author of introduction, etc.]
PG58052	Religion	uploaded	The Self-Plumed Bishop Unplumed A Reply to the Profound Erudition of the Self-Named Hugh Latimer, in His Doctrine of Endless Punishment Asserted	Latham, Thomas
PG26842	Philosophy	uploaded	The Sense of Beauty: Being the Outlines of Aesthetic Theory	Santayana, George, 1863-1952
PG46078	Philosophy	uploaded	The Senses and the Mind	Anonymous
PG60951	Philosophy	uploaded	The Service	Thoreau, Henry David, 1817-1862
PG64882	Economics	uploaded	The Servile State	Belloc, Hilaire, 1870-1953
PG35898	Philosophy	uploaded	The Seven Lamps of Architecture	Ruskin, John, 1819-1900
PG16986	Religion	pending	The Seven Valleys and the Four Valleys	Bahá'u'lláh, 1817-1892
PG60219	Philosophy	uploaded	The Sexes in Science and History An inquiry into the dogma of woman's inferiority to man	Gamble, Eliza Burt, 1841-1920
PG60968	Psychology	uploaded	The Sexual Life of Our Time in Its Relations to Modern Civilization Translated from the Sixth German Edition	Bloch, Iwan, 1872-1922; Paul, Eden, 1865-1944 [Translator]
PG25304	Philosophy	uploaded	The Shadow On The Dial, and Other Essays 1909	Bierce, Ambrose, 1842-1914?; Howes, S. O. (Silas Orrin), 1867-1918 [Editor]
PG24315	Religion	uploaded	The Silesian Horseherd - Questions of the Hour	Müller, F. Max (Friedrich Max), 1823-1900
PG23092	Philosophy	uploaded	The Simple Life	Wagner, Charles, 1852-1918; Hendee, Mary Louise, 1859- [Translator]
PG59091	Religion	uploaded	The Sixth Sense: Its Cultivation and Use	Brent, Charles Henry, 1862-1929; Griggs, Edward Howard, 1868-1951 [Editor]
PG46333	Economics	uploaded	The social contract & discourses	Rousseau, Jean-Jacques, 1712-1778; Cole, G. D. H. (George Douglas Howard), 1889-1959 [Translator]
PG29912	Religion	uploaded	The Social Principles of Jesus	Rauschenbusch, Walter, 1861-1918
PG2388	Fiction	split	The Song Celestial; Or, Bhagavad-Gîtâ (from the Mahâbhârata) Being a discourse between Arjuna, Prince of India, and the Supreme Being under the form of Krishna	Arnold, Edwin, Sir, 1832-1904 [Translator]
PG10837	Philosophy	uploaded	The Soul of Democracy The Philosophy of the World War in Relation to Human Liberty	Griggs, Edward Howard, 1868-1951
PG1017	Philosophy	uploaded	The Soul of Man under Socialism	Wilde, Oscar, 1854-1900
PG1409	Philosophy	split	The Soul of the Far East	Lowell, Percival, 1855-1916
PG340	Religion	uploaded	The Soul of the Indian: An Interpretation	Eastman, Charles A., 1858-1939
PG33677	Religion	uploaded	The Sources of Religious Insight	Royce, Josiah, 1855-1916
PG43237	Religion	uploaded	The Spirit Land	Emmons, Samuel B. (Samuel Bulfinch)
PG40443	Religion	uploaded	The Spirit of God as Fire; the Globe Within the Sun Our Heaven	Mortimore, D.
PG33131	Philosophy	uploaded	The Spirit of Japan	Tagore, Rabindranath, 1861-1941
PG11068	Philosophy	uploaded	The Spirit of the Age; Or, Contemporary Portraits	Hazlitt, William, 1778-1830
PG42348	Philosophy	deferred_repair	The Spirit of the Links	Leach, Henry, 1874-
PG54260	Religion	uploaded	The Spiritual Guidance of Man and of Mankind	Steiner, Rudolf, 1861-1925; Collison, Harry, 1868-1945 [Editor]
PG1180	Philosophy	uploaded	The Sportsman: On Hunting, a Sportsman's Manual, Commonly Called Cynegeticus	Xenophon, 432 BCE-351? BCE; Dakyns, Henry Graham, 1838-1911 [Translator]
PG71785	Philosophy	uploaded	The steps of life: further essays on happiness	Hilty, Karl, 1833-1909; Peabody, Francis Greenwood, 1847-1936 [Author of introduction, etc.]; Brandow, Melvin, 1863- [Translator]
PG77777	Philosophy	pending	The Stoics, Epicureans and Sceptics	Zeller, Eduard, 1814-1908; Reichel, Oswald J. (Oswald Joseph), 1840-1923 [Translator]
PG30756	Philosophy	uploaded	The Stones of Venice, Volume 3 (of 3)	Ruskin, John, 1819-1900
PG41063	Philosophy	uploaded	The Storm. An Essay.	Defoe, Daniel, 1661?-1731
PG38590	Religion	uploaded	The Story of Anna Kingsford and Edward Maitland and of the new Gospel of Interpretation	Maitland, Edward, 1824-1897; Hart, Samuel Hopgood [Editor]
PG2317	Religion	split	The Story of My Heart: An Autobiography	Jefferies, Richard, 1848-1887
PG45483	Religion	uploaded	The Story of My Mind; Or, How I Became a Rationalist	Mangasarian, M. M. (Mangasar Mugurditch), 1859-1943
PG18462	Philosophy	uploaded	The Story of the Innumerable Company, and Other Sketches	Jordan, David Starr, 1851-1931
PG16487	Philosophy	split	The Story of the Living Machine A Review of the Conclusions of Modern Biology in Regard to the Mechanism Which Controls the Phenomena of Living Activity	Conn, H. W. (Herbert William), 1859-1917
PG16291	Fiction	uploaded	The Story of the Other Wise Man	Van Dyke, Henry, 1852-1933
PG75654	Philosophy	uploaded	The story of utopias	Mumford, Lewis, 1895-1990; Van Loon, Hendrik Willem, 1882-1944 [Author of introduction, etc.]
PG67403	Philosophy	uploaded	The Stuff of Manhood: Some Needed Notes in American Character	Speer, Robert E. (Robert Elliott), 1867-1947
PG27083	Philosophy	uploaded	The Subjection of Women	Mill, John Stuart, 1806-1873
PG50330	Religion	uploaded	The Substance of Faith Allied with Science (6th Ed.) A Catechism for Parents and Teachers	Lodge, Oliver, Sir, 1851-1940
PG50619	Poetry	uploaded	The Sufism of the Rubáiyát, or, the Secret of the Great Paradox	Omar Khayyam, 1048-1122; Hazeldine, Norton F. W., 1856- [Translator]
PG38511	Poetry	uploaded	The Sufistic Quatrains of Omar Khayyam	Omar Khayyam, 1048-1122; Heron-Allen, Edward, 1861-1943 [Commentator]; Arnot, Robert, 1860- [Editor]; FitzGerald, Edward, 1809-1883 [Translator]; Nicolas, J. B. (Jean Baptiste), 1814-1875 [Translator]; Whinfield, E. H. (Edward Henry), 1836-1922 [Translator]
PG35417	Philosophy	uploaded	The Super Race: An American Problem	Nearing, Scott, 1883-1983
PG46630	Religion	uploaded	The Supernatural in the New Testament, Possible, Credible, and Historical Or, An Examination of the Validity of Some Recent Objections Against Christianity as a Divine Revelation	Row, C. A. (Charles Adolphus), 1816-1896
PG62680	Religion	uploaded	The Superstition of Divorce	Chesterton, G. K. (Gilbert Keith), 1874-1936
PG34511	Philosophy	uploaded	The Supposed Autographa of John the Scot	Rand, Edward Kennard, 1871-1945
PG11937	Fiction	deferred_repair	The symbolism of Freemasonry	Mackey, Albert Gallatin, 1807-1881
PG25792	Religion	uploaded	The Sympathy of Religions	Higginson, Thomas Wentworth, 1823-1911
PG1181	Philosophy	uploaded	The Symposium	Xenophon, 432 BCE-351? BCE; Dakyns, Henry Graham, 1838-1911 [Translator]
PG8909	Psychology	deferred_repair	The System of Nature, or, the Laws of the Moral and Physical World. Volume 1	Holbach, Paul Henri Thiry, baron d', 1723-1789
PG8910	Psychology	deferred_repair	The System of Nature, or, the Laws of the Moral and Physical World. Volume 2	Holbach, Paul Henri Thiry, baron d', 1723-1789
PG43611	Fiction	uploaded	The Tables of the Law; & The Adoration of the Magi	Yeats, W. B. (William Butler), 1865-1939
PG216	Poetry	needs_review	The Tao Teh King, or the Tao and its Characteristics	Laozi; Legge, James, 1815-1897 [Translator]
PG7175	Poetry	uploaded	The Tattva-Muktavali	Gaudapurnanandacakravarti, active 17th century; Cowell, Edward B. (Edward Byles), 1826-1903 [Translator]
PG36774	Philosophy	uploaded	The Teacher: Essays and Addresses on Education	Palmer, George Herbert, 1842-1933; Palmer, Alice Freeman, 1855-1902
PG39855	Philosophy	uploaded	The Teaching of Epictetus Being the 'Encheiridion of Epictetus,' with Selections from the 'Dissertations' and 'Fragments'	Epictetus, 55-135; Rolleston, T. W. (Thomas William), 1857-1920 [Translator]
PG26861	Poetry	uploaded	The Temple of Nature; or, the Origin of Society: A Poem, with Philosophical Notes	Darwin, Erasmus, 1731-1802
PG52225	Fiction	uploaded	The Temptation of St. Anthony	Flaubert, Gustave, 1821-1880; Redon, Odilon, 1840-1916 [Illustrator]; Hearn, Lafcadio, 1850-1904 [Translator]
PG25053	Fiction	uploaded	The Temptation of St. Antony; Or, A Revelation of the Soul	Flaubert, Gustave, 1821-1880
PG46544	Religion	uploaded	The Theistic Conception of the World An Essay in Opposition to Certain Tendencies of Modern Thought	Cocker, B. F. (Benjamin Franklin), 1821-1883
PG22150	Religion	uploaded	The Theories of Darwin and Their Relation to Philosophy, Religion, and Morality	Schmid, Rudolf, 1828-1907; Zimmermann, G. A. (Gustav Adolf), 1850-1903 [Translator]
PG67363	Philosophy	deferred_repair	The Theory of Moral Sentiments Or, an Essay Towards an Analysis of the Principles by Which Men Naturally Judge Concerning the Conduct and Character, First of Their Neighbours, and Afterwards of Themselves. to Which Is Added, a Dissertation on the Origin of Languages.	Smith, Adam, 1723-1790
PG70272	Philosophy	uploaded	The theory of relativity and its influence on scientific thought	Eddington, Arthur Stanley, Sir, 1882-1944
PG64121	Religion	deferred_repair	The Theosophical Path Illustrated Monthly Volume 1, July-December, 1911	Tingley, Katherine Augusta Westcott, 1847-1929 [Editor]
PG58554	Religion	uploaded	The Thirteen Names of the First Patriarchs, Considered as Figurative of the Progressive Influence of the Spirit. Being the Substance of Two Sermons, Preached on Wednesday March 24, and April 3, 1811, at the Obelisk Chapel	Church, J. (John), 1780?-1825?
PG46921	Religion	deferred_repair	The Thoughts of Blaise Pascal	Pascal, Blaise, 1623-1662; Molinier, Auguste, 1851-1904 [Editor]; Paul, C. Kegan (Charles Kegan), 1828-1902 [Translator]
PG30326	Philosophy	uploaded	The Thread of Gold	Benson, Arthur Christopher, 1862-1925
PG57768	Philosophy	uploaded	The thread of life	Eulalia, Infanta of Spain, 1864-1958
PG50534	Religion	uploaded	The Three Impostors	Lucas, Jean Maximilien, -1697 [Dubious author]; Arpe, Peter Friedrich, 1682-1740 [Dubious author]; Aymon, Jean, 1661-1720? [Dubious author]; La Monnoye, Bernard de, 1641-1728 [Dubious author]; Rousset de Missy, Jean, 1686-1762 [Dubious author]; Vroese, Jan [Dubious author]
PG59257	Philosophy	uploaded	The Threefold Commonwealth	Steiner, Rudolf, 1861-1925; Bowen-Wedgwood, Ethel Kate, 1869-1952 [Translator]
PG48217	Religion	uploaded	The Treasure of the Humble	Maeterlinck, Maurice, 1862-1949; Sutro, Alfred, 1863-1933 [Translator]
PG39055	Religion	uploaded	The Trial of Henry Hetherington, on an Indictment for Blasphemy	Hetherington, H. (Henry), 1792-1849
PG6158	Philosophy	uploaded	The True Citizen: How to Become One	Markwick, William Fisher, 1848-1911; Smith, William Alexander, 1866-
PG6107	Religion	split	The Truth about Jesus : Is He a Myth?	Mangasarian, M. M. (Mangasar Mugurditch), 1859-1943
PG45068	Fiction	uploaded	The Truth About Jesus : Is He a Myth? Illustrated	Mangasarian, M. M. (Mangasar Mugurditch), 1859-1943
PG42460	Religion	uploaded	The Truth of Christianity Being an Examination of the More Important Arguments For and Against Believing in That Religion	Turton, W. H. (William Harry), 1856-1938
PG52263	Philosophy	uploaded	The Twilight of the Idols; or, How to Philosophize with the Hammer. The Antichrist Complete Works, Volume Sixteen	Nietzsche, Friedrich Wilhelm, 1844-1900; Levy, Oscar, 1867-1946 [Editor]; Ludovici, Anthony M. (Anthony Mario), 1882-1971 [Translator]
PG7291	Philosophy	uploaded	The Two Paths	Ruskin, John, 1819-1900
PG38380	Religion	uploaded	The Two Tests: The Supernatural Claims of Christianity Tried by Two of Its Own Rules	Lisle, Lionel
PG30900	Religion	uploaded	The Tyranny of God	Lewis, Joseph, 1889-1968
PG62961	Philosophy	uploaded	The Tyranny of Shams	McCabe, Joseph, 1867-1955
PG31844	Philosophy	uploaded	The Unconstitutionality of Slavery	Spooner, Lysander, 1808-1887
PG61547	Fiction	uploaded	The Undying Fire: A contemporary novel	Wells, H. G. (Herbert George), 1866-1946
PG58123	Philosophy	uploaded	The Unfinished Programme of Democracy	Roberts, Richard, 1874-1945
PG61363	Philosophy	uploaded	The Universal Kinship	Moore, J. Howard (John Howard), 1862-1916
PG455	Philosophy	split	The University of Hard Knocks	Parlette, Ralph Albert, 1870-1930
PG2033	Psychology	split	The Unknown Guest	Maeterlinck, Maurice, 1862-1949; Teixeira de Mattos, Alexander, 1865-1921 [Translator]
PG75232	Religion	uploaded	The unseen universe	Stewart, Balfour, 1828-1887; Tait, Peter Guthrie, 1831-1901
PG1486	Religion	deferred_repair	The Unseen World, and Other Essays	Fiske, John, 1842-1901
PG30683	Fiction	uploaded	The Unthinking Destroyer	Phillips, Rog, 1909-1965; Terry, W. E., 1921-1992 [Illustrator]
PG22108	Psychology	uploaded	The Untroubled Mind	Hall, Herbert J. (Herbert James), 1870-1923
PG71097	Philosophy	uploaded	The unwelcome child	Wright, Henry Clarke, 1797-1870
PG3283	Religion	uploaded	The Upanishads	Paramananda, Swami, 1884-1940 [Translator]
PG621	Psychology	deferred_repair	The Varieties of Religious Experience: A Study in Human Nature	James, William, 1842-1910
PG7297	Religion	deferred_repair	The Vedanta-Sutras with the Commentary by Ramanuja Sacred Books of the East, Volume 48	Thibaut, G. (George), 1848-1914 [Translator]; Ramanuja, 1017-1137 [Commentator]
PG16295	Religion	deferred_repair	The Vedanta-Sutras with the Commentary by Sankaracarya Sacred Books of the East, Volume 1	Thibaut, G. (George), 1848-1914 [Translator]; Sankaracarya [Commentator]
PG439	Religion	split	The Vital Message	Doyle, Arthur Conan, 1859-1930
PG46099	Religion	uploaded	The Vitality of "Mormonism": An Address	Talmage, James E. (James Edward), 1862-1933
PG33175	Philosophy	uploaded	The Voice and Spiritual Education	Corson, Hiram, 1828-1911
PG20361	Philosophy	uploaded	The Voice of the Machines An Introduction to the Twentieth Century	Lee, Gerald Stanley, 1862-1944
PG30231	Philosophy	uploaded	The Vote That Made the President	Field, David Dudley, 1805-1894
PG18650	Religion	uploaded	The War and the Churches	McCabe, Joseph, 1867-1955
PG41174	Religion	uploaded	The Wave of Scepticism and the Rock of Truth	Habershon, M. H. (Matthew Henry), 1821-
PG39986	Religion	uploaded	The Way of Initiation; or, How to Attain Knowledge of the Higher Worlds	Steiner, Rudolf, 1861-1925; Schuré, Edouard, 1841-1929 [Contributor]; Gysi, Max, 1874-1946 [Translator]
PG65157	Religion	uploaded	The Way of Martha and the Way of Mary	Graham, Stephen, 1884-1975
PG10740	Religion	uploaded	The Way of Peace	Allen, James, 1864-1912
PG44761	Religion	uploaded	The Way to Abolish Slavery	Stearns, Charles (Abolitionist)
PG18728	Fiction	uploaded	The Well of Saint Clare	France, Anatole, 1844-1924; Allinson, A. R. (Alfred Richard), 1852-1929 [Translator]
PG41954	Religion	uploaded	The Wheel of Fortune	Gandhi, Mahatma, 1869-1948; Thakura, Dvijendranatha, 1840-1926 [Commentator]
PG14834	Religion	split	The Whence and the Whither of Man A Brief History of His Origin and Development through Conformity to Environment; Being the Morse Lectures of 1895	Tyler, John M. (John Mason), 1851-1929
PG44016	Philosophy	uploaded	The White Spark A New Book, Giving Out a New Philosophy and the Mysteries of the Universe. The Handbook of the Millennium and the New Dispensation	Leach, Orville Livingston
PG26659	Religion	deferred_repair	The Will to Believe, and Other Essays in Popular Philosophy	James, William, 1842-1910
PG34198	Philosophy	uploaded	The will to doubt	Lloyd, Alfred H. (Alfred Henry), 1864-1927
PG52914	Philosophy	uploaded	The Will to Power: An Attempted Transvaluation of All Values. Book I and II	Nietzsche, Friedrich Wilhelm, 1844-1900; Levy, Oscar, 1867-1946 [Editor]; Ludovici, Anthony M. (Anthony Mario), 1882-1971 [Translator]
PG52915	Philosophy	uploaded	The Will to Power: An Attempted Transvaluation of All Values. Book III and IV	Nietzsche, Friedrich Wilhelm, 1844-1900; Levy, Oscar, 1867-1946 [Editor]; Ludovici, Anthony M. (Anthony Mario), 1882-1971 [Translator]
PG33815	Religion	uploaded	The Wisdom of Confucius with Critical and Biographical Sketches	Confucius, 552 BCE-480 BCE; Wilson, Epiphanius, 1845-1916 [Contributor]; Jennings, William, 1847-1927 [Translator]
PG60840	Philosophy	uploaded	The Woman Movement	Key, Ellen, 1849-1926; Ellis, Havelock, 1859-1939 [Author of introduction, etc.]; Borthwick, Mamah Bouton, 1869-1914 [Translator]
PG46652	Philosophy	uploaded	The Wonders of Life: A Popular Study of Biological Philosophy	Haeckel, Ernst, 1834-1919; McCabe, Joseph, 1867-1955 [Translator]
PG37293	Poetry	uploaded	The Works of "Fiona Macleod", Volume IV	Sharp, William, 1855-1905 [Editor]; Sharp, Elizabeth A. (Elizabeth Amelia), 1856-1932 [Editor]
PG12699	Philosophy	split	The Works of Aristotle the Famous Philosopher Containing his Complete Masterpiece and Family Physician; his Experienced Midwife, his Book of Problems and his Remarks on Physiognomy	Salmon, William [Adapter]
PG39746	Philosophy	deferred_repair	The Works of George Berkeley. Vol. 1 of 4: Philosophical Works, 1705-21	Berkeley, George, 1685-1753; Fraser, Alexander Campbell, 1819-1914 [Editor]
PG9599	Philosophy	deferred_repair	The Works of John Greenleaf Whittier, Volume VII, Complete The Conflict with Slavery, Politics and Reform, the Inner Life, and Criticism	Whittier, John Greenleaf, 1807-1892
PG6585	Fiction	split	The Works of Lucian of Samosata — Volume 02	Lucian, of Samosata, 120-180; Fowler, F. G. (Francis George), 1870-1918 [Translator]; Fowler, H. W. (Henry Watson), 1858-1933 [Translator]
PG6829	Philosophy	deferred_repair	The Works of Lucian of Samosata — Volume 03	Lucian, of Samosata, 120-180; Fowler, F. G. (Francis George), 1870-1918 [Translator]; Fowler, H. W. (Henry Watson), 1858-1933 [Translator]
PG52998	Fiction	deferred_repair	The works of Richard Hurd, volume 1 (of 8)	Hurd, Richard, 1720-1808
PG54514	Fiction	uploaded	The works of Richard Hurd, volume 3 (of 8)	Hurd, Richard, 1720-1808
PG54524	Fiction	uploaded	The works of Richard Hurd, volume 4 (of 8)	Hurd, Richard, 1720-1808
PG54539	Fiction	uploaded	The works of Richard Hurd, volume 5 (of 8)	Hurd, Richard, 1720-1808
PG38813	Religion	uploaded	The Works of Robert G. Ingersoll, Complete Contents Dresden Edition—Twelve Volumes	Ingersoll, Robert Green, 1833-1899; Widger, David, 1932-2021? [Editor]
PG38801	Religion	deferred_repair	The Works of Robert G. Ingersoll, Vol. 01 (of 12) Dresden Edition—Lectures	Ingersoll, Robert Green, 1833-1899
PG38802	Religion	deferred_repair	The Works of Robert G. Ingersoll, Vol. 02 (of 12) Dresden Edition—Lectures	Ingersoll, Robert Green, 1833-1899
PG38804	Religion	deferred_repair	The Works of Robert G. Ingersoll, Vol. 04 (of 12) Dresden Edition—Lectures	Ingersoll, Robert Green, 1833-1899
PG38805	Religion	deferred_repair	The Works of Robert G. Ingersoll, Vol. 05 (of 12) Dresden Edition—Discussions	Ingersoll, Robert Green, 1833-1899
PG38806	Religion	deferred_repair	The Works of Robert G. Ingersoll, Vol. 06 (of 12) Dresden Edition—Discussions	Ingersoll, Robert Green, 1833-1899
PG38807	Religion	deferred_repair	The Works of Robert G. Ingersoll, Vol. 07 (of 12) Dresden Edition—Discussions	Ingersoll, Robert Green, 1833-1899
PG38808	Religion	deferred_repair	The Works of Robert G. Ingersoll, Vol. 08 (of 12) Dresden Edition—Interviews	Ingersoll, Robert Green, 1833-1899
PG38811	Religion	uploaded	The Works of Robert G. Ingersoll, Vol. 11 (of 12) Dresden Edition—Miscellany	Ingersoll, Robert Green, 1833-1899
PG38812	Religion	deferred_repair	The Works of Robert G. Ingersoll, Vol. 12 (of 12) Dresden Edition—Miscellany	Ingersoll, Robert Green, 1833-1899
PG20447	Religion	deferred_repair	The Works of Robert G. Ingersoll, Volume VIII. Interviews	Ingersoll, Robert Green, 1833-1899
PG577	Philosophy	deferred_repair	The Works of Samuel Johnson, in Sixteen Volumes. Volume 04	Johnson, Samuel, 1709-1784
PG39960	Religion	uploaded	The Works of Sir Thomas Browne, Volume 1	Browne, Thomas, Sir, 1605-1682; Sayle, Charles, 1864-1924 [Editor]
PG39961	Fiction	deferred_repair	The Works of Sir Thomas Browne, Volume 2	Browne, Thomas, Sir, 1605-1682; Sayle, Charles, 1864-1924 [Editor]
PG39962	Religion	uploaded	The Works of Sir Thomas Browne, Volume 3	Browne, Thomas, Sir, 1605-1682; Sayle, Charles, 1864-1924 [Editor]
PG48664	Religion	deferred_repair	The Works of the Emperor Julian, Vol. 1	Julian, Emperor of Rome, 331-363; Wright, Wilmer Cave, 1868-1951 [Translator]
PG48768	Philosophy	deferred_repair	The Works of the Emperor Julian, Vol. 2	Julian, Emperor of Rome, 331-363; Wright, Wilmer Cave, 1868-1951 [Translator]
PG24238	Religion	deferred_repair	The Works of the Rev. Hugh Binning	Binning, Hugh, 1627-1653
PG15043	Philosophy	split	The Works of the Right Honourable Edmund Burke, Vol. 01 (of 12)	Burke, Edmund, 1729-1797
PG15198	Philosophy	deferred_repair	The Works of the Right Honourable Edmund Burke, Vol. 02 (of 12)	Burke, Edmund, 1729-1797
PG15700	Philosophy	deferred_repair	The Works of the Right Honourable Edmund Burke, Vol. 04 (of 12)	Burke, Edmund, 1729-1797
PG15702	Philosophy	split	The Works of the Right Honourable Edmund Burke, Vol. 06 (of 12)	Burke, Edmund, 1729-1797
PG49726	Philosophy	uploaded	The Works of Voltaire, Vol. IV of XLIII. Romances, Vol. III of III, and A Treatise on Toleration.	Voltaire, 1694-1778; Smollett, T. (Tobias), 1721-1771 [Annotator]; Leigh, Oliver Herbrand Gordon [Contributor]; Morley, John, 1838-1923 [Contributor]; Fleming, William F. [Translator]
PG38427	Philosophy	deferred_repair	The World as Will and Idea (Vol. 1 of 3)	Schopenhauer, Arthur, 1788-1860; Haldane, R. B. Haldane (Richard Burdon Haldane), Viscount, 1856-1928 [Translator]; Kemp, J. (John) [Translator]
PG40097	Philosophy	uploaded	The World as Will and Idea (Vol. 2 of 3)	Schopenhauer, Arthur, 1788-1860; Haldane, R. B. Haldane (Richard Burdon Haldane), Viscount, 1856-1928 [Translator]; Kemp, J. (John) [Translator]
PG40868	Philosophy	uploaded	The World as Will and Idea (Vol. 3 of 3)	Schopenhauer, Arthur, 1788-1860; Haldane, R. B. Haldane (Richard Burdon Haldane), Viscount, 1856-1928 [Translator]; Kemp, J. (John) [Translator]
PG8248	Religion	uploaded	The World English Bible (WEB): Ecclesiastes	Anonymous
PG8247	Religion	uploaded	The World English Bible (WEB): Proverbs	Anonymous
PG20435	Philosophy	uploaded	The World in Chains: Some Aspects of War and Trade	Mavrogordato, John
PG19298	Religion	uploaded	The World Order of Bahá'u'lláh	Shoghi, Effendi, 1897-1957
PG13620	Religion	split	The World's Greatest Books — Volume 13 — Religion and Philosophy	Mee, Arthur, 1875-1943 [Editor]; Hammerton, J. A. (John Alexander), 1871-1949 [Editor]
PG25009	Economics	deferred_repair	The World's Greatest Books — Volume 14 — Philosophy and Economics	Mee, Arthur, 1875-1943 [Editor]; Hammerton, J. A. (John Alexander), 1871-1949 [Editor]
PG62162	Religion	uploaded	The Worth of the Soul No. 179	Religious Tract Society (Great Britain)
PG71937	Religion	deferred_repair	The writings of Clement of Alexandria, Vol. 1 (of 2)	Clement, of Alexandria, Saint, 150?-215?; Wilson, William, 1828-1875 [Translator]
PG73020	Religion	deferred_repair	The writings of Clement of Alexandria, Vol. 2 (of 2)	Clement, of Alexandria, Saint, 150?-215?; Wilson, William, 1828-1875 [Translator]
PG70561	Religion	deferred_repair	The writings of Origen, Vol. 1 (of 2)	Origen, 185?-254?; Africanus, Sextus Julius, 180?-250? [Contributor]; Crombie, Frederick, 1827-1889 [Translator]
PG70693	Religion	deferred_repair	The writings of Origen, Vol. 2 (of 2)	Origen, 185?-254?; Cairns, W. H., -1872 [Translator]; Crombie, Frederick, 1827-1889 [Translator]
PG56035	Philosophy	deferred_repair	The Writings of Thomas Jefferson, Vol. 7 (of 9) Being His Autobiography, Correspondence, Reports, Messages, Addresses, and Other Writings, Official and Private	Jefferson, Thomas, 1743-1826; Washington, H. A. (Henry Augustine), 1820-1858 [Editor]
PG3742	Philosophy	split	The Writings of Thomas Paine — Volume 2 (1779-1792): The Rights of Man	Paine, Thomas, 1737-1809; Conway, Moncure Daniel, 1832-1907 [Editor]
PG3743	Religion	split	The Writings of Thomas Paine — Volume 4 (1794-1796): The Age of Reason	Paine, Thomas, 1737-1809; Conway, Moncure Daniel, 1832-1907 [Editor]
PG66487	Philosophy	uploaded	The year of jubilee; but not to Africans a discourse, delivered July 4th, 1825, being the 49th anniversary of American independence	Prime, Nathaniel S. (Nathaniel Scudder), 1785-1856
PG2526	Religion	split	The Yoga Sutras of Patanjali: The Book of the Spiritual Man	Patañjali; Johnston, Charles, 1867-1931 [Editor]
PG71248	Religion	deferred_repair	The Yoga-Vasishtha Maharamayana of Valmiki, Vol 4 (of 4), Part 1 (of 2)	Valmiki; Mitra, Viharilala [Translator]
PG71326	Religion	deferred_repair	The Yoga-Vasishtha Maharamayana of Valmiki, Vol. 1 (of 4)	Valmiki; Mitra, Viharilala [Translator]
PG71063	Fiction	deferred_repair	The Yoga-Vasishtha Maharamayana of Valmiki, Vol. 2 (of 4), Part 1 (of 2)	Valmiki; Mitra, Viharilala [Translator]
PG71064	Fiction	deferred_repair	The Yoga-Vasishtha Maharamayana of Valmiki, Vol. 2 (of 4), Part 2 (of 2)	Valmiki; Mitra, Viharilala [Translator]
PG71095	Religion	uploaded	The Yoga-Vasishtha Maharamayana of Valmiki, Vol. 3 (of 4), Part 1 (of 2)	Valmiki; Mitra, Viharilala [Translator]
PG46531	Fiction	uploaded	The Yoga-Vasishtha Maharamayana of Valmiki, Vol. 3 (of 4), Part 2 (of 2)	Valmiki; Mitra, Viharilala [Translator]
PG71249	Fiction	uploaded	The Yoga-Vasishtha Maharamayana of Valmiki, Vol. 4 (of 4), Part 2 (of 2)	Valmiki; Mitra, Viharilala [Translator]
PG34325	Religion	uploaded	The Zen Experience	Hoover, Thomas, 1941-
PG1726	Philosophy	uploaded	Theaetetus	Plato, 428? BCE-348? BCE; Jowett, Benjamin, 1817-1893 [Translator]
PG6105	Fiction	uploaded	Their Yesterdays	Wright, Harold Bell, 1872-1944
PG57773	Religion	uploaded	Theism and Humanism Being the Gifford Lectures Delivered at the University of Glasgow, 1914	Balfour, Arthur James, 1848-1930
PG25291	Religion	uploaded	Theism or Atheism: The Great Alternative	Cohen, Chapman, 1868-1954
PG45850	Religion	deferred_repair	Theism; being the Baird Lecture of 1876	Flint, Robert, 1838-1910
PG17147	Religion	deferred_repair	Theodicy Essays on the Goodness of God, the Freedom of Man and the Origin of Evil	Leibniz, Gottfried Wilhelm, Freiherr von, 1646-1716; Farrer, Austin, 1904-1968 [Commentator]; Huggard, E. M. [Translator]
PG39266	Religion	uploaded	Theological Essays	Bradlaugh, Charles, 1833-1891
PG6123	Religion	split	Theological Essays and Other Papers — Volume 1	De Quincey, Thomas, 1785-1859
PG989	Religion	split	Theologico-Political Treatise — Part 1	Spinoza, Benedictus de, 1632-1677; Elwes, R. H. M. (Robert Harvey Monro), 1853- [Translator]
PG990	Religion	split	Theologico-Political Treatise — Part 2	Spinoza, Benedictus de, 1632-1677; Elwes, R. H. M. (Robert Harvey Monro), 1853- [Translator]
PG37531	Religion	uploaded	Theology and the Social Consciousness A Study of the Relations of the Social Consciousness to Theology (2nd ed.)	King, Henry Churchill, 1858-1934
PG43062	Philosophy	uploaded	Theoretical Ethics	Valentine, M. (Milton), 1825-1906
PG54642	Philosophy	uploaded	Theory & History of Historiography	Croce, Benedetto, 1866-1952; Ainslie, Douglas, 1865-1948 [Translator]
PG55940	Religion	uploaded	Theosophy and Life's Deeper Problems Being the Four Convention Lectures Delivered in Bombay at the Fortieth Anniversary of the Theosophical Society, December, 1915	Besant, Annie, 1847-1933
PG39212	Religion	uploaded	There is No Death	Marryat, Florence, 1833-1899
PG54703	Philosophy	deferred_repair	Things to be Remembered in Daily Life With Personal Experiences and Recollections	Timbs, John, 1801-1875
PG57243	Philosophy	uploaded	Thinking as a Science	Hazlitt, Henry, 1894-1993
PG59710	Philosophy	uploaded	Thirty Letters on Various Subjects, Vol. 1 (of 2)	Jackson, William, 1730-1803
PG59711	Philosophy	uploaded	Thirty Letters on Various Subjects, Vol. 2 (of 2)	Jackson, William, 1730-1803
PG34544	Fiction	uploaded	This is not a story	Diderot, Denis, 1713-1784; Phalen, Peter [Translator]
PG53516	Philosophy	uploaded	This Misery of Boots	Wells, H. G. (Herbert George), 1866-1946
PG6882	Fiction	needs_review	This Simian World	Day, Clarence, 1874-1935
PG26260	Philosophy	uploaded	This Simian World	Day, Clarence, 1874-1935
PG65731	Philosophy	uploaded	This Troubled World	Roosevelt, Eleanor, 1884-1962
PG32626	Philosophy	uploaded	Thomas Carlyle	Macpherson, Hector, 1851-1924
PG5171	Philosophy	uploaded	Thomas Hariot, the Mathematician, the Philosopher and the Scholar	Stevens, Henry, 1819-1886
PG60399	Philosophy	uploaded	Thomas Reid	Fraser, Alexander Campbell, 1819-1914
PG16269	Religion	uploaded	Thought-Forms	Besant, Annie, 1847-1933; Leadbeater, C. W. (Charles Webster), 1854-1934
PG18392	Religion	uploaded	Thoughts I Met on the Highway: Words of Friendly Cheer From "The Life Books	Trine, Ralph Waldo, 1866-1958
PG6920	Philosophy	split	Thoughts of Marcus Aurelius	Marcus Aurelius, Emperor of Rome, 121-180; Long, George, 1800-1879 [Translator]
PG15877	Philosophy	uploaded	Thoughts of Marcus Aurelius Antoninus	Marcus Aurelius, Emperor of Rome, 121-180; Long, George, 1800-1879 [Translator]
PG63294	Religion	uploaded	Thoughts of Saint Thérèse of the Child Jesus	Thérèse, de Lisieux, Saint, 1873-1897
PG72720	Religion	uploaded	Thoughts of the servant of God, Thérèse of the Child Jesus	Thérèse, de Lisieux, Saint, 1873-1897
PG28256	Religion	uploaded	Thoughts on a Revelation	Jerram, S. J. (Samuel John)
PG31178	Philosophy	uploaded	Thoughts on African Colonization	Garrison, William Lloyd, 1805-1879
PG29904	Philosophy	uploaded	Thoughts on Art and Life	Leonardo, da Vinci, 1452-1519; Einstein, Lewis, 1877-1967 [Editor]; Baring, Maurice, 1874-1945 [Translator]
PG45122	Religion	uploaded	Thoughts on Life and Religion An Aftermath from the Writings of The Right Honourable Professor Max Müller	Müller, F. Max (Friedrich Max), 1823-1900; G. A. M. (Georgina Adelaide Müller) [Editor]
PG743	Psychology	deferred_repair	Thoughts on Man, His Nature, Productions and Discoveries Interspersed with Some Particulars Respecting the Author	Godwin, William, 1756-1836
PG16942	Religion	split	Thoughts on Religion	Romanes, George John, 1848-1894; Gore, Charles, 1853-1932 [Editor]
PG40983	Religion	uploaded	Thoughts on the Christian Religion, by a Deist To Which Are Added, a Few Ideas on Miraculous Conversion, and Religion in General, by a Theophilanthropist	Anonymous
PG67466	Philosophy	uploaded	Thoughts on the Education of Daughters With Reflections on Female Conduct, in the More Important Duties of Life	Wollstonecraft, Mary, 1759-1797
PG73958	Economics	deferred_repair	Thoughts on the mechanism of societies	Casaux, Charles, marquis de, 1727-1796; Macmahon, Joseph Parkyns [Translator]
PG10386	Philosophy	uploaded	Thoughts on the Necessity of Improving the Condition of the Slaves in the British Colonies With a View to Their Ultimate Emancipation; and on the Practicability, the Safety, and the Advantages of the Latter Measure.	Clarkson, Thomas, 1760-1846
PG5652	Philosophy	uploaded	Thoughts out of Season, Part I	Nietzsche, Friedrich Wilhelm, 1844-1900; Ludovici, Anthony M. (Anthony Mario), 1882-1971 [Translator]
PG51710	Philosophy	uploaded	Thoughts out of Season, Part I David Strauss, the Confessor and the Writer - Richard Wagner in Bayreuth.	Nietzsche, Friedrich Wilhelm, 1844-1900; Levy, Oscar, 1867-1946 [Editor]; Ludovici, Anthony M. (Anthony Mario), 1882-1971 [Translator]
PG38226	Philosophy	uploaded	Thoughts Out of Season, Part II	Nietzsche, Friedrich Wilhelm, 1844-1900; Collins, Adrian [Translator]
PG68144	Religion	uploaded	Thoughts upon slavery	Wesley, John, 1703-1791
PG69627	Philosophy	uploaded	Thoughts: Selected from the writings of favorite authors	Freeman, Jessie K. [Compiler]; Yule, Sarah S. B. [Compiler]; Fabiola hospital association, Oakland, Calif.
PG74315	Philosophy	uploaded	Thrasymachus	Joad, C. E. M. (Cyril Edwin Mitchinson), 1891-1953
PG4724	Philosophy	uploaded	Three Dialogues Between Hylas and Philonous in Opposition to Sceptics and Atheists	Berkeley, George, 1685-1753
PG19872	Philosophy	uploaded	Three French Moralists and The Gallantry of France	Gosse, Edmund, 1849-1928
PG35612	Poetry	uploaded	Three Philosophical Poets: Lucretius, Dante, and Goethe	Santayana, George, 1863-1952
PG32422	Religion	uploaded	Three Prize Essays on American Slavery	Thurston, R. B. (Richard Bowers), 1819-1895; Baldwin, A. C. (Abraham Chittenden), 1804-1887; Williston, Timothy, -1893
PG25215	Philosophy	uploaded	Three Things	Glyn, Elinor, 1864-1943
PG14418	Economics	split	Thrift	Smiles, Samuel, 1812-1904
PG34716	Religion	uploaded	Through Nature to God	Fiske, John, 1842-1901
PG1998	Philosophy	split	Thus Spake Zarathustra: A Book for All and None	Nietzsche, Friedrich Wilhelm, 1844-1900; Common, Thomas, 1850-1919 [Translator]
PG1572	Philosophy	uploaded	Timaeus	Plato, 428? BCE-348? BCE; Jowett, Benjamin, 1817-1893 [Translator]
PG54546	Philosophy	uploaded	Time and Clocks: A Description of Ancient and Modern Methods of Measuring Time	Cunynghame, Henry H. (Henry Hardinge), Sir, 1848-1935
PG56852	Philosophy	uploaded	Time and Free Will: An Essay on the Immediate Data of Consciousness	Bergson, Henri, 1859-1941; Pogson, Frank Lubecki, -1910 [Translator]
PG44838	Philosophy	uploaded	Time and Its Measurement	Arthur, James, 1842-1930
PG31196	Philosophy	uploaded	Time and Tide by Weare and Tyne Twenty-five Letters to a Working Man of Sunderland on the Laws of Work	Ruskin, John, 1819-1900
PG45883	Philosophy	uploaded	Time and Time-Tellers	Benson, James W., active 1857-1887
PG74798	Philosophy	uploaded	Tolerance	Van Loon, Hendrik Willem, 1882-1944
PG64858	Religion	uploaded	Toleration and other essays	Voltaire, 1694-1778; McCabe, Joseph, 1867-1955 [Translator]
PG66544	Economics	uploaded	Tolstoy's interpretation of money and property	Stanoyevich, Milivoy S. (Milivoy Stoyan), 1882-1973
PG7736	Philosophy	uploaded	Tomlinsoniana	Lytton, Edward Bulwer Lytton, Baron, 1803-1873
PG10642	Religion	uploaded	Towards the Great Peace	Cram, Ralph Adams, 1863-1942
PG11536	Religion	uploaded	Town and Country Sermons	Kingsley, Charles, 1819-1875
PG13569	Philosophy	uploaded	Tractus de Hermaphrodites; Or, A Treatise of Hermaphrodites	Jacob, Giles, 1686-1744
PG47127	Fiction	deferred_repair	Tradition, Principally with Reference to Mythology and the Law of Nations	Arundell of Wardour, John Francis Arundell, Baron, 1831-1906
PG14636	Philosophy	uploaded	Tragic Sense Of Life	Unamuno, Miguel de, 1864-1936; Flitch, J. E. Crawford (John Ernest Crawford), 1881-1946 [Translator]
PG38907	Philosophy	deferred_repair	Transcendentalism in New England: A History	Frothingham, Octavius Brooks, 1822-1895
PG64024	Poetry	uploaded	Translations from Lucretius	Lucretius Carus, Titus, 95? BCE-50? BCE; Trevelyan, R. C. (Robert Calverley), 1872-1951 [Translator]
PG908	Philosophy	uploaded	Treatise on Parents and Children	Shaw, Bernard, 1856-1950
PG2808	Philosophy	uploaded	Treatises on Friendship and Old Age	Cicero, Marcus Tullius, 107 BCE-44 BCE; Shuckburgh, Evelyn S. (Evelyn Shirley), 1843-1906 [Translator]
PG38103	Religion	uploaded	Trial of C. B. Reynolds For Blasphemy, at Morristown, N. J., May 1887: Defence	Ingersoll, Robert Green, 1833-1899; Baker, I. N. (Isaac Newton), 1838-1923 [Transcriber]
PG5608	Religion	uploaded	Trial of the Witnesses of the Resurrection of Jesus	Sherlock, Thomas, 1678-1761
PG54899	Philosophy	deferred_repair	Trials of war criminals before the Nuernberg military tribunals under control council law no. 10, volume I	Various
PG54905	Philosophy	deferred_repair	Trials of war criminals before the Nuernberg military tribunals under control council law no. 10, volume II	Various
PG34736	Religion	uploaded	True Christianity A Treatise on Sincere Repentence, True Faith, the Holy Walk of the True Christian, Etc.	Arndt, Johann, 1555-1621; Schaeffer, Charles Frederick, 1807-1879 [Editor]; Böhm, Anton Wilhelm, 1673-1722 [Translator]
PG52534	Religion	uploaded	True Manliness From the Writings of Thomas Hughes	Hughes, Thomas, 1822-1896; Lowell, James Russell, 1819-1891 [Author of introduction, etc.]; Brown, E. E. (Emma Elizabeth), 1847- [Compiler]
PG3009	Poetry	uploaded	Truth and the Myth: Couplet Quips	Narayanan, A. R.
PG30392	Philosophy	uploaded	Twelve Causes of Dishonesty	Beecher, Henry Ward, 1813-1887
PG17122	Religion	pending	Twenty-Four Short Sermons On The Doctrine Of Universal Salvation	Dods, John Bovee, 1795-1872
PG14500	Drama	uploaded	Two Dyaloges (c. 1549) Wrytten in laten by the famous clerke, D. Erasm[us] of Roterodame, one called Polyphemus or the gospeller, the other dysposyng of thynges and names, translated in to Englyshe by Edmonde Becke.	Erasmus, Desiderius, 1469-1536
PG16996	Religion	pending	Two old faiths	Mitchell, J. Murray (John Murray), 1815-1904; Muir, William, Sir, 1819-1905
PG57970	Philosophy	uploaded	Two Tracts on Civil Liberty, the War with America, and the Debts and Finances of the Kingdom With a General Introduction and Supplement	Price, Richard, 1723-1791
PG6605	Psychology	split	Unconscious Memory	Butler, Samuel, 1835-1902
PG16591	Religion	uploaded	Unity of Good	Eddy, Mary Baker, 1821-1910
PG56761	Religion	uploaded	Universal Brotherhood, Volume XIII, No. 10, January 1899 A Magazine Devoted to the Brotherhood of Humanity, the Theosophical Movement, Philosophy, Science and Art	Various; Neresheimer, E. August [Editor]; Tingley, Katherine Augusta Westcott, 1847-1929 [Editor]
PG57855	Philosophy	uploaded	Universal Brotherhood, Volume XIII, No. 11, February 1899 A Magazine Devoted to the Brotherhood of Humanity, the Theosophical Movement, Philosophy, Science and Art	Various; Neresheimer, E. August [Editor]; Tingley, Katherine Augusta Westcott, 1847-1929 [Editor]
PG69445	Philosophy	uploaded	Universal peace—from a woman's standpoint	Suttner, Bertha von, 1843-1914
PG58460	Philosophy	uploaded	Use of the Dead to the Living	Smith, Southwood, 1788-1861
PG21623	Economics	uploaded	Usury A Scriptural, Ethical and Economic View	Elliott, Calvin
PG62459	Economics	uploaded	Usury; Or, Interest, Premium and Discount	Crittenden, S. H. (Salmon Hodges), 1829-1864
PG11224	Philosophy	split	Utilitarianism	Mill, John Stuart, 1806-1873
PG2130	Philosophy	uploaded	Utopia	More, Thomas, Saint, 1478-1535; Morley, Henry, 1822-1894 [Editor]
PG64622	Religion	uploaded	Vajra-chhediká, the "Kin Kong King," or Diamond Sútra	Unknown; Beal, Samuel, 1825-1889 [Translator]; Kumarajiva, -412? [Translator]
PG3290	Religion	uploaded	Valerius Terminus: Of the Interpretation of Nature	Bacon, Francis, 1561-1626; Ellis, Robert Leslie, 1817-1859 [Annotator]
PG46380	Philosophy	uploaded	Vanishing Landmarks: The Trend Toward Bolshevism	Shaw, Leslie M. (Leslie Mortier), 1848-1932
PG59680	Philosophy	uploaded	Venus. To the Venus of Melos	Rodin, Auguste, 1840-1917; Dudley, Dorothy, 1884-1962 [Translator]
PG33637	Religion	uploaded	Victory out of Ruin	Maclean, Norman, 1869-1952
PG32033	Philosophy	uploaded	Vivisection	Leffingwell, Albert, 1845-1916
PG18569	Philosophy	uploaded	Voltaire's Philosophical Dictionary	Voltaire, 1694-1778
PG39124	Philosophy	uploaded	Voltaire: A Sketch of His Life and Works	Wheeler, J. M. (Joseph Mazzini), 1850-1898; Foote, G. W. (George William), 1850-1915
PG205	Philosophy	needs_review	Walden, and On The Duty Of Civil Disobedience	Thoreau, Henry David, 1817-1862
PG25037	Fiction	uploaded	War and the Weird	Phillips, Forbes, 1866-1917; Hopkins, R. Thurston (Robert Thurston), 1884-1958
PG35883	Religion	uploaded	War Inconsistent with the Religion of Jesus Christ	Dodge, David Low, 1774-1852; Mead, Edwin D. (Edwin Doak), 1849-1937 [Author of introduction, etc.]
PG58266	Philosophy	deferred_repair	War—What For?	Kirkpatrick, George R. (George Ross), 1867-1937
PG30429	Religion	uploaded	Was Man Created?	Mott, Henry A. (Henry Augustus), 1852-1896
PG40978	Religion	uploaded	Watson Refuted Being an Answer to the Apology for the Bible, in a Series of Letters to the Bishop Of Llandaff	Francis, Samuel W. (Samuel Ward), 1835-1886
PG53261	Philosophy	uploaded	We Moderns: Enigmas and Guesses	Muir, Edwin, 1887-1959; Mencken, H. L. (Henry Louis), 1880-1956 [Editor]
PG18267	Philosophy	uploaded	We Philologists Complete Works of Friedrich Nietzsche, Volume 8	Nietzsche, Friedrich Wilhelm, 1844-1900; Levy, Oscar, 1867-1946 [Editor]; Kennedy, J. M. (John McFarland) [Translator]
PG18369	Religion	uploaded	Westminster Sermons with a Preface	Kingsley, Charles, 1819-1875
PG14312	Religion	split	What All The World's A-Seeking The Vital Law of True Life, True Greatness Power and Happiness	Trine, Ralph Waldo, 1866-1958
PG36572	Religion	uploaded	What and Where is God? A Human Answer to the Deep Religious Cry of the Modern Soul	Swain, Richard La Rue, 1860-
PG55354	Philosophy	uploaded	What Does History Teach? Two Edinburgh Lectures	Blackie, John Stuart, 1809-1895
PG59132	Philosophy	uploaded	What Have the Greeks Done for Modern Civilisation?	Mahaffy, J. P. (John Pentland), 1839-1919
PG73782	Philosophy	uploaded	What I believe	Russell, Bertrand, 1872-1970
PG20555	Philosophy	uploaded	What Is and What Might Be A Study of Education in General and Elementary Education in Particular	Holmes, Edmond, 1850-1936
PG64908	Philosophy	uploaded	What Is Art?	Tolstoy, Leo, graf, 1828-1910; Maude, Aylmer, 1858-1938 [Translator]
PG45481	Religion	uploaded	What Is Christian Science?	Mangasarian, M. M. (Mangasar Mugurditch), 1859-1943
PG19192	Religion	uploaded	What is Darwinism?	Hodge, Charles, 1797-1878
PG70	Philosophy	needs_review	What Is Man? and Other Essays	Twain, Mark, 1835-1910
PG360	Economics	split	What is Property? An Inquiry into the Principle of Right and of Government	Proudhon, P.-J. (Pierre-Joseph), 1809-1865
PG76483	Religion	uploaded	What is truth?	Wattles, W. D. (Wallace Delois), 1860-1911
PG53622	Philosophy	deferred_repair	What Nietzsche Taught	Wright, Willard Huntington, 1888-1939
PG53532	Religion	uploaded	What the White Race May Learn from the Indian	James, George Wharton, 1858-1923
PG3541	Philosophy	split	What to Do? Thoughts Evoked By the Census of Moscow	Tolstoy, Leo, graf, 1828-1910; Hapgood, Isabel Florence, 1850-1928 [Translator]
PG3630	Philosophy	split	What to Do? Thoughts Evoked by the Census of Moscow	Tolstoy, Leo, graf, 1828-1910; Hapgood, Isabel Florence, 1850-1928 [Translator]
PG45293	Religion	uploaded	What Was the Religion of Shakespeare?	Mangasarian, M. M. (Mangasar Mugurditch), 1859-1943
PG1717	Philosophy	uploaded	What's Wrong with the World	Chesterton, G. K. (Gilbert Keith), 1874-1936
PG5078	Psychology	uploaded	When a Man Comes to Himself	Wilson, Woodrow, 1856-1924
PG36267	Religion	uploaded	When Were Our Gospels Written?	Bradlaugh, Charles, 1833-1891
PG4611	Psychology	uploaded	Where No Fear Was: A Book About Fear	Benson, Arthur Christopher, 1862-1925
PG52245	Religion	uploaded	Where Science and Religion Meet	Palmer, William Scott, 1848-
PG65970	Philosophy	uploaded	Which Shall Live—Men or Animals?	Baynes, Ernest Harold, 1868-1925
PG75631	Religion	uploaded	Whither?	Anonymous
PG64385	Philosophy	uploaded	Why Authors Go Wrong, and Other Explanations	Overton, Grant M. (Grant Martin), 1887-1930
PG61396	Philosophy	uploaded	Why I Am a Vegetarian An Address Delivered Before the Chicago Vegetarian Society	Moore, J. Howard (John Howard), 1862-1916
PG37246	Economics	uploaded	Why I am opposed to socialism	Silvin, Edward, 1877- [Compiler]
PG46786	Philosophy	uploaded	Why I Believe in Poverty as the Richest Experience That Can Come to a Boy	Bok, Edward William, 1863-1930
PG55610	Philosophy	uploaded	Why Men Fight: A method of abolishing the international duel	Russell, Bertrand, 1872-1970
PG66855	Psychology	uploaded	Why We Love Music	Seashore, Carl E. (Carl Emil), 1866-1949
PG3749	Philosophy	uploaded	Widger's Quotations from Project Gutenberg Edition of The Confessions of Jean Jacques Rousseau	Rousseau, Jean-Jacques, 1712-1778; Widger, David, 1932-2021? [Editor]
PG3661	Philosophy	uploaded	Widger's Quotations from the Project Gutenberg Editions of the Works of Montaigne	Montaigne, Michel de, 1533-1592; Widger, David, 1932-2021? [Editor]
PG7584	Philosophy	uploaded	Widger's Quotes and Images from An Attic Philosopher in Paris by Émile Souvestre The French Immortals: Quotes and Images	Souvestre, Émile, 1806-1854; Widger, David, 1932-2021? [Editor]
PG7580	Philosophy	uploaded	Widger's Quotes and Images from Conscience by Hector Malot The French Immortals: Quotes and Images	Malot, Hector, 1830-1907; Widger, David, 1932-2021? [Editor]
PG7570	Philosophy	uploaded	Widger's Quotes and Images from Cosmopolis by Paul Bourget The French Immortals: Quotes And Images	Bourget, Paul, 1852-1935; Widger, David, 1932-2021? [Editor]
PG7581	Philosophy	uploaded	Widger's Quotes and Images from Zibeline by Phillipe de Massa The French Immortals: Quotes and Images	Massa, Philippe, marquis de, 1831-1911; Widger, David, 1932-2021? [Editor]
PG4066	Philosophy	uploaded	Wild Apples	Thoreau, Henry David, 1817-1862
PG17771	Philosophy	uploaded	Winds Of Doctrine: Studies in Contemporary Opinion	Santayana, George, 1863-1952
PG4349	Philosophy	uploaded	Wisdom and Destiny	Maeterlinck, Maurice, 1862-1949; Sutro, Alfred, 1863-1933 [Translator]
PG16065	Philosophy	uploaded	Wise or Otherwise	Leavitt, Lydia; Leavitt, Thad. W. H. (Thaddeus William Henry), 1844?-1909
PG7224	Religion	split	Within You is the Power	Hamblin, Henry Thomas, 1873-1958
PG6304	Philosophy	split	Without Prejudice	Zangwill, Israel, 1864-1926
PG71805	Philosophy	uploaded	Woman	Ludovici, Anthony M. (Anthony Mario), 1882-1971
PG47244	Philosophy	uploaded	Woman and Socialism	Bebel, August, 1840-1913; Lilienthal, Meta Stern, 1876-1948 [Translator]
PG8660	Philosophy	split	Woman and the New Race	Sanger, Margaret, 1879-1966
PG76398	Philosophy	uploaded	Women: an inquiry	Muir, Willa, 1890-1970
PG45843	Religion	deferred_repair	Writings in Connection with the Donatist Controversy	Augustine, of Hippo, Saint, 354-430; Dods, Marcus, 1834-1909 [Editor]; King, John R. (John Richard), 1835-1907 [Translator]
PG74250	Religion	uploaded	Yoga as philosophy and religion	Dasgupta, Surendranath, 1885-1952
PG64295	Religion	uploaded	Young Men; In Business	Guest, William, 1818-1891; Wells, J. D.
PG33156	Poetry	deferred_repair	Young's Night Thoughts With Life, Critical Dissertation and Explanatory Notes	Young, Edward, 1683-1765; Gilfillan, George, 1813-1878 [Editor]
PG8148	Fiction	uploaded	Youth and Egolatry	Baroja, Pío, 1872-1956; Mencken, H. L. (Henry Louis), 1880-1956 [Author of introduction, etc.]; Fassett, Jacob S. (Jacob Sloat), 1889-1973 [Translator]; Phillips, Frances L. [Translator]
PG67628	Philosophy	uploaded	Youth and Life	Bourne, Randolph Silliman, 1886-1918
PG18972	Fiction	uploaded	Zadig; Or, The Book of Fate	Voltaire, 1694-1778
PG43273	Religion	uploaded	Zen Buddhism, and Its Relation to Art	Waley, Arthur, 1889-1966
PG44118	Religion	uploaded	Zones of the Spirit: A Book of Thoughts	Strindberg, August, 1849-1912; Babillotte, Arthur, 1887-1916 [Commentator]; Field, Claud, 1863-1941 [Translator]
PG54618	Philosophy	deferred_repair	Æsthetic as science of expression and general linguistic	Croce, Benedetto, 1866-1952; Ainslie, Douglas, 1865-1948 [Translator]
PG30433	Philosophy	uploaded	Émile; Or, Concerning Education; Extracts	Rousseau, Jean-Jacques, 1712-1778; Steeg, Jules, 1836-1898 [Editor]; Worthington, Eleanor [Translator]
PG57829	Philosophy	deferred_repair	ΝΕΚΡΟΚΗΔΕΙΑ; Or, the Art of Embalming; Wherein Is Shewn the Right of Burial, and Funeral Ceremonies, Especially That of Preserving Bodies After the Egyptian Method. Together With an Account of the Egyptian Mummies, Pyramids, Subterranean Vaults and Lamps, and Their Opinion of the Metempsychosis, the Cause of Their Embalming. As Also a Geographical Description of Egypt, the Rise and Course of the Nile, the Temper, Constitution and Physic of the Inhabitants, Their Inventions, Arts, Sciences, Stupendous Works and Sepulchres, and Other Curious Observations Any Ways Relating to the Physiology and Knowledge of This Art.	Greenhill, Thomas, 1681-1740?
PG19292	Psychology	uploaded	‘Abdu'l-Bahá's Tablet to Dr. Forel	ʻAbdu'l-Bahá, 1844-1921
